nombre,telefono,direccion,latitud,longitud,municipio,categoria
Wings & Fries Co. - Morovis,,"PR-137 KM 13.7, Morovis, 00687, Puerto Rico",18.3279415,-66.4235672,Morovis,Restaurantes
Big Krazy,,"8HCR+2WR, Morovis, 00687, Puerto Rico",18.320121,-66.40772299999999,Morovis,Restaurantes
El Barrilito Bar & Rest.,,"PR-137, Morovis, 00687, Puerto Rico",18.3326482,-66.4275265,Morovis,Restaurantes
"Casa Bavaria @ Morovis, PR",,"State Rte 155, Morovis, 00687, Puerto Rico",18.2838914,-66.40095219999999,Morovis,Restaurantes
La Ruta Bar & Restaurant,,"622-652 Cll Armando Mejías, Morovis, 00687, Puerto Rico",18.3400715,-66.4214248,Morovis,Restaurantes
Molcajete Morovis,,"Km. 2.2 PR-6622, Morovis, 00687, Puerto Rico",18.3228791,-66.405656,Morovis,Restaurantes
Lechonera BAJARI,,"Carretera 155, Bo km 44.8, Morovis, 00687, Puerto Rico",18.3105752,-66.4088769,Morovis,Restaurantes
Grandpa's Seasoning,,"8HCV+22P, PR-137, Morovis, 00687, Puerto Rico",18.3200876,-66.4074179,Morovis,Restaurantes
The Spur Restaurant,,"PR634 Km 4.3, Morovis, 00687, Puerto Rico",18.3627838,-66.4163966,Morovis,Restaurantes
El Ventorrillo de Abuelo Bar & Grill,,"8J88+4PJ, Morovis, 00687, Puerto Rico",18.3153471,-66.38324,Morovis,Jangueo
Asador Don Pablo,,"Carr. 155 Km. 41.9 Bo, Morovis 00687, Puerto Rico",18.2949141,-66.4089176,Morovis,Restaurantes
Encantos Restaurant & Wine Bar,,"30 Cll Principal, Morovis, 00687, Puerto Rico",18.3259159,-66.40628099999999,Morovis,Restaurantes
Maelo Chicken Fever,,"KM. 54.3, State Rte 155, Morovis 00687, Puerto Rico",18.3531855,-66.4372814,Morovis,Restaurantes
The Tasty One,,"8HGV+446, Calle Pascual Melendez, Morovis, 00687, Puerto Rico",18.3252931,-66.4072322,Morovis,Restaurantes
The Little Corner 3,,"8HHC+CF, Franquez, Morovis 00687, Puerto Rico",18.3285967,-66.428743,Morovis,Restaurantes
Los Hermanos Sport Bar & Grill.,,"Km0.2 PR-6622, Morovis, 00687, Puerto Rico",18.3199119,-66.4162989,Morovis,Jangueo
La Playita,,"7HXR+62V, State Rte 155, Morovis, 00687, Puerto Rico",18.2981143,-66.4099501,Morovis,Restaurantes
El Descuadre,,"State Rte 155 KM 35.6, Morovis, 00687, Puerto Rico",18.272571,-66.3954254,Morovis,Restaurantes
Señor Alitas,,"Bo, PR-159 km 0.7, Morovis, 00687, Puerto Rico",18.3257896,-66.3998901,Morovis,Restaurantes
Col. La Moca Cafe,,"Hc01 Box 2400, Morovis, 00687, Puerto Rico",18.3034782,-66.39163719999999,Morovis,Restaurantes
La Parrilla Burger & Pizza,,"17 Cll Principal, Morovis, 00687, Puerto Rico",18.3258021,-66.408185,Morovis,Restaurantes
El Cofresí,,"Morovis, 00687, Puerto Rico",18.2814375,-66.4021875,Morovis,Restaurantes
Cabra Loca,,"7HMX+9VR, State Rte 155, Morovis, 00687, Puerto Rico",18.2834751,-66.4003701,Morovis,Restaurantes
El Nuevo Cantinflas,,"8HHV+M8G, State Rte 155, Morovis 00687, Puerto Rico",18.329198,-66.4066723,Morovis,Restaurantes
Cafetin Los Amigos,,"State Rte 155, Orocovis, Morovis 00687, Puerto Rico",18.2741565,-66.3943398,Morovis,Restaurantes
La Tasca,,"Morovis, 00687, Puerto Rico",18.325785,-66.4065592,Morovis,Restaurantes
Rancho El Desahogo,,"Carrera #145 km 0.9 Bo, Ciales, 00638, Puerto Rico",18.3354588,-66.4639582,Morovis,Restaurantes
Vagoneando,,"BarrioOrocovis, 155, km 29.8, Orocovis, 00720, Puerto Rico",18.2348875,-66.3945021,Morovis,Restaurantes
Restaurante La Sombra (Longanizas Doña María),,"PR-156, Orocovis, 00720, Puerto Rico",18.2234532,-66.3748069,Morovis,Restaurantes
Pa'l Campo,,"Hc 01 box 2007 bo, Morovis 00687, Puerto Rico",18.2784932,-66.4044967,Morovis,Restaurantes
"Algo Lindo Restaurant, Bar & Grill",,"Bo, Ciales, 00638, Puerto Rico",18.3374599,-66.46493389999999,Morovis,Jangueo
Ruta Típica,,"entrada hacia Franquez!, Carretera #137 Estatal Moravis Puerto Rico,en dirección Sur a la izquierda, Morovis, 00687, Puerto Rico",18.3228736,-66.4122043,Morovis,Restaurantes
La Zona By. BaristAlo,,"expreso #137, Morovis, 00687, Puerto Rico",18.3200775,-66.4095013,Morovis,Coffee Shops
Magdalena’s Coffee House,,"19 Cll Del Carmen, Morovis, 00687, Puerto Rico",18.3261061,-66.4067993,Morovis,Coffee Shops
Augustos coffee bar,,"PR-137 km 10.1, Morovis, 00687, Puerto Rico",18.3626135,-66.4269628,Morovis,Coffee Shops
Grandpa's Seasoning,,"8HCV+22P, PR-137, Morovis, 00687, Puerto Rico",18.3200876,-66.4074179,Morovis,Coffee Shops
Café y Más,,"C. Marginal, Vega Baja, 00693, Puerto Rico",18.4469797,-66.39344799999999,Morovis,Coffee Shops
Riocafé,,"23 C. 4 de Julio, Orocovis, 00720, Puerto Rico",18.2274321,-66.3917364,Morovis,Coffee Shops
Col. La Moca Cafe,,"Hc01 Box 2400, Morovis, 00687, Puerto Rico",18.3034782,-66.39163719999999,Morovis,Coffee Shops
Sofi's Sweet Bakery,,"9H68+FGH, State Rte 155, Morovis, 00687, Puerto Rico",18.3611857,-66.4336435,Morovis,Coffee Shops
Sabor Frappé - Morovis,,"8HHG+6JM, PR-137, Morovis, 00687, Puerto Rico",18.3280947,-66.4234492,Morovis,Coffee Shops
MR Burger,,"2088 PR-633, Morovis, 00687, Puerto Rico",18.3545208,-66.4381325,Morovis,Coffee Shops
Nani’s Sweet Bakery,,"Carr. 619 km 0.4 00687, Morovis, 00687, Puerto Rico",18.3155776,-66.3909233,Morovis,Coffee Shops
FinCafé Coffee Shop,,"Carretera 149, Ciales, 00638, Puerto Rico",18.2809942,-66.5101298,Morovis,Coffee Shops
K-feína Coffee Shop Manatí,,"PR-64Sxtfg3, Manatí, 00674, Puerto Rico",18.3792624,-66.4835458,Morovis,Coffee Shops
Café Licor,,"7J34+W3G, Orocovis, 00720, Puerto Rico",18.2548031,-66.3947984,Morovis,Coffee Shops
Carmen Ice Cream Shop,,"4 Cll Principal, Morovis, 00687, Puerto Rico",18.3259021,-66.4069092,Morovis,Coffee Shops
Wings & Fries Co. - Morovis,,"PR-137 KM 13.7, Morovis, 00687, Puerto Rico",18.3279415,-66.4235672,Morovis,Coffee Shops
El Cofresí,,"Morovis, 00687, Puerto Rico",18.2814375,-66.4021875,Morovis,Coffee Shops
Aromas of Coffee,,"Paseo Lineal Juan Antonio Corretjer, Ciales, 00638, Puerto Rico",18.3543869,-66.4697901,Morovis,Coffee Shops
La Ruta Bar & Restaurant,,"622-652 Cll Armando Mejías, Morovis, 00687, Puerto Rico",18.3400715,-66.4214248,Morovis,Restaurantes
Frappe Morovis Guagita Blanca,,"8HCP+HWC, Morovis 00687, Puerto Rico",18.3214382,-66.4127247,Morovis,Coffee Shops
Encantos Restaurant & Wine Bar,,"30 Cll Principal, Morovis, 00687, Puerto Rico",18.3259159,-66.40628099999999,Morovis,Restaurantes
Luna Coffee & Latin Kitchen,,"352 Av. Américo Miranda, San Juan, 00927, Puerto Rico",18.3996731,-66.0681191,Morovis,Coffee Shops
Carmita,,"8H5R+99, Morovis, 00687, Puerto Rico",18.3084401,-66.4090757,Morovis,Coffee Shops
Café Pangea PR,,"Carr. 149, Barrio Km. 19.0, Ciales, 00638, Puerto Rico",18.3036401,-66.4788324,Morovis,Coffee Shops
The Mini Market Pond,,"199-171 Calle Jose Del Rio, Morovis, 00687, Puerto Rico",18.3374702,-66.4297893,Morovis,Coffee Shops
"The Argentinean in Morovis, town branch",,"PR-155 KM 47.0, Morovis, 00687, Puerto Rico",18.328366,-66.4067556,Morovis,Coffee Shops
Café Morena,,"Bo KM 26.1, Dorado 00646, Puerto Rico",18.4058133,-66.290256,Morovis,Coffee Shops
Morovis To Go,,"PR-618, Morovis, 00687, Puerto Rico",18.3093328,-66.4015318,Morovis,Coffee Shops
Morena Coffee Express,,"PR-176 KM 1.4, San Juan, 00926, Puerto Rico",18.3808964,-66.0557651,Morovis,Coffee Shops
Buenas Vibras Café and Restaurant,,"00720, Orocovis, 00720, Puerto Rico",18.248346,-66.42124199999999,Morovis,Restaurantes
Sin Prisa Coffee Shop,,"1804 C. Loíza, San Juan, 00911, Puerto Rico",18.4514175,-66.05944769999999,Morovis,Coffee Shops
The Tasty One,,"8HGV+446, Calle Pascual Melendez, Morovis, 00687, Puerto Rico",18.3252931,-66.4072322,Morovis,Coffee Shops
LA ARGENTINA FOOD TRUCK,,"8H53+6V, Morovis, 00687, Puerto Rico",18.3080625,-66.4453125,Morovis,Coffee Shops
Favorite Kitchen,,"00687, Morovis, 00687, Puerto Rico",18.3193332,-66.4125141,Morovis,Coffee Shops
El Castillo De La Reposteria,,"180 PR-155 suite 4, Morovis, 00687, Puerto Rico",18.323108,-66.40631499999999,Morovis,Coffee Shops
Espresso Lab Coffee Shop,,"8020 Tartak St Hyatt Centric San Juan, Lobby, 8020 José M. Tartak Ave, Carolina, 00979, Puerto Rico",18.4406718,-66.02198229999999,Morovis,Coffee Shops
D’Marys Pizza & Sweet Bakery,,"Sector La linea, Morovis, 00687, Puerto Rico",18.3220469,-66.4221498,Morovis,Coffee Shops
Hacienda San Pedro,,"1350 Ashford Ave, San Juan, 00907, Puerto Rico",18.4550466,-66.0690455,Morovis,Coffee Shops
Mambo Frappe,,"8HPF+C6R, Morovis, 00687, Puerto Rico",18.3361213,-66.42696889999999,Morovis,Coffee Shops
Molcajete Morovis,,"Km. 2.2 PR-6622, Morovis, 00687, Puerto Rico",18.3228791,-66.405656,Morovis,Coffee Shops
Hacienda San Pedro,,"211 Av. Ing. Manuel Domenech, San Juan, 00918, Puerto Rico",18.4151705,-66.0601792,Morovis,Coffee Shops
MAR ACAI SPOT,,"2 Calle Almacio Gonzalez, Morovis, 00687, Puerto Rico",18.3258916,-66.4064346,Morovis,Coffee Shops
Colmado Vista Alegre (Papo Perez),,"Km. 1.3, PR-618, Morovis 00687, Puerto Rico",18.3092418,-66.3984548,Morovis,Coffee Shops
Cafetin Los Amigos,,"State Rte 155, Orocovis, Morovis 00687, Puerto Rico",18.2741565,-66.3943398,Morovis,Coffee Shops
Cafeliz,,"Toa Alta, 00953, Puerto Rico",18.3896782,-66.25327170000001,Morovis,Coffee Shops
El Flamboyán,,"173, km 2.2, Carretera Patron, Morovis, 00687, Puerto Rico",18.3333271,-66.3981211,Morovis,Coffee Shops
"Fusion Coffee, Brunch & Restaurant",,"Carretera 944 Km 2.9, Gurabo, 00778, Puerto Rico",18.2650411,-65.9416983,Morovis,Restaurantes
Boca Boca Generales,,"CX43+5XH, San Juan, 00923, Puerto Rico",18.4053911,-66.0449995,Morovis,Coffee Shops
Café Comunión,,"1616 PR-25, San Juan, 00909, Puerto Rico",18.4439231,-66.0657765,Morovis,Coffee Shops
Café Consciente,,"171 C. O'Neill, San Juan, 00918, Puerto Rico",18.4229816,-66.0624776,Morovis,Coffee Shops
Museo Agrocultural de Morovis,,"Calle Buena Vis km 47.5, Morovis, 00687, Puerto Rico",18.3294221,-66.4067984,Morovis,Coffee Shops
Veronica's Bakery,,"Puerto Rico 2, 00674, Manatí 00674, Puerto Rico",18.4358307,-66.4646437,Morovis,Coffee Shops
EmpanadisimasPR,,"GK-44, Av. Roberto Sánchez Vilella, Carolina, 00982, Puerto Rico",18.4126819,-65.9982888,Morovis,Coffee Shops
Hacienda San Pedro,,"318 Avenida José de Diego, San Juan, 00923, Puerto Rico",18.4469101,-66.0679083,Morovis,Coffee Shops
Gustos Coffee,,"CXPV+97M, Arrivals Ave, Carolina, 00979, Puerto Rico",18.4360159,-66.0072387,Morovis,Coffee Shops
Paolo's Coffee,,"401 C. del Parque, San Juan, 00912, Puerto Rico",18.4452617,-66.0658325,Morovis,Coffee Shops
Tierra Adentro Coffee Shop,,"Calle Sta. Águeda, San Juan, 00926, Puerto Rico",18.3740435,-66.0543423,Morovis,Coffee Shops
Gustos Coffee Co. Miramar,,"950 Av. Juan Ponce de León suite 105, San Juan, 00907, Puerto Rico",18.4539744,-66.0799162,Morovis,Coffee Shops
Sugarcane juice,,"9H37+627, State Rte 155, Ciales, Morovis 00687, Puerto Rico",18.3530382,-66.43745919999999,Morovis,Coffee Shops
Don Ruiz Coffee - Freshmart,,"201 Calle Juan Kalaf, San Juan, 00918, Puerto Rico",18.4265331,-66.0709703,Morovis,Coffee Shops
Sofi's Sweet Bakery,,"9H68+FGH, State Rte 155, Morovis, 00687, Puerto Rico",18.3611857,-66.4336435,Morovis,Panaderías
Mario's Bakery,,"8HGV+QG4, State Rte 155, Morovis, 00687, Puerto Rico",18.3268876,-66.4061588,Morovis,Panaderías
Nani’s Sweet Bakery,,"Carr. 619 km 0.4 00687, Morovis, 00687, Puerto Rico",18.3155776,-66.3909233,Morovis,Panaderías
Barahona Bakery,,"9H44+9F4, Barahona, Morovis 00687, Puerto Rico",18.3558767,-66.44379099999999,Morovis,Panaderías
El Castillo De La Reposteria,,"180 PR-155 suite 4, Morovis, 00687, Puerto Rico",18.323108,-66.40631499999999,Morovis,Panaderías
PANADERÍA PAN FACTORY,,"34-42 PR-2, Vega Alta, Vega Baja 00692, Puerto Rico",18.4380827,-66.352004,Morovis,Panaderías
Wings & Fries Co. - Morovis,,"PR-137 KM 13.7, Morovis, 00687, Puerto Rico",18.3279415,-66.4235672,Morovis,Jangueo
Señor Alitas,,"Bo, PR-159 km 0.7, Morovis, 00687, Puerto Rico",18.3257896,-66.3998901,Morovis,Jangueo
Los Hermanos Sport Bar & Grill.,,"Km0.2 PR-6622, Morovis, 00687, Puerto Rico",18.3199119,-66.4162989,Morovis,Jangueo
La Ruta Bar & Restaurant,,"622-652 Cll Armando Mejías, Morovis, 00687, Puerto Rico",18.3400715,-66.4214248,Morovis,Restaurantes
Chinchorro El Malango,,"8H8M+P7G, PR-617, Morovis, 00687, Puerto Rico",18.3168184,-66.4167825,Morovis,Jangueo
El Rincon De Felo,,"8H4M+3XV, Morovis 00687, Puerto Rico",18.3052282,-66.415091,Morovis,Jangueo
La Playita,,"7HXR+62V, State Rte 155, Morovis, 00687, Puerto Rico",18.2981143,-66.4099501,Morovis,Jangueo
Cabra Loca,,"7HMX+9VR, State Rte 155, Morovis, 00687, Puerto Rico",18.2834751,-66.4003701,Morovis,Jangueo
Encantos Restaurant & Wine Bar,,"30 Cll Principal, Morovis, 00687, Puerto Rico",18.3259159,-66.40628099999999,Morovis,Restaurantes
El Eucalipto,,"8JFC+VMH, PR-159, Morovis, 00687, Puerto Rico",18.3246967,-66.3782598,Morovis,Jangueo
Las 40s Burger,,"8JHH+64C, Morovis 00687, Puerto Rico",18.3280612,-66.3722235,Morovis,Jangueo
El Descuadre,,"State Rte 155 KM 35.6, Morovis, 00687, Puerto Rico",18.272571,-66.3954254,Morovis,Jangueo
El Flamboyán,,"173, km 2.2, Carretera Patron, Morovis, 00687, Puerto Rico",18.3333271,-66.3981211,Morovis,Jangueo
"Casa Bavaria @ Morovis, PR",,"State Rte 155, Morovis, 00687, Puerto Rico",18.2838914,-66.40095219999999,Morovis,Jangueo
El Saborengue,,"Km. 1.4, PR-618, Morovis 00687, Puerto Rico",18.3095969,-66.3979767,Morovis,Jangueo
Pirulos Bar,,"7JX5+3G9, Morovis, 00687, Puerto Rico",18.2976532,-66.39112949999999,Morovis,Jangueo
El Barrilito Bar & Rest.,,"PR-137, Morovis, 00687, Puerto Rico",18.3326482,-66.4275265,Morovis,Jangueo
The Scrap,,"8HPJ+5R7, Morovis, 00687, Puerto Rico",18.3354085,-66.4179539,Morovis,Jangueo
Asador Don Pablo,,"Carr. 155 Km. 41.9 Bo, Morovis 00687, Puerto Rico",18.2949141,-66.4089176,Morovis,Jangueo
The Little Corner 3,,"8HHC+CF, Franquez, Morovis 00687, Puerto Rico",18.3285967,-66.428743,Morovis,Jangueo
Barafranca Picadera y Cerveceria,,"PR-634, Morovis 00687, Puerto Rico",18.362814,-66.41635939999999,Morovis,Jangueo
Molcajete Morovis,,"Km. 2.2 PR-6622, Morovis, 00687, Puerto Rico",18.3228791,-66.405656,Morovis,Jangueo
Maelo Chicken Fever,,"KM. 54.3, State Rte 155, Morovis 00687, Puerto Rico",18.3531855,-66.4372814,Morovis,Jangueo
Rancho Torres Morovis Puerto Rico,,"8H3J+GX6, PR-6616, Morovis, 00687, Puerto Rico",18.303797,-66.4175997,Morovis,Jangueo
"Algo Lindo Restaurant, Bar & Grill",,"Bo, Ciales, 00638, Puerto Rico",18.3374599,-66.46493389999999,Morovis,Jangueo
Capelli Salon,,"HC-01 Box 1912, Morovis, 00687, Puerto Rico",18.3247752,-66.4083809,Morovis,Jangueo
Suly's Little Corner,,"8JGG+J3, Morovis, 00687, Puerto Rico",18.3266334,-66.37477369999999,Morovis,Jangueo
El Ventorrillo de Abuelo Bar & Grill,,"8J88+4PJ, Morovis, 00687, Puerto Rico",18.3153471,-66.38324,Morovis,Jangueo
Colmado Bar Cafetín El Flamboyán Since 1972,,"C. 7, Morovis, 00687, Puerto Rico",18.3286762,-66.374014,Morovis,Jangueo
Agencia Hípica 410 “La Buchaca Sport Bar & Grill”,,"Km. 1.0 PR-6622, Morovis, 00687, Puerto Rico",18.3208651,-66.4181062,Morovis,Jangueo
Lechonera BAJARI,,"Carretera 155, Bo km 44.8, Morovis, 00687, Puerto Rico",18.3105752,-66.4088769,Morovis,Jangueo
Cata Viva,,"8 Cll Principal, Morovis, 00687, Puerto Rico",18.3258908,-66.40651729999999,Morovis,Jangueo
The Flight Park,,"CXPQ+R5G, Carolina, 00979, Puerto Rico",18.4370595,-66.01203989999999,Morovis,Jangueo
El Nuevo Cantinflas,,"8HHV+M8G, State Rte 155, Morovis 00687, Puerto Rico",18.329198,-66.4066723,Morovis,Jangueo
Tito and Olga's Terrace,,"8H3J+GX6, PR-6616, Morovis, 00687, Puerto Rico",18.303741,-66.41664899999999,Morovis,Jangueo
Alcaldía Sport Bar,,"1006 Av. Juan Ponce de León, San Juan, 00924, Puerto Rico",18.4009876,-66.05229510000001,Morovis,Jangueo
The Humble Sport Bar,,"8J49+H7, Morovis, 00687, Puerto Rico",18.3064088,-66.3818645,Morovis,Jangueo
Pa'l puente sport bar,,"PR-567, Morovis, 00687, Puerto Rico",18.3033602,-66.43716180000001,Morovis,Jangueo
El Túnel Lucky Cash,,"El Tunel Car Wash, Av. 65 de Infantería, San Juan, 00926, Puerto Rico",18.3943359,-66.03405130000002,Morovis,Jangueo
Colmado y Bar La Gran Parada,,"7JH4+8R2, Morovis, 00687, Puerto Rico",18.2782727,-66.3929893,Morovis,Jangueo
Yoly's Café,,"C288+4P2, PR-190, Carolina, 00983, Puerto Rico",18.4152575,-65.98323429999999,Morovis,Jangueo
The Stream,,"8H37+C52, Morovis 00687, Puerto Rico",18.3035189,-66.43710999999999,Morovis,Jangueo
Wido's Pub,,"8H86+3PQ, Fránquez, Morovis 00687, Puerto Rico",18.3152137,-66.4381938,Morovis,Jangueo
Mojitos Solution Bar & Rest.,,"796 Av. Roberto Sánchez Vilella, San Juan, 00924, Puerto Rico",18.4080781,-66.0017149,Morovis,Jangueo
Studio 54,,"C298+3R9, Carolina, 00983, Puerto Rico",18.4176681,-65.9828899,Morovis,Jangueo
El Mercadito de Luly,,"World Plaza, 268 Av. Luis Muñoz Rivera, San Juan, 00919, Puerto Rico",18.4241186,-66.0588422,Morovis,Jangueo
El Ocho de Rio,,"102 Av. Universidad, San Juan, 00925, Puerto Rico",18.4029734,-66.05471949999999,Morovis,Jangueo
El CAPORAL,,"9XWJ+M53, San Juan, 00924, Puerto Rico",18.3966413,-66.01958619999999,Morovis,Jangueo
HighlevelSportbar,,"825 Ave Iturregui, San Juan, 00924, Puerto Rico",18.411787,-66.009216,Morovis,Jangueo
Ven Pa' Qué Gozes,,"1003 Calle Los Angeles, San Juan, 00923, Puerto Rico",18.4003697,-66.03720489999999,Morovis,Jangueo
El Punto 8 Sport Bar,,"901 Cll Hypolais, San Juan, 00924, Puerto Rico",18.4083342,-66.0077283,Morovis,Jangueo
El Caney Restaurant,,"Carr. 149 Bo. Pesas Km 21, 6, Ciales 00638, Puerto Rico",18.2960735,-66.4962884,Morovis,Restaurantes
The Three Mangoes Farm,,"8JHH+C5F, C. Los 40, Bo, Morovis 00687, Puerto Rico",18.3285681,-66.3720682,Morovis,Jangueo
Piel Kanela,,"Parcelas Hill Brother, 375 Calle 11, Río Piedras, San Juan 00924, Puerto Rico",18.3945066,-66.0215245,Morovis,Jangueo
Refill Sport Bar,,"990 C. Eider, San Juan, 00924, Puerto Rico",18.4043149,-66.00402679999999,Morovis,Jangueo
La Esquina de Diego,,"553 Calle de Diego, San Juan, 00901, Puerto Rico",18.3977908,-66.0311442,Morovis,Jangueo
Perico's Pub,,"CW2F+FMP, Av. Américo Miranda, San Juan, 00921, Puerto Rico",18.4012161,-66.075802,Morovis,Jangueo
Triángulo,,"75 C. Arzuaga, San Juan, 00925, Puerto Rico",18.3979964,-66.05010109999999,Morovis,Jangueo
Ruta Típica,,"entrada hacia Franquez!, Carretera #137 Estatal Moravis Puerto Rico,en dirección Sur a la izquierda, Morovis, 00687, Puerto Rico",18.3228736,-66.4122043,Morovis,Jangueo
Pa’L Monte de Villalba,,"4F3M+GW, 18 103805655592993, -66.51497056994464, Villalba, 00766, Puerto Rico",18.1036893,-66.5150379,Morovis,Jangueo
Otro Burger,,"Carr. 155km, bo #48.1, Morovis, 00687, Puerto Rico",18.334061,-66.4086963,Morovis,Food Trucks
FELO'S FOOD TRUCK,,"playa, Vega Baja 00693, Puerto Rico",18.4897406,-66.3989244,Morovis,Food Trucks
Pedrona Food Truck,,"CARR 863, Pajaros, Toa Baja 00949, Puerto Rico",18.3935111,-66.2005472,Morovis,Food Trucks
LA ARGENTINA FOOD TRUCK,,"8H53+6V, Morovis, 00687, Puerto Rico",18.3080625,-66.4453125,Morovis,Food Trucks
Alex Food Truck,,"Bo Km 6.2, Vega Baja 00693, Puerto Rico",18.3886299,-66.42343240000001,Morovis,Food Trucks
La 42 Food Truck Park,,"Carr Puerto Rico 2 km 42.2, Vega Baja, 00693, Puerto Rico",18.4422978,-66.42437939999999,Morovis,Food Trucks
Sabores Criollos Food Truck,,"CHVM+GXM, Vega Baja, 00693, Puerto Rico",18.4438473,-66.4150746,Morovis,Food Trucks
Miramar Food Truck Park,,"1006 Av. de la Constitución, San Juan, 00907, Puerto Rico",18.4531242,-66.07851149999999,Morovis,Food Trucks
Isabela Food Truck Park,,"111 PR-2, Isabela, 00662, Puerto Rico",18.4730905,-67.0146833,Morovis,Food Trucks
Cupey Food Truck Park,,"PR-176, antes calle Tejas, Ave Victor M Labiosa, San Juan, 00926, Puerto Rico",18.375297,-66.05441569999999,Morovis,Food Trucks
Leña Eh Food Truck,,"1006 PR-25, San Juan, 00901, Puerto Rico",18.4530985,-66.0785191,Morovis,Food Trucks
Con-Tenedores Food Truck Park,,"45WP+3RH, Bo, Humacao, 00791, Puerto Rico",18.1451794,-65.8128978,Morovis,Food Trucks
Pa’l Yunque Food Park,,"96CJ+583, 34 1 min, Palmer, Río Grande 00745, Puerto Rico",18.3704101,-65.7692679,Morovis,Food Trucks
Sabores Gourmet Criollo (Food Truck),,"CRWH+4G2, Levittown, Toa Baja 00949, Puerto Rico",18.445304,-66.1719884,Morovis,Food Trucks
D’licias Food Truck,,"barrio puerto blanco, Florida, 00650, Puerto Rico",18.389643,-66.576973,Morovis,Food Trucks
Enhorabuena Food Truck,,"km 25.7 bo PR-115, Aguada, 00602, Puerto Rico",18.3904312,-67.1661314,Morovis,Food Trucks
Wings & Fries Co. - Morovis,,"PR-137 KM 13.7, Morovis, 00687, Puerto Rico",18.3279415,-66.4235672,Morovis,Food Trucks
La Revancha foodtruck,,"PR-2, Vega Baja, 00693, Puerto Rico",18.4425118,-66.4243193,Morovis,Food Trucks
J’s Pizza Food Truck,,"166 Las Cumbres Ave, Guaynabo, 00969, Puerto Rico",18.3610439,-66.1146907,Morovis,Food Trucks
Piscolabis Food Truck,,"CPCJ+8JX, Maguayo, Dorado 00646, Puerto Rico",18.4208719,-66.2683869,Morovis,Food Trucks
La Ruta Bar & Restaurant,,"622-652 Cll Armando Mejías, Morovis, 00687, Puerto Rico",18.3400715,-66.4214248,Morovis,Restaurantes
Bistruck PR,,"PR-2 km 42.2, Vega Baja, 00693, Puerto Rico",18.4424166,-66.4248125,Morovis,Food Trucks
Food Street,,"1319 Avenida F.D. Roosevelt, San Juan, 00920, Puerto Rico",18.4137549,-66.0903902,Morovis,Food Trucks
Jobos Food Stop,,"GW77+3HW, Isabela 00662, Puerto Rico",18.512738,-67.0860507,Morovis,Food Trucks
Fuego sobre Ruedas Food Truck,,"FHQW+FX2, C. Mar y Sol, Vega Baja 00693, Puerto Rico",18.488647,-66.4026191,Morovis,Food Trucks
La argentina,,"8HGV+9C4, Morovis, 00687, Puerto Rico",18.3258916,-66.4064346,Morovis,Food Trucks
Las Jibaritas Food Truck,,"Expreso Trujillo Alto, #181 Urb. Lago Alto, San Juan, Trujillo Alto 00926, Puerto Rico",18.3649428,-66.00714839999999,Morovis,Food Trucks
Food Truck Park,,"166 PR-199, Guaynabo, 00969, Puerto Rico",18.3610604,-66.11528609999999,Morovis,Food Trucks
Grandpa's Seasoning,,"8HCV+22P, PR-137, Morovis, 00687, Puerto Rico",18.3200876,-66.4074179,Morovis,Food Trucks
Los Mini Pastelitos,,"carr. 159 K 0.5, Morovis, 00687, Puerto Rico",18.325567,-66.401765,Morovis,Food Trucks
La Chuby Sandwiches,,"8HFP+MQQ, PR-137, Morovis, 00687, Puerto Rico",18.3242052,-66.4130157,Morovis,Food Trucks
Maelo Chicken Fever,,"KM. 54.3, State Rte 155, Morovis 00687, Puerto Rico",18.3531855,-66.4372814,Morovis,Food Trucks
La Chulada Foodtruck,,"La Peseta, km2.0 Av. Alejandrino, Guaynabo, 00969, Puerto Rico",18.3647064,-66.0986716,Morovis,Food Trucks
Food Trucks,,"C. Comercio, San Juan, 00902, Puerto Rico",18.4636504,-66.114226,Morovis,Food Trucks
Bebes Food Truck,,"8GQM+77C, Ciales, 00638, Puerto Rico",18.3382204,-66.4667903,Morovis,Food Trucks
Caguas Food Park,,"190 Ave Bairoa, Caguas, 00725, Puerto Rico",18.2587044,-66.0382711,Morovis,Food Trucks
Lechonera BAJARI,,"Carretera 155, Bo km 44.8, Morovis, 00687, Puerto Rico",18.3105752,-66.4088769,Morovis,Food Trucks
Los Compis Food Truck,,"Carretera 779 Kilometro 7.3 Barrio, Comerío 00782, Puerto Rico",18.2313874,-66.2591877,Morovis,Food Trucks
Cangrejeros Food Truck Park,,"154 C. Eugenio Benítez Castaño, San Juan, 00911, Puerto Rico",18.4483937,-66.0572605,Morovis,Food Trucks
Sabor de meche Food truck,,"107 Cll Popular, Caño Martin Peña, San Juan 00917, Puerto Rico",18.4287377,-66.0574127,Morovis,Food Trucks
Señor Alitas,,"Bo, PR-159 km 0.7, Morovis, 00687, Puerto Rico",18.3257896,-66.3998901,Morovis,Food Trucks
El Ventorrillo de Abuelo Bar & Grill,,"8J88+4PJ, Morovis, 00687, Puerto Rico",18.3153471,-66.38324,Morovis,Jangueo
Rincon del Sabor,,"PR-200 km 0.6, Florida, Vieques 00765, Puerto Rico",18.1412059,-65.4545648,Morovis,Food Trucks
Encantos Restaurant & Wine Bar,,"30 Cll Principal, Morovis, 00687, Puerto Rico",18.3259159,-66.40628099999999,Morovis,Restaurantes
Food Truck Hot Dogs,,"CWGQ+CM9, San Juan, 00918, Puerto Rico",18.4260299,-66.0607812,Morovis,Food Trucks
Shorebreak,,"FJR2+2CQ, Carr. 686, Vega Baja 00693, Puerto Rico",18.4900807,-66.3988806,Morovis,Food Trucks
El Descuadre,,"State Rte 155 KM 35.6, Morovis, 00687, Puerto Rico",18.272571,-66.3954254,Morovis,Food Trucks
El Barrilito Bar & Rest.,,"PR-137, Morovis, 00687, Puerto Rico",18.3326482,-66.4275265,Morovis,Food Trucks
Burritos and Tacos Yiyo 2,,"9H44+X35, PR-633, Morovis, 00687, Puerto Rico",18.3573936,-66.4447662,Morovis,Food Trucks
Asador Don Pablo,,"Carr. 155 Km. 41.9 Bo, Morovis 00687, Puerto Rico",18.2949141,-66.4089176,Morovis,Food Trucks
Puerto Nuevo Food Truck Park,,"1321 Avenida F.D. Roosevelt #1323, San Juan, 00920, Puerto Rico",18.4137659,-66.0903952,Morovis,Food Trucks
La Cala Seafood,,"PR-818, Corozal, 00783, Puerto Rico",18.3434651,-66.3250399,Morovis,Food Trucks
Carlitos Pollos #2,,"PR-137 km 13.5, Morovis, 00687, Puerto Rico",18.3259051,-66.4186696,Morovis,Food Trucks
Lechonera El Expresso 137,,"8HVH+4CC, PR-137, Morovis, 00687, Puerto Rico",18.3428092,-66.421477,Morovis,Food Trucks
La Preñá - Calle Loíza,,"1810 C. Loíza, San Juan, 00911, Puerto Rico",18.4513787,-66.0591603,Morovis,Food Trucks
Papelón con Limón,,"Plaza de Palmar, 9V6P+C5H, Guaynabo, 00971, Puerto Rico",18.3610677,-66.114519,Morovis,Food Trucks
Parque Santurce / Antojos Burger Truck/ Perú Rico Food Truck,,"634 Cll Ernesto Cerra, San Juan, 00907, Puerto Rico",18.4510741,-66.07966139999999,Morovis,Food Trucks
Clementina Food Spot,,"Urb, 400 C. San Claudio, San Juan, 00926, Puerto Rico",18.3780415,-66.0509605,Morovis,Food Trucks
"Casa Bavaria @ Morovis, PR",,"State Rte 155, Morovis, 00687, Puerto Rico",18.2838914,-66.40095219999999,Morovis,Food Trucks
Yummy Dumplings,,"FW3C+6HX, Ave Arterial Hostos, San Juan, 00918, Puerto Rico",18.4531203,-66.078515,Morovis,Food Trucks
Carmen Ice Cream Shop,,"4 Cll Principal, Morovis, 00687, Puerto Rico",18.3259021,-66.4069092,Morovis,Postres
Sabor Frappé - Morovis,,"8HHG+6JM, PR-137, Morovis, 00687, Puerto Rico",18.3280947,-66.4234492,Morovis,Postres
Los Mini Pastelitos,,"carr. 159 K 0.5, Morovis, 00687, Puerto Rico",18.325567,-66.401765,Morovis,Postres
Nani’s Sweet Bakery,,"Carr. 619 km 0.4 00687, Morovis, 00687, Puerto Rico",18.3155776,-66.3909233,Morovis,Postres
Mario's Bakery,,"8HGV+QG4, State Rte 155, Morovis, 00687, Puerto Rico",18.3268876,-66.4061588,Morovis,Postres
Sofi's Sweet Bakery,,"9H68+FGH, State Rte 155, Morovis, 00687, Puerto Rico",18.3611857,-66.4336435,Morovis,Postres
El Castillo De La Reposteria,,"180 PR-155 suite 4, Morovis, 00687, Puerto Rico",18.323108,-66.40631499999999,Morovis,Postres
Grandpa's Seasoning,,"8HCV+22P, PR-137, Morovis, 00687, Puerto Rico",18.3200876,-66.4074179,Morovis,Postres
Limber's La Curvita 137,,"Carr 137 Km 14.5, Morovis, 00687, Puerto Rico",18.325267,-66.4174829,Morovis,Postres
Wings & Fries Co. - Morovis,,"PR-137 KM 13.7, Morovis, 00687, Puerto Rico",18.3279415,-66.4235672,Morovis,Jangueo
Chinchorro El Malango,,"8H8M+P7G, PR-617, Morovis, 00687, Puerto Rico",18.3168184,-66.4167825,Morovis,Jangueo
El Descuadre,,"State Rte 155 KM 35.6, Morovis, 00687, Puerto Rico",18.272571,-66.3954254,Morovis,Jangueo
Pirulos Bar,,"7JX5+3G9, Morovis, 00687, Puerto Rico",18.2976532,-66.39112949999999,Morovis,Jangueo
El Barrilito Bar & Rest.,,"PR-137, Morovis, 00687, Puerto Rico",18.3326482,-66.4275265,Morovis,Jangueo
La 26 Sport and Grill,,"7JG5+647, Morovis, 00687, Puerto Rico",18.2752923,-66.3908777,Morovis,Jangueo
Encantos Restaurant & Wine Bar,,"30 Cll Principal, Morovis, 00687, Puerto Rico",18.3259159,-66.40628099999999,Morovis,Restaurantes
La Ruta Bar & Restaurant,,"622-652 Cll Armando Mejías, Morovis, 00687, Puerto Rico",18.3400715,-66.4214248,Morovis,Restaurantes
Wings & Fries Co. - Morovis,,"PR-137 KM 13.7, Morovis, 00687, Puerto Rico",18.3279415,-66.4235672,Morovis,Jangueo
El Barrilito Bar & Rest.,,"PR-137, Morovis, 00687, Puerto Rico",18.3326482,-66.4275265,Morovis,Jangueo
La Ruta Bar & Restaurant,,"622-652 Cll Armando Mejías, Morovis, 00687, Puerto Rico",18.3400715,-66.4214248,Morovis,Restaurantes
Big Krazy,,"8HCR+2WR, Morovis, 00687, Puerto Rico",18.320121,-66.40772299999999,Morovis,Jangueo
Encantos Restaurant & Wine Bar,,"30 Cll Principal, Morovis, 00687, Puerto Rico",18.3259159,-66.40628099999999,Morovis,Restaurantes
"Casa Bavaria @ Morovis, PR",,"State Rte 155, Morovis, 00687, Puerto Rico",18.2838914,-66.40095219999999,Morovis,Jangueo
Los Hermanos Sport Bar & Grill.,,"Km0.2 PR-6622, Morovis, 00687, Puerto Rico",18.3199119,-66.4162989,Morovis,Jangueo
Asador Don Pablo,,"Carr. 155 Km. 41.9 Bo, Morovis 00687, Puerto Rico",18.2949141,-66.4089176,Morovis,Jangueo
La Playita,,"7HXR+62V, State Rte 155, Morovis, 00687, Puerto Rico",18.2981143,-66.4099501,Morovis,Jangueo
El Descuadre,,"State Rte 155 KM 35.6, Morovis, 00687, Puerto Rico",18.272571,-66.3954254,Morovis,Jangueo
Lechonera BAJARI,,"Carretera 155, Bo km 44.8, Morovis, 00687, Puerto Rico",18.3105752,-66.4088769,Morovis,Jangueo
Señor Alitas,,"Bo, PR-159 km 0.7, Morovis, 00687, Puerto Rico",18.3257896,-66.3998901,Morovis,Jangueo
Chinchorro El Malango,,"8H8M+P7G, PR-617, Morovis, 00687, Puerto Rico",18.3168184,-66.4167825,Morovis,Jangueo
El Ventorrillo de Abuelo Bar & Grill,,"8J88+4PJ, Morovis, 00687, Puerto Rico",18.3153471,-66.38324,Morovis,Jangueo
The Little Corner 3,,"8HHC+CF, Franquez, Morovis 00687, Puerto Rico",18.3285967,-66.428743,Morovis,Jangueo
Cabra Loca,,"7HMX+9VR, State Rte 155, Morovis, 00687, Puerto Rico",18.2834751,-66.4003701,Morovis,Jangueo
Maelo Chicken Fever,,"KM. 54.3, State Rte 155, Morovis 00687, Puerto Rico",18.3531855,-66.4372814,Morovis,Jangueo
The Spur Restaurant,,"PR634 Km 4.3, Morovis, 00687, Puerto Rico",18.3627838,-66.4163966,Morovis,Restaurantes
The Tasty One,,"8HGV+446, Calle Pascual Melendez, Morovis, 00687, Puerto Rico",18.3252931,-66.4072322,Morovis,Jangueo
Col. La Moca Cafe,,"Hc01 Box 2400, Morovis, 00687, Puerto Rico",18.3034782,-66.39163719999999,Morovis,Jangueo
Pa’l Yunque Food Park,,"96CJ+583, 34 1 min, Palmer, Río Grande 00745, Puerto Rico",18.3704101,-65.7692679,Morovis,Jangueo
Mattarello Morovis,,"180 PR-155 suite 4, Morovis, 00687, Puerto Rico",18.3236038,-66.4062108,Morovis,Jangueo
Molcajete Morovis,,"Km. 2.2 PR-6622, Morovis, 00687, Puerto Rico",18.3228791,-66.405656,Morovis,Jangueo
Perras K-lientes,,"CRVG+W26, Av. Los Dominicos, Mansión del Mar, Toa Baja 00949, Puerto Rico",18.4447798,-66.17497329999999,Morovis,Jangueo
Grandpa's Seasoning,,"8HCV+22P, PR-137, Morovis, 00687, Puerto Rico",18.3200876,-66.4074179,Morovis,Jangueo
La Tasca,,"Morovis, 00687, Puerto Rico",18.325785,-66.4065592,Morovis,Jangueo
El Saborengue,,"Km. 1.4, PR-618, Morovis 00687, Puerto Rico",18.3095969,-66.3979767,Morovis,Jangueo
La Parrilla Burger & Pizza,,"17 Cll Principal, Morovis, 00687, Puerto Rico",18.3258021,-66.408185,Morovis,Jangueo
Los Mini Pastelitos,,"carr. 159 K 0.5, Morovis, 00687, Puerto Rico",18.325567,-66.401765,Morovis,Jangueo
Under The Mango Rest,,"PR-633, Ciales, Morovis 00687, Puerto Rico",18.3634205,-66.4537947,Morovis,Jangueo
Edwin Pincho's,,"Barahona, Morovis 00687, Puerto Rico",18.3580466,-66.4463646,Morovis,Jangueo
El Caney Restaurant,,"Carr. 149 Bo. Pesas Km 21, 6, Ciales 00638, Puerto Rico",18.2960735,-66.4962884,Morovis,Restaurantes
Con-Tenedores Food Truck Park,,"45WP+3RH, Bo, Humacao, 00791, Puerto Rico",18.1451794,-65.8128978,Morovis,Jangueo
Marco's Pizza,,"Morovis, 00687, Puerto Rico",18.3282908,-66.4242253,Morovis,Jangueo
LA ARGENTINA FOOD TRUCK,,"8H53+6V, Morovis, 00687, Puerto Rico",18.3080625,-66.4453125,Morovis,Jangueo
Carlitos Pollos #2,,"PR-137 km 13.5, Morovis, 00687, Puerto Rico",18.3259051,-66.4186696,Morovis,Jangueo
Cafeliz,,"Toa Alta, 00953, Puerto Rico",18.3896782,-66.25327170000001,Morovis,Jangueo
Piscolabis Food Truck,,"CPCJ+8JX, Maguayo, Dorado 00646, Puerto Rico",18.4208719,-66.2683869,Morovis,Jangueo
Pirulos Bar,,"7JX5+3G9, Morovis, 00687, Puerto Rico",18.2976532,-66.39112949999999,Morovis,Jangueo
The Scrap,,"8HPJ+5R7, Morovis, 00687, Puerto Rico",18.3354085,-66.4179539,Morovis,Jangueo
El Nuevo Cantinflas,,"8HHV+M8G, State Rte 155, Morovis 00687, Puerto Rico",18.329198,-66.4066723,Morovis,Jangueo
El Rincon De Felo,,"8H4M+3XV, Morovis 00687, Puerto Rico",18.3052282,-66.415091,Morovis,Jangueo
Ruta Típica,,"entrada hacia Franquez!, Carretera #137 Estatal Moravis Puerto Rico,en dirección Sur a la izquierda, Morovis, 00687, Puerto Rico",18.3228736,-66.4122043,Morovis,Jangueo
Alejandro's Health Food,,"31-63 Cll Principal, Morovis, 00687, Puerto Rico",18.3258156,-66.4070071,Morovis,Jangueo
La Chuby Sandwiches,,"8HFP+MQQ, PR-137, Morovis, 00687, Puerto Rico",18.3242052,-66.4130157,Morovis,Jangueo
El Desvío Sports Bar and Restaurant,,"6CG4+4GW, PR-5141, Jayuya, 00664, Puerto Rico",18.2253608,-66.5936694,Morovis,Restaurantes
El Flamboyán,,"173, km 2.2, Carretera Patron, Morovis, 00687, Puerto Rico",18.3333271,-66.3981211,Morovis,Jangueo
Frappe Morovis Guagita Blanca,,"8HCP+HWC, Morovis 00687, Puerto Rico",18.3214382,-66.4127247,Morovis,Jangueo
Colmado Vista Alegre (Papo Perez),,"Km. 1.3, PR-618, Morovis 00687, Puerto Rico",18.3092418,-66.3984548,Morovis,Jangueo
Rancho El Desahogo,,"Carrera #145 km 0.9 Bo, Ciales, 00638, Puerto Rico",18.3354588,-66.4639582,Morovis,Jangueo
El Sabor Jayuyano,,"6C96+M9G, Paseo Los Maestros, Jayuya, 00664, Puerto Rico",18.219175,-66.5890403,Morovis,Jangueo
Magdalena’s Coffee House,,"19 Cll Del Carmen, Morovis, 00687, Puerto Rico",18.3261061,-66.4067993,Morovis,Jangueo
Rancho Torres Morovis Puerto Rico,,"8H3J+GX6, PR-6616, Morovis, 00687, Puerto Rico",18.303797,-66.4175997,Morovis,Jangueo
Patria Mia,,"loma massini, Cll Eucalipto, Jayuya, 00664, Puerto Rico",18.2207517,-66.591478,Morovis,Jangueo
Augustos coffee bar,,"PR-137 km 10.1, Morovis, 00687, Puerto Rico",18.3626135,-66.4269628,Morovis,Jangueo
Hazel Bar,,"1000 122 The Mall of San Juan Blvd, San Juan, 00926, Puerto Rico",18.4124925,-66.02525179999999,Morovis,Jangueo
"Algo Lindo Restaurant, Bar & Grill",,"Bo, Ciales, 00638, Puerto Rico",18.3374599,-66.46493389999999,Morovis,Jangueo
Nani’s Sweet Bakery,,"Carr. 619 km 0.4 00687, Morovis, 00687, Puerto Rico",18.3155776,-66.3909233,Morovis,Jangueo
Morovis To Go,,"PR-618, Morovis, 00687, Puerto Rico",18.3093328,-66.4015318,Morovis,Jangueo
Ikakos Bar and Restaurant,,"No. 3, Calle Cambimbora, Naguabo, 00718, Puerto Rico",18.1894134,-65.71365469999999,Naguabo,Restaurantes
Los Makos,,"Húcares, Naguabo 00718, Puerto Rico",18.1881691,-65.7112714,Naguabo,Restaurantes
Super Benjy's Potatoes Taco & Grill,,"Super Benjys potatoes taco & grill, Naguabo, 00744, Puerto Rico",18.2147012,-65.7326107,Naguabo,Restaurantes
El Makito,,"57QQ+5F5, PR-3, Naguabo, 00718, Puerto Rico",18.1878958,-65.7112678,Naguabo,Restaurantes
Vinny's Restaurant,,"57QQ+9FF, Húcares, Naguabo 00718, Puerto Rico",18.1884326,-65.7113282,Naguabo,Restaurantes
Super Benyi's Cousine,,"PR-3, Naguabo, 00718, Puerto Rico",18.1892731,-65.7125236,Naguabo,Restaurantes
Pelikanos Bar & Restaurant,,"3 Bda. Playa Hucares, Naguabo, 00718, Puerto Rico",18.1856047,-65.70898389999999,Naguabo,Restaurantes
Karakoles Restaurant & Bar,,"Naguabo, 00718, Puerto Rico",18.1894375,-65.7134375,Naguabo,Restaurantes
El Navegante Rest. Naguabo,,"PR-3 km 66.8, Naguabo, 00718, Puerto Rico",18.1894304,-65.7133145,Naguabo,Restaurantes
Red’s Place PR,,"Al lado del dealer Toyota, Naguabo, 00718, Puerto Rico",18.2138459,-65.73860379999999,Naguabo,Restaurantes
Coco's Restaurant,,"La Fanduca #138, Naguabo, 00718, Puerto Rico",18.1847589,-65.7073436,Naguabo,Restaurantes
Super Benjy's Cuisine,,"S/n Encima del, PR-3, Naguabo, 00718, Puerto Rico",18.1892673,-65.7125236,Naguabo,Restaurantes
Señor Ándale - Naguabo,,"#15 Calle Muñoz Rivera, Naguabo, 00718, Puerto Rico",18.2116434,-65.7355081,Naguabo,Restaurantes
TerraVento,,"PR-3 KM 66.8, Naguabo, 00718, Puerto Rico",18.1894239,-65.7129748,Naguabo,Restaurantes
Bobby's Place,,"Playa Hucares Carr #3 Naguabo, Naguabo, 00718, Puerto Rico",18.1895089,-65.7141896,Naguabo,Restaurantes
Vista Karibe Restaurant,,"57QP+R95, Naguabo, 00718, Puerto Rico",18.1895291,-65.7140355,Naguabo,Restaurantes
Chumar Restaurant,,"57QP+Q7W, Naguabo 00718, Puerto Rico",18.189489,-65.7142841,Naguabo,Restaurantes
El Coral Pescadería,,"PR-3, Naguabo, 00718, Puerto Rico",18.1891969,-65.7121113,Naguabo,Restaurantes
Noelia's,,"65XX+F4G, PR-191, Naguabo, 00718, Puerto Rico",18.2486974,-65.8021818,Naguabo,Restaurantes
Malecón de Naguabo,,"57QP+QMW, Naguabo, 00718, Puerto Rico",18.1894384,-65.71333729999999,Naguabo,Restaurantes
La Botana,,"Callejon Mendoza, Naguabo, 00718, Puerto Rico",18.2153693,-65.82304909999999,Naguabo,Restaurantes
ODD KITCHEN / Cocina Libre,,"PR-3, Naguabo, 00718, Puerto Rico",18.1894448,-65.71304380000001,Naguabo,Restaurantes
Aromas de Kaffa,,"Calle 2 Bloque A-2, Villa Del Rosario, Naguabo 00718, Puerto Rico",18.2148914,-65.73319240000001,Naguabo,Restaurantes
"Paseo Tablado ""El Malecón de Naguabo""",,"57QP+MHH, PR-3, Naguabo, 00718, Puerto Rico",18.1891992,-65.71351469999999,Naguabo,Restaurantes
LA CARBONERA 2,,"PR-3 KM 69.5, Naguabo, 00718, Puerto Rico",18.1871034,-65.71067049999999,Naguabo,Restaurantes
Rain Sugar & Cyber Cafe,,"45 Calle Juan R. Garzot, Naguabo, 00718, Puerto Rico",18.2141609,-65.7307677,Naguabo,Coffee Shops
Panadería Family Bakery,,"42 Calle Juan R. Garzot, Naguabo, 00718, Puerto Rico",18.2133751,-65.7358051,Naguabo,Coffee Shops
Aromas de Kaffa,,"Calle 2 Bloque A-2, Villa Del Rosario, Naguabo 00718, Puerto Rico",18.2148914,-65.73319240000001,Naguabo,Coffee Shops
Re-nacer Coffee Blessed,,"PR-3, Naguabo, 00718, Puerto Rico",18.2034292,-65.71053359999999,Naguabo,Coffee Shops
Red’s Place PR,,"Al lado del dealer Toyota, Naguabo, 00718, Puerto Rico",18.2138459,-65.73860379999999,Naguabo,Coffee Shops
Family Nutrition Spot by Tanily,,"22 Calle Baldorioty, Naguabo, 00718, Puerto Rico",18.2127559,-65.7346024,Naguabo,Coffee Shops
Super Benjy's Potatoes Taco & Grill,,"Super Benjys potatoes taco & grill, Naguabo, 00744, Puerto Rico",18.2147012,-65.7326107,Naguabo,Coffee Shops
JULYS PLACE BAR CAFE,,"P.O.Box 296, Naguabo, 00718, Puerto Rico",18.2117624,-65.7380046,Naguabo,Coffee Shops
Nany’s Cake,,"17 Calle Muñoz Rivera, Naguabo, 00718, Puerto Rico",18.2115841,-65.7353033,Naguabo,Coffee Shops
El Sabroso,,"19 Calle Muñoz Rivera, Naguabo, 00718, Puerto Rico",18.2115518,-65.73597,Naguabo,Coffee Shops
Katyhanna’s coffee,,"658H+36R, Peña Pobre, Naguabo 00718, Puerto Rico",18.215247,-65.8219953,Naguabo,Coffee Shops
El Kafé,,"PR-924, Humacao, 00791, Puerto Rico",18.1480719,-65.8257624,Naguabo,Coffee Shops
Noelia's,,"65XX+F4G, PR-191, Naguabo, 00718, Puerto Rico",18.2486974,-65.8021818,Naguabo,Coffee Shops
Dnuevo Coffee Specialty,,"Santiago Iglesias #1501, Guaynabo, 00966, Puerto Rico",18.3797821,-66.0998987,Naguabo,Coffee Shops
Luna Coffee & Latin Kitchen,,"352 Av. Américo Miranda, San Juan, 00927, Puerto Rico",18.3996731,-66.0681191,Naguabo,Coffee Shops
NutriBodies Herbalife Naguabo y San Sebastian,,"Calle 3 Urb. Juan Mendoza 1-f, Naguabo, 00718, Puerto Rico",18.2148698,-65.73550709999999,Naguabo,Coffee Shops
El Navegante Rest. Naguabo,,"PR-3 km 66.8, Naguabo, 00718, Puerto Rico",18.1894304,-65.7133145,Naguabo,Coffee Shops
Sin Prisa Coffee Shop,,"1804 C. Loíza, San Juan, 00911, Puerto Rico",18.4514175,-66.05944769999999,Naguabo,Coffee Shops
Supermercados Econo - Naguabo,,"Carr. # 31 Km. 3.3 Int, Calle Juan R. Garzot, Naguabo, 00718, Puerto Rico",18.2143922,-65.7354692,Naguabo,Coffee Shops
Los Makos,,"Húcares, Naguabo 00718, Puerto Rico",18.1881691,-65.7112714,Naguabo,Coffee Shops
Tu Aposento De Bendición-Rafiel,,"6778+V7, Naguabo, 00718, Puerto Rico",18.214761,-65.7344385,Naguabo,Coffee Shops
Ikakos Bar and Restaurant,,"No. 3, Calle Cambimbora, Naguabo, 00718, Puerto Rico",18.1894134,-65.71365469999999,Naguabo,Restaurantes
Masa & Fuego El Rincon de la Empanada Food Truck,,"Carr. 31, Naguabo, 00718, Puerto Rico",18.2138633,-65.7307952,Naguabo,Coffee Shops
RICO PAN BAKERY 2,,"96CM+W2, Palmer, Río Grande 00745, Puerto Rico",18.3723208,-65.7673909,Naguabo,Coffee Shops
Morena Coffee Express,,"PR-176 KM 1.4, San Juan, 00926, Puerto Rico",18.3808964,-66.0557651,Naguabo,Coffee Shops
Super Benyi's Cousine,,"PR-3, Naguabo, 00718, Puerto Rico",18.1892731,-65.7125236,Naguabo,Coffee Shops
JJ's Food Truck,,"Carr #31, Naguabo, 00718, Puerto Rico",18.213275,-65.74052569999999,Naguabo,Coffee Shops
Ralph's Food Warehouse,,"6787+53Q, PR-31, Naguabo, 00718, Puerto Rico",18.2154537,-65.7372573,Naguabo,Coffee Shops
El Rincón Del Pincho,,"Calle Ruiz Belvis, Naguabo, 00718, Puerto Rico",18.2129073,-65.7344352,Naguabo,Coffee Shops
Vinny's Restaurant,,"57QQ+9FF, Húcares, Naguabo 00718, Puerto Rico",18.1884326,-65.7113282,Naguabo,Restaurantes
Sweet and Heavenly Café,,"Edif. Carrion, Plaza Gurabo, PR-189, Gurabo, 00778, Puerto Rico",18.2504354,-65.9622121,Naguabo,Coffee Shops
JN Sport Bar,,"44 Calle Celis Aguilera, Naguabo, 00718, Puerto Rico",18.2116612,-65.7372831,Naguabo,Coffee Shops
Espresso Lab Coffee Shop,,"8020 Tartak St Hyatt Centric San Juan, Lobby, 8020 José M. Tartak Ave, Carolina, 00979, Puerto Rico",18.4406718,-66.02198229999999,Naguabo,Coffee Shops
Hacienda San Pedro,,"211 Av. Ing. Manuel Domenech, San Juan, 00918, Puerto Rico",18.4151705,-66.0601792,Naguabo,Coffee Shops
EmpanadisimasPR,,"GK-44, Av. Roberto Sánchez Vilella, Carolina, 00982, Puerto Rico",18.4126819,-65.9982888,Naguabo,Coffee Shops
Adverly's sweet,,"Puerto Rico carr.31, Naguabo, 00718, Puerto Rico",18.2143689,-65.73016419999999,Naguabo,Coffee Shops
Panadería Family Bakery,,"42 Calle Juan R. Garzot, Naguabo, 00718, Puerto Rico",18.2133751,-65.7358051,Naguabo,Panaderías
Higüerillo Bakery,,"Int. 950 km 0.0, Naguabo, 00718, Puerto Rico",18.2182995,-65.8289449,Naguabo,Panaderías
Rain Sugar & Cyber Cafe,,"45 Calle Juan R. Garzot, Naguabo, 00718, Puerto Rico",18.2141609,-65.7307677,Naguabo,Panaderías
Pepe's Bakery,,"1-13 Calle Vizcarrondo, Naguabo, 00718, Puerto Rico",18.2088978,-65.7336717,Naguabo,Panaderías
Rio Blanco Bakery,,"6697+99J, Río Blanco, Naguabo 00718, Puerto Rico",18.2184517,-65.7866004,Naguabo,Panaderías
Nany’s Cake,,"17 Calle Muñoz Rivera, Naguabo, 00718, Puerto Rico",18.2115841,-65.7353033,Naguabo,Panaderías
Palmas Bake & Deli,,"PR-3, Buena Vista, Humacao 00791, Puerto Rico",18.1134926,-65.8217622,Naguabo,Panaderías
Red’s Place PR,,"Al lado del dealer Toyota, Naguabo, 00718, Puerto Rico",18.2138459,-65.73860379999999,Naguabo,Jangueo
Ikakos Bar and Restaurant,,"No. 3, Calle Cambimbora, Naguabo, 00718, Puerto Rico",18.1894134,-65.71365469999999,Naguabo,Restaurantes
Pelikanos Bar & Restaurant,,"3 Bda. Playa Hucares, Naguabo, 00718, Puerto Rico",18.1856047,-65.70898389999999,Naguabo,Restaurantes
Coco's Restaurant,,"La Fanduca #138, Naguabo, 00718, Puerto Rico",18.1847589,-65.7073436,Naguabo,Restaurantes
Karakoles Restaurant & Bar,,"Naguabo, 00718, Puerto Rico",18.1894375,-65.7134375,Naguabo,Restaurantes
Señor Ándale - Naguabo,,"#15 Calle Muñoz Rivera, Naguabo, 00718, Puerto Rico",18.2116434,-65.7355081,Naguabo,Jangueo
El Botecito Bar & Grill,,"Malecon, playa hucares carr no.3, Naguabo, 00718, Puerto Rico",18.1877226,-65.7109213,Naguabo,Jangueo
Super Benjy's Potatoes Taco & Grill,,"Super Benjys potatoes taco & grill, Naguabo, 00744, Puerto Rico",18.2147012,-65.7326107,Naguabo,Jangueo
Los Makos,,"Húcares, Naguabo 00718, Puerto Rico",18.1881691,-65.7112714,Naguabo,Jangueo
Bobby's Place,,"Playa Hucares Carr #3 Naguabo, Naguabo, 00718, Puerto Rico",18.1895089,-65.7141896,Naguabo,Jangueo
JULYS PLACE BAR CAFE,,"P.O.Box 296, Naguabo, 00718, Puerto Rico",18.2117624,-65.7380046,Naguabo,Jangueo
El Almendrito de Naguabo musica en vivo,,"57QF+293, PR-3, Naguabo, 00718, Puerto Rico",18.1875158,-65.7265831,Naguabo,Jangueo
Spot 812,,"R 950 carr. 31 KM 9.7, Río Blanco, Naguabo 00718, Puerto Rico",18.2176787,-65.7895513,Naguabo,Jangueo
El Navegante Rest. Naguabo,,"PR-3 km 66.8, Naguabo, 00718, Puerto Rico",18.1894304,-65.7133145,Naguabo,Jangueo
JN Sport Bar,,"44 Calle Celis Aguilera, Naguabo, 00718, Puerto Rico",18.2116612,-65.7372831,Naguabo,Jangueo
Pito's Sport Bar,,"11-1 Calle Goyco, Naguabo, 00718, Puerto Rico",18.2126026,-65.73386719999999,Naguabo,Jangueo
Vinny's Restaurant,,"57QQ+9FF, Húcares, Naguabo 00718, Puerto Rico",18.1884326,-65.7113282,Naguabo,Restaurantes
Super Benjy's Cuisine,,"S/n Encima del, PR-3, Naguabo, 00718, Puerto Rico",18.1892673,-65.7125236,Naguabo,Jangueo
Super Benyi's Cousine,,"PR-3, Naguabo, 00718, Puerto Rico",18.1892731,-65.7125236,Naguabo,Jangueo
La Botana,,"Callejon Mendoza, Naguabo, 00718, Puerto Rico",18.2153693,-65.82304909999999,Naguabo,Jangueo
Cantina Tunilos,,"1 Calle Ruiz Belvis, Naguabo, 00718, Puerto Rico",18.212724,-65.7338958,Naguabo,Jangueo
LA CARBONERA 2,,"PR-3 KM 69.5, Naguabo, 00718, Puerto Rico",18.1871034,-65.71067049999999,Naguabo,Jangueo
TerraVento,,"PR-3 KM 66.8, Naguabo, 00718, Puerto Rico",18.1894239,-65.7129748,Naguabo,Jangueo
Red’s Place PR,,"Al lado del dealer Toyota, Naguabo, 00718, Puerto Rico",18.2138459,-65.73860379999999,Naguabo,Food Trucks
Estación 31 Food Truck,,"677C+H26, Naguabo, 00718, Puerto Rico",18.2137871,-65.7295925,Naguabo,Food Trucks
Masa & Fuego El Rincon de la Empanada Food Truck,,"Carr. 31, Naguabo, 00718, Puerto Rico",18.2138633,-65.7307952,Naguabo,Food Trucks
JJ's Food Truck,,"Carr #31, Naguabo, 00718, Puerto Rico",18.213275,-65.74052569999999,Naguabo,Food Trucks
Con-Tenedores Food Truck Park,,"45WP+3RH, Bo, Humacao, 00791, Puerto Rico",18.1451794,-65.8128978,Naguabo,Food Trucks
Super Benjy's Potatoes Taco & Grill,,"Super Benjys potatoes taco & grill, Naguabo, 00744, Puerto Rico",18.2147012,-65.7326107,Naguabo,Food Trucks
Taco Criollo Foodtruck,,"frente al Ralph’s de Naguabo, PR-3, Naguabo, 00718, Puerto Rico",18.2142186,-65.7374813,Naguabo,Food Trucks
Enjoy's Food's TruckAndCatering,,"Barrio, Naguabo 00718, Puerto Rico",18.2173026,-65.8267254,Naguabo,Food Trucks
Cupey Food Truck Park,,"PR-176, antes calle Tejas, Ave Victor M Labiosa, San Juan, 00926, Puerto Rico",18.375297,-66.05441569999999,Naguabo,Food Trucks
Food Truck Park,,"166 PR-199, Guaynabo, 00969, Puerto Rico",18.3610604,-66.11528609999999,Naguabo,Food Trucks
Carrito Y&G,,"6777+P3P, PR-31, Naguabo, 00718, Puerto Rico",18.2143477,-65.7373037,Naguabo,Food Trucks
Nany’s Cake,,"17 Calle Muñoz Rivera, Naguabo, 00718, Puerto Rico",18.2115841,-65.7353033,Naguabo,Postres
Super Benjy's Potatoes Taco & Grill,,"Super Benjys potatoes taco & grill, Naguabo, 00744, Puerto Rico",18.2147012,-65.7326107,Naguabo,Postres
Panadería Family Bakery,,"42 Calle Juan R. Garzot, Naguabo, 00718, Puerto Rico",18.2133751,-65.7358051,Naguabo,Postres
Fruit Paradise,,"6777+Q93, Naguabo, 00718, Puerto Rico",18.2143821,-65.7365798,Naguabo,Postres
Rain Sugar & Cyber Cafe,,"45 Calle Juan R. Garzot, Naguabo, 00718, Puerto Rico",18.2141609,-65.7307677,Naguabo,Postres
Pepe's Bakery,,"1-13 Calle Vizcarrondo, Naguabo, 00718, Puerto Rico",18.2088978,-65.7336717,Naguabo,Postres
Super Benjy's Cuisine,,"S/n Encima del, PR-3, Naguabo, 00718, Puerto Rico",18.1892673,-65.7125236,Naguabo,Postres
Re-nacer Coffee Blessed,,"PR-3, Naguabo, 00718, Puerto Rico",18.2034292,-65.71053359999999,Naguabo,Postres
Aromas de Kaffa,,"Calle 2 Bloque A-2, Villa Del Rosario, Naguabo 00718, Puerto Rico",18.2148914,-65.73319240000001,Naguabo,Postres
Quitchen Restaurant,,"25 Calle Juan R. Garzot, Naguabo, 00718, Puerto Rico",18.2121291,-65.7360637,Naguabo,Restaurantes
Ralph's Food Warehouse,,"6787+53Q, PR-31, Naguabo, 00718, Puerto Rico",18.2154537,-65.7372573,Naguabo,Postres
La Nueva Cabaña,,"678C+3CR, Naguabo, 00718, Puerto Rico",18.2152466,-65.7289697,Naguabo,Jangueo
Spot 812,,"R 950 carr. 31 KM 9.7, Río Blanco, Naguabo 00718, Puerto Rico",18.2176787,-65.7895513,Naguabo,Jangueo
Super Benjy's Potatoes Taco & Grill,,"Super Benjys potatoes taco & grill, Naguabo, 00744, Puerto Rico",18.2147012,-65.7326107,Naguabo,Jangueo
Ikakos Bar and Restaurant,,"No. 3, Calle Cambimbora, Naguabo, 00718, Puerto Rico",18.1894134,-65.71365469999999,Naguabo,Restaurantes
Pelikanos Bar & Restaurant,,"3 Bda. Playa Hucares, Naguabo, 00718, Puerto Rico",18.1856047,-65.70898389999999,Naguabo,Restaurantes
Los Makos,,"Húcares, Naguabo 00718, Puerto Rico",18.1881691,-65.7112714,Naguabo,Jangueo
Coco's Restaurant,,"La Fanduca #138, Naguabo, 00718, Puerto Rico",18.1847589,-65.7073436,Naguabo,Restaurantes
Bobby's Place,,"Playa Hucares Carr #3 Naguabo, Naguabo, 00718, Puerto Rico",18.1895089,-65.7141896,Naguabo,Jangueo
El Navegante Rest. Naguabo,,"PR-3 km 66.8, Naguabo, 00718, Puerto Rico",18.1894304,-65.7133145,Naguabo,Jangueo
El Makito,,"57QQ+5F5, PR-3, Naguabo, 00718, Puerto Rico",18.1878958,-65.7112678,Naguabo,Jangueo
Super Benyi's Cousine,,"PR-3, Naguabo, 00718, Puerto Rico",18.1892731,-65.7125236,Naguabo,Jangueo
La Botana,,"Callejon Mendoza, Naguabo, 00718, Puerto Rico",18.2153693,-65.82304909999999,Naguabo,Jangueo
Karakoles Restaurant & Bar,,"Naguabo, 00718, Puerto Rico",18.1894375,-65.7134375,Naguabo,Restaurantes
Super Benjy's Cuisine,,"S/n Encima del, PR-3, Naguabo, 00718, Puerto Rico",18.1892673,-65.7125236,Naguabo,Jangueo
Vinny's Restaurant,,"57QQ+9FF, Húcares, Naguabo 00718, Puerto Rico",18.1884326,-65.7113282,Naguabo,Restaurantes
Bianca Sport Bar,,"658G+6HQ, PR-31, Naguabo, 00718, Puerto Rico",18.2155894,-65.8235062,Naguabo,Jangueo
Super Benjy's Potatoes Taco & Grill,,"Super Benjys potatoes taco & grill, Naguabo, 00744, Puerto Rico",18.2147012,-65.7326107,Naguabo,Jangueo
Red’s Place PR,,"Al lado del dealer Toyota, Naguabo, 00718, Puerto Rico",18.2138459,-65.73860379999999,Naguabo,Jangueo
Ikakos Bar and Restaurant,,"No. 3, Calle Cambimbora, Naguabo, 00718, Puerto Rico",18.1894134,-65.71365469999999,Naguabo,Restaurantes
Pelikanos Bar & Restaurant,,"3 Bda. Playa Hucares, Naguabo, 00718, Puerto Rico",18.1856047,-65.70898389999999,Naguabo,Restaurantes
El Navegante Rest. Naguabo,,"PR-3 km 66.8, Naguabo, 00718, Puerto Rico",18.1894304,-65.7133145,Naguabo,Jangueo
Karakoles Restaurant & Bar,,"Naguabo, 00718, Puerto Rico",18.1894375,-65.7134375,Naguabo,Restaurantes
Señor Ándale - Naguabo,,"#15 Calle Muñoz Rivera, Naguabo, 00718, Puerto Rico",18.2116434,-65.7355081,Naguabo,Jangueo
Bobby's Place,,"Playa Hucares Carr #3 Naguabo, Naguabo, 00718, Puerto Rico",18.1895089,-65.7141896,Naguabo,Jangueo
Noelia's,,"65XX+F4G, PR-191, Naguabo, 00718, Puerto Rico",18.2486974,-65.8021818,Naguabo,Jangueo
El Makito,,"57QQ+5F5, PR-3, Naguabo, 00718, Puerto Rico",18.1878958,-65.7112678,Naguabo,Jangueo
Coco's Restaurant,,"La Fanduca #138, Naguabo, 00718, Puerto Rico",18.1847589,-65.7073436,Naguabo,Restaurantes
El Botecito Bar & Grill,,"Malecon, playa hucares carr no.3, Naguabo, 00718, Puerto Rico",18.1877226,-65.7109213,Naguabo,Jangueo
Super Benyi's Cousine,,"PR-3, Naguabo, 00718, Puerto Rico",18.1892731,-65.7125236,Naguabo,Jangueo
Los Makos,,"Húcares, Naguabo 00718, Puerto Rico",18.1881691,-65.7112714,Naguabo,Jangueo
TerraVento,,"PR-3 KM 66.8, Naguabo, 00718, Puerto Rico",18.1894239,-65.7129748,Naguabo,Jangueo
Vinny's Restaurant,,"57QQ+9FF, Húcares, Naguabo 00718, Puerto Rico",18.1884326,-65.7113282,Naguabo,Restaurantes
Cantina Tunilos,,"1 Calle Ruiz Belvis, Naguabo, 00718, Puerto Rico",18.212724,-65.7338958,Naguabo,Jangueo
Spot 812,,"R 950 carr. 31 KM 9.7, Río Blanco, Naguabo 00718, Puerto Rico",18.2176787,-65.7895513,Naguabo,Jangueo
La Botana,,"Callejon Mendoza, Naguabo, 00718, Puerto Rico",18.2153693,-65.82304909999999,Naguabo,Jangueo
El Coral Pescadería,,"PR-3, Naguabo, 00718, Puerto Rico",18.1891969,-65.7121113,Naguabo,Jangueo
El Almendrito de Naguabo musica en vivo,,"57QF+293, PR-3, Naguabo, 00718, Puerto Rico",18.1875158,-65.7265831,Naguabo,Jangueo
Danny's Pizza,,"25 Calle Juan R. Garzot, Naguabo, 00718, Puerto Rico",18.2131243,-65.7360727,Naguabo,Jangueo
Super Benjy's Cuisine,,"S/n Encima del, PR-3, Naguabo, 00718, Puerto Rico",18.1892673,-65.7125236,Naguabo,Jangueo
JN Sport Bar,,"44 Calle Celis Aguilera, Naguabo, 00718, Puerto Rico",18.2116612,-65.7372831,Naguabo,Jangueo
El Arrecife Sea Food,,"PR-3, Naguabo, 00718, Puerto Rico",18.1893878,-65.71412169999999,Naguabo,Jangueo
La Parrilla Brava,,"PR-31, Naguabo, 00718, Puerto Rico",18.2157935,-65.8237226,Naguabo,Jangueo
LA CARBONERA 2,,"PR-3 KM 69.5, Naguabo, 00718, Puerto Rico",18.1871034,-65.71067049999999,Naguabo,Jangueo
Re-nacer Coffee Blessed,,"PR-3, Naguabo, 00718, Puerto Rico",18.2034292,-65.71053359999999,Naguabo,Jangueo
Rincon del Sabor,,"PR-200 km 0.6, Florida, Vieques 00765, Puerto Rico",18.1412059,-65.4545648,Vieques,Restaurantes
Duffy's Esperanza,,"140 Calle Flamboyan, Vieques, 00765, Puerto Rico",18.0953642,-65.4734962,Vieques,Restaurantes
Rising Roost,,"110 C. Muñoz Rivera, Vieques, 00765, Puerto Rico",18.149322,-65.4426569,Vieques,Restaurantes
Lazy Jacks,,"61A Cll Orquideas, Vieques, 00765, Puerto Rico",18.0957221,-65.474739,Vieques,Restaurantes
Casa Nativo,,"Calle Antonio G Mellado 340-6, Vieques, 00765, Puerto Rico",18.1467349,-65.44121249999999,Vieques,Restaurantes
Restaurante El Norte,,"24 Calle Quino, Rodriguez, Vieques 00765, Puerto Rico",18.1527825,-65.4424882,Vieques,Restaurantes
Mango Taphouse and Gastropub,,"PR-201, KM 1.7, Vieques 00765, Puerto Rico",18.127161,-65.4627761,Vieques,Restaurantes
Lizzy’s Lunchbox,,"35 Calle Flamboyan, Vieques, 00765, Puerto Rico",18.0948932,-65.471786,Vieques,Restaurantes
Vieques Food Park,,"Carr 200 km 0.6, Florida, Vieques 00765, Puerto Rico",18.1409965,-65.45461379999999,Vieques,Restaurantes
Kristy's on the Caribe,,"62 Calle Flamboyan, Vieques, 00765, Puerto Rico",18.0958133,-65.47496,Vieques,Restaurantes
Biekes Bistro,,"340-01 Calle Antonio G. Mellado, Isabella II, Vieques, Vieques 00765, Puerto Rico",18.1469444,-65.4411111,Vieques,Restaurantes
Tin Box Vieques Restaurant and Bar,,"Route 996 & 201, Vieques, 00765, Puerto Rico",18.1158342,-65.47268199999999,Vieques,Restaurantes
The Mar Azul,,"577 calle germa riekhoff, Vieques, 00765, Puerto Rico",18.151083,-65.4429109,Vieques,Restaurantes
Placita,,"158 Calle Flamboyan, Vieques, 00765, Puerto Rico",18.0950507,-65.4716974,Vieques,Restaurantes
Mama Mia,,"Calle Antonio Mellado, Vieques, 00765, Puerto Rico",18.1471015,-65.4412423,Vieques,Restaurantes
Mesita,,"119 C. Muñoz Rivera, Vieques, 00765, Puerto Rico",18.1491906,-65.4429638,Vieques,Restaurantes
El Plaza Vieques,,"C. Carlos Lebron, Vieques, 00765, Puerto Rico",18.1492901,-65.44167279999999,Vieques,Restaurantes
Restaurante Bili,,"144 Calle Flamboyan, Vieques, 00765, Puerto Rico",18.0952928,-65.4731072,Vieques,Restaurantes
"Gracias, De Nada",,"Carr 997 KL 3.1, Puerto Ferro, Vieques 00765, Puerto Rico",18.1216672,-65.43815289999999,Vieques,Restaurantes
El Yate bar & Restaurant,,"Vieques, 00765, Puerto Rico",18.1528219,-65.4427843,Vieques,Restaurantes
Cundeamor Café y Restaurante,,"348 Antonio G Mellado, Vieques, 00765, Puerto Rico",18.1474187,-65.4410525,Vieques,Restaurantes
El Quenepo Vieques,,"148 Calle Flamboyan, Vieques, 00765, Puerto Rico",18.0951501,-65.47256,Vieques,Restaurantes
Rancho Choli,,"3GXG+296, Cll Almendro, Esperanza, Vieques 00765, Puerto Rico",18.0975409,-65.4741067,Vieques,Restaurantes
Arenamar SunBay's Cafe,,"SunBay beach, Esperanza, PR-997, Vieques, 00765, Puerto Rico",18.0970787,-65.4658716,Vieques,Restaurantes
"Trade Winds Bar & Restaurant, Guest House & Gift Shop",,"107 Calle Flamboyan, Vieques, 00765, Puerto Rico",18.0959796,-65.47559799999999,Vieques,Restaurantes
Fonda 765,,"59 Calle Baldorioty de Castro, Vieques, 00765, Puerto Rico",18.150244,-65.4427309,Vieques,Restaurantes
Aurora's Chicken & Grill,,"4GPV+X3V, PR-201, Florida, Vieques 00765, Puerto Rico",18.1374869,-65.45733659999999,Vieques,Restaurantes
D’Frozz,,"103 C. Muñoz Rivera, Vieques, 00765, Puerto Rico",18.1487803,-65.4420533,Vieques,Restaurantes
Robin’s Mojito Bar & Grill,,"Calle Flamboyan, Vieques, 00765, Puerto Rico",18.1000493,-65.4848777,Vieques,Jangueo
Bananas Beach Bar and Guesthouse,,"142 Calle Flamboyan, Esperanza, Vieques 00765, Puerto Rico",18.0953161,-65.4732511,Vieques,Restaurantes
Kalientito Bar & Rest,,"4HQ7+FCV, Puerto Ferro, Vieques 00765, Puerto Rico",18.1387251,-65.4364425,Vieques,Restaurantes
Taverna,,"453 Calle Carlos Lebrum, Vieques, 00765, Puerto Rico",18.1501235,-65.4412286,Vieques,Restaurantes
Carambola Restaurant,,"PR-997, Vieques, 00765, Puerto Rico",18.0965224,-65.48516719999999,Vieques,Restaurantes
Al Sartén,,"4HX5+JG3, C. Muñoz Rivera, Vieques, 00765, Puerto Rico",18.149021,-65.4411959,Vieques,Restaurantes
Isla Nena Crabwalk Cafe,,"4GM6+MPG, Florida, Vieques 00765, Puerto Rico",18.1341976,-65.4881565,Vieques,Restaurantes
Crab Island Rum Distillery,,"4FCF+PV, Vieques, 00765, Puerto Rico",18.1218201,-65.5256643,Vieques,Restaurantes
Martineau Belle Playa,,"W Hotel, KM HM 3.1 Road 200, Florida, Vieques 00765, Puerto Rico",18.1432101,-65.4678488,Vieques,Restaurantes
Mesita,,"119 C. Muñoz Rivera, Vieques, 00765, Puerto Rico",18.1491906,-65.4429638,Vieques,Coffee Shops
D’Frozz,,"103 C. Muñoz Rivera, Vieques, 00765, Puerto Rico",18.1487803,-65.4420533,Vieques,Coffee Shops
Marshmallow Candy & Coffee,,"461 Calle Carlos Lebrum, Vieques, 00765, Puerto Rico",18.1507223,-65.4409685,Vieques,Coffee Shops
La Palma Cafe and Bar,,"104 C. Muñoz Rivera, Vieques, 00765, Puerto Rico",18.1492324,-65.4423954,Vieques,Coffee Shops
La Heladería Joliette,,"337 Calle Antonio Mellado, Vieques, 00765, Puerto Rico",18.1466098,-65.4413194,Vieques,Coffee Shops
Vieques Coffee Roasters,,"563 Calle Richardson HC 2 Box 10258 9406 PR, Vieques, 00765, Puerto Rico",18.1525072,-65.4419166,Vieques,Coffee Shops
Rincón Del Café,,"Bo.monte santo, carretera 31, Vieques, 00765, Puerto Rico",18.1408106,-65.45457139999999,Vieques,Coffee Shops
Kristy's on the Caribe,,"62 Calle Flamboyan, Vieques, 00765, Puerto Rico",18.0958133,-65.47496,Vieques,Coffee Shops
Kfe En El Patio,,"200 Km 6.2 Martineau, Florida, Vieques 00765, Puerto Rico",18.1407741,-65.4602543,Vieques,Coffee Shops
Rising Roost,,"110 C. Muñoz Rivera, Vieques, 00765, Puerto Rico",18.149322,-65.4426569,Vieques,Coffee Shops
Cotorrito's Cafe,,"4GRV+5W8, Florida, Vieques 00765, Puerto Rico",18.1404144,-65.4551872,Vieques,Coffee Shops
Cundeamor Café y Restaurante,,"348 Antonio G Mellado, Vieques, 00765, Puerto Rico",18.1474187,-65.4410525,Vieques,Restaurantes
Lighthouse Convenience Store,,"10 Calle Benitez Guzman #18, Vieques, 00765, Puerto Rico",18.1504747,-65.4428696,Vieques,Coffee Shops
Panadería La Viequense,,"Calle Antonio Mellado, Vieques, 00765, Puerto Rico",18.1476535,-65.4410123,Vieques,Coffee Shops
Isla Nena Nutrition,,"497 Calle Baldorioty de Castro, Vieques, 00765, Puerto Rico",18.1488967,-65.443485,Vieques,Coffee Shops
Duffy's Esperanza,,"140 Calle Flamboyan, Vieques, 00765, Puerto Rico",18.0953642,-65.4734962,Vieques,Coffee Shops
Rancho Choli,,"3GXG+296, Cll Almendro, Esperanza, Vieques 00765, Puerto Rico",18.0975409,-65.4741067,Vieques,Coffee Shops
"Trade Winds Bar & Restaurant, Guest House & Gift Shop",,"107 Calle Flamboyan, Vieques, 00765, Puerto Rico",18.0959796,-65.47559799999999,Vieques,Restaurantes
Luna Coffee & Latin Kitchen,,"352 Av. Américo Miranda, San Juan, 00927, Puerto Rico",18.3996731,-66.0681191,Vieques,Coffee Shops
Family Market Vieques Centro Ahorros,,"102 C. Muñoz Rivera, Vieques, 00765, Puerto Rico",18.1489096,-65.44202229999999,Vieques,Coffee Shops
Isla Nena Crabwalk Cafe,,"4GM6+MPG, Florida, Vieques 00765, Puerto Rico",18.1341976,-65.4881565,Vieques,Coffee Shops
Jak Water Sports Bioluminescent Bay Tour & Rental,,"136 Calle Flamboyan, Carretera 996, Esperanza, Vieques 00765, Puerto Rico",18.0954041,-65.4738299,Vieques,Coffee Shops
Playa Negra Fine Foods,,"HC-02 # 14110 Carr. 201 KM 7.1, Vieques, 00765, Puerto Rico",18.0984221,-65.491455,Vieques,Coffee Shops
Colmado El Encanto,,"PR-201, 115 Cll Topacio, Vieques, 00765, Puerto Rico",18.1346481,-65.4580953,Vieques,Coffee Shops
Sin Prisa Coffee Shop,,"1804 C. Loíza, San Juan, 00911, Puerto Rico",18.4514175,-66.05944769999999,Vieques,Coffee Shops
Yerbabuena Y Mas ... Health Food Store,,"381 Calle Jose G. Sueiro, Vieques, 00765, Puerto Rico",18.1482978,-65.4417222,Vieques,Coffee Shops
PURA VIDA Island Cafe Vieques,,"315 C. Tintillos, Vieques, 00765, Puerto Rico",18.0971215,-65.47682379999999,Vieques,Coffee Shops
Morena Coffee Express,,"PR-176 KM 1.4, San Juan, 00926, Puerto Rico",18.3808964,-66.0557651,Vieques,Coffee Shops
Cafeteria El Serrucho,,"5H34+4WW, Cll Morropo, Vieques, 00765, Puerto Rico",18.1528702,-65.44266739999999,Vieques,Coffee Shops
Arenamar SunBay's Cafe,,"SunBay beach, Esperanza, PR-997, Vieques, 00765, Puerto Rico",18.0970787,-65.4658716,Vieques,Coffee Shops
Tin Box Vieques Restaurant and Bar,,"Route 996 & 201, Vieques, 00765, Puerto Rico",18.1158342,-65.47268199999999,Vieques,Restaurantes
Fres K Paleta Vieques,,"Carr. #200 BO KM 1.7, Vieques, 00765, Puerto Rico",18.1404185,-65.4551163,Vieques,Coffee Shops
Colmado el Mambo General Store,,"Puerto Rico, Carretera Destino-Esperanza, Vieques, 00765, Puerto Rico",18.1361279,-65.43387849999999,Vieques,Coffee Shops
Café Consciente,,"171 C. O'Neill, San Juan, 00918, Puerto Rico",18.4229816,-66.0624776,Vieques,Coffee Shops
Espresso Lab Coffee Shop,,"8020 Tartak St Hyatt Centric San Juan, Lobby, 8020 José M. Tartak Ave, Carolina, 00979, Puerto Rico",18.4406718,-66.02198229999999,Vieques,Coffee Shops
Vieques Fruits & Grocery Market,,"4HV5+MCM, PR-997, Vieques, 00765, Puerto Rico",18.1442028,-65.44145859999999,Vieques,Coffee Shops
La Gran Parada,,"4GRV+54Q, PR-201, Florida, Vieques 00765, Puerto Rico",18.140475,-65.4571502,Vieques,Coffee Shops
Panadería Lydia,,"10 Calle Benitez Guzman #18, Vieques, 00765, Puerto Rico",18.1504708,-65.4429274,Vieques,Coffee Shops
Café Comunión,,"1616 PR-25, San Juan, 00909, Puerto Rico",18.4439231,-66.0657765,Vieques,Coffee Shops
@Fresco Coffee Bar & Bistro,,"Calle 1 lote 15 Metro Office Park, Guaynabo, 00969, Puerto Rico",18.4161364,-66.1046902,Vieques,Coffee Shops
Hacienda San Pedro,,"1350 Ashford Ave, San Juan, 00907, Puerto Rico",18.4550466,-66.0690455,Vieques,Coffee Shops
Hacienda San Pedro,,"211 Av. Ing. Manuel Domenech, San Juan, 00918, Puerto Rico",18.4151705,-66.0601792,Vieques,Coffee Shops
Paolo's Coffee,,"401 C. del Parque, San Juan, 00912, Puerto Rico",18.4452617,-66.0658325,Vieques,Coffee Shops
Blac Flamingo Coffee,,"PR-250, C19 Sector La Romana, Culebra, 00775, Puerto Rico",18.3103929,-65.2949963,Vieques,Coffee Shops
Vieques Tropical Guest House,,"e41 C. Apolonia Gittings, Vieques, 00765, Puerto Rico",18.1460793,-65.4400759,Vieques,Coffee Shops
the red food truck,,"5H24+RXW, Vieques, 00765, Puerto Rico",18.1519413,-65.44267730000001,Vieques,Coffee Shops
Panadería La Viequense,,"Calle Antonio Mellado, Vieques, 00765, Puerto Rico",18.1476535,-65.4410123,Vieques,Panaderías
Panadería Lydia,,"10 Calle Benitez Guzman #18, Vieques, 00765, Puerto Rico",18.1504708,-65.4429274,Vieques,Panaderías
D’Frozz,,"103 C. Muñoz Rivera, Vieques, 00765, Puerto Rico",18.1487803,-65.4420533,Vieques,Panaderías
The Mar Azul,,"577 calle germa riekhoff, Vieques, 00765, Puerto Rico",18.151083,-65.4429109,Vieques,Jangueo
Duffy's Esperanza,,"140 Calle Flamboyan, Vieques, 00765, Puerto Rico",18.0953642,-65.4734962,Vieques,Jangueo
Lazy Jacks,,"61A Cll Orquideas, Vieques, 00765, Puerto Rico",18.0957221,-65.474739,Vieques,Jangueo
Mango Taphouse and Gastropub,,"PR-201, KM 1.7, Vieques 00765, Puerto Rico",18.127161,-65.4627761,Vieques,Jangueo
Biekes Bistro,,"340-01 Calle Antonio G. Mellado, Isabella II, Vieques, Vieques 00765, Puerto Rico",18.1469444,-65.4411111,Vieques,Jangueo
Mesita,,"119 C. Muñoz Rivera, Vieques, 00765, Puerto Rico",18.1491906,-65.4429638,Vieques,Jangueo
Robin’s Mojito Bar & Grill,,"Calle Flamboyan, Vieques, 00765, Puerto Rico",18.1000493,-65.4848777,Vieques,Jangueo
bar central,,"Calle #51 Antonio G Mellado, Vieques, 00765, Puerto Rico",18.148397,-65.44141019999999,Vieques,Jangueo
"Trade Winds Bar & Restaurant, Guest House & Gift Shop",,"107 Calle Flamboyan, Vieques, 00765, Puerto Rico",18.0959796,-65.47559799999999,Vieques,Restaurantes
Bar La Nasa,,"107 Calle Flamboyan, Vieques, 00765, Puerto Rico",18.0950504,-65.4731824,Vieques,Jangueo
Tin Box Vieques Restaurant and Bar,,"Route 996 & 201, Vieques, 00765, Puerto Rico",18.1158342,-65.47268199999999,Vieques,Restaurantes
Rincon del Sabor,,"PR-200 km 0.6, Florida, Vieques 00765, Puerto Rico",18.1412059,-65.4545648,Vieques,Jangueo
La Gran Parada,,"4GRV+54Q, PR-201, Florida, Vieques 00765, Puerto Rico",18.140475,-65.4571502,Vieques,Jangueo
Restaurante El Norte,,"24 Calle Quino, Rodriguez, Vieques 00765, Puerto Rico",18.1527825,-65.4424882,Vieques,Restaurantes
Casa Nativo,,"Calle Antonio G Mellado 340-6, Vieques, 00765, Puerto Rico",18.1467349,-65.44121249999999,Vieques,Jangueo
Kristy's on the Caribe,,"62 Calle Flamboyan, Vieques, 00765, Puerto Rico",18.0958133,-65.47496,Vieques,Jangueo
El Yate bar & Restaurant,,"Vieques, 00765, Puerto Rico",18.1528219,-65.4427843,Vieques,Restaurantes
Bananas Beach Bar and Guesthouse,,"142 Calle Flamboyan, Esperanza, Vieques 00765, Puerto Rico",18.0953161,-65.4732511,Vieques,Jangueo
"Sabor Único, Inc",,"Blq, I1 PR-200, Vieques, 00765, Puerto Rico",18.1407413,-65.45225169999999,Vieques,Jangueo
El Quenepo Vieques,,"148 Calle Flamboyan, Vieques, 00765, Puerto Rico",18.0951501,-65.47256,Vieques,Jangueo
Rising Roost,,"110 C. Muñoz Rivera, Vieques, 00765, Puerto Rico",18.149322,-65.4426569,Vieques,Jangueo
Placita,,"158 Calle Flamboyan, Vieques, 00765, Puerto Rico",18.0950507,-65.4716974,Vieques,Jangueo
La Palma Cafe and Bar,,"104 C. Muñoz Rivera, Vieques, 00765, Puerto Rico",18.1492324,-65.4423954,Vieques,Jangueo
Crab Island Rum @ El Blok,,"158 Calle Flamboyan, Vieques, 00765, Puerto Rico",18.0950507,-65.4716974,Vieques,Jangueo
D’Frozz,,"103 C. Muñoz Rivera, Vieques, 00765, Puerto Rico",18.1487803,-65.4420533,Vieques,Jangueo
El Túnel Lucky Cash,,"El Tunel Car Wash, Av. 65 de Infantería, San Juan, 00926, Puerto Rico",18.3943359,-66.03405130000002,Vieques,Jangueo
Che Reyes,,"4HX5+83J, C. Carlos Lebron, Vieques, 00765, Puerto Rico",18.1483282,-65.4423602,Vieques,Jangueo
The Flight Park,,"CXPQ+R5G, Carolina, 00979, Puerto Rico",18.4370595,-66.01203989999999,Vieques,Jangueo
Chicken Coop Vieques Puerto Rico,,"4HF6+PH, Puerto Ferro, Vieques 00765, Puerto Rico",18.1242965,-65.4385705,Vieques,Jangueo
Arenamar SunBay's Cafe,,"SunBay beach, Esperanza, PR-997, Vieques, 00765, Puerto Rico",18.0970787,-65.4658716,Vieques,Jangueo
El Mercadito de Luly,,"World Plaza, 268 Av. Luis Muñoz Rivera, San Juan, 00919, Puerto Rico",18.4241186,-66.0588422,Vieques,Jangueo
Alcaldía Sport Bar,,"1006 Av. Juan Ponce de León, San Juan, 00924, Puerto Rico",18.4009876,-66.05229510000001,Vieques,Jangueo
EL JEFE,,"1102 Magdalena Ave, San Juan, 00907, Puerto Rico",18.4564324,-66.0741994,Vieques,Jangueo
El Ocho de Rio,,"102 Av. Universidad, San Juan, 00925, Puerto Rico",18.4029734,-66.05471949999999,Vieques,Jangueo
La Esquina,,"Antonio G, Calle Antonio Mellado, Vieques, 00765, Puerto Rico",18.1473459,-65.4410608,Vieques,Jangueo
Vieques Food Park,,"Carr 200 km 0.6, Florida, Vieques 00765, Puerto Rico",18.1409965,-65.45461379999999,Vieques,Food Trucks
Lizzy’s Lunchbox,,"35 Calle Flamboyan, Vieques, 00765, Puerto Rico",18.0948932,-65.471786,Vieques,Food Trucks
Las Palmas Don Chú Food Truck,,"United States, 179–199 Calle Flamboyan, Vieques, 00765, Puerto Rico",18.0948222,-65.4717189,Vieques,Food Trucks
Rincon del Sabor,,"PR-200 km 0.6, Florida, Vieques 00765, Puerto Rico",18.1412059,-65.4545648,Vieques,Food Trucks
"Gracias, De Nada",,"Carr 997 KL 3.1, Puerto Ferro, Vieques 00765, Puerto Rico",18.1216672,-65.43815289999999,Vieques,Food Trucks
Great food truck! Vieques isla nena,,"4G2F+79H, C. Tintillos, Esperanza, Vieques 00765, Puerto Rico",18.1006611,-65.47655619999999,Vieques,Food Trucks
La Tabla Express,,"19 Calle Baldorioty de Castro #13, Vieques, 00765, Puerto Rico",18.1500264,-65.4428538,Vieques,Food Trucks
R & R,,"107 Calle Flamboyan, Vieques, 00765, Puerto Rico",18.0948014,-65.4719678,Vieques,Food Trucks
Rancho Choli,,"3GXG+296, Cll Almendro, Esperanza, Vieques 00765, Puerto Rico",18.0975409,-65.4741067,Vieques,Food Trucks
Cositas Ricas *Homemade Taste*,,"3GXJ+RQG, PR-997, Vieques 00765, Puerto Rico",18.0995558,-65.4680439,Vieques,Food Trucks
Lazy Jacks,,"61A Cll Orquideas, Vieques, 00765, Puerto Rico",18.0957221,-65.474739,Vieques,Food Trucks
Leña Eh Food Truck,,"1006 PR-25, San Juan, 00901, Puerto Rico",18.4530985,-66.0785191,Vieques,Food Trucks
K & J Food Truck,,"3GXJ+RPX, PR-997, Vieques 00765, Puerto Rico",18.0995586,-65.4680449,Vieques,Food Trucks
Cupey Food Truck Park,,"PR-176, antes calle Tejas, Ave Victor M Labiosa, San Juan, 00926, Puerto Rico",18.375297,-66.05441569999999,Vieques,Food Trucks
Miramar Food Truck Park,,"1006 Av. de la Constitución, San Juan, 00907, Puerto Rico",18.4531242,-66.07851149999999,Vieques,Food Trucks
Rincón Del Café,,"Bo.monte santo, carretera 31, Vieques, 00765, Puerto Rico",18.1408106,-65.45457139999999,Vieques,Food Trucks
Tin Box Vieques Restaurant and Bar,,"Route 996 & 201, Vieques, 00765, Puerto Rico",18.1158342,-65.47268199999999,Vieques,Restaurantes
Kalientito Bar & Rest,,"4HQ7+FCV, Puerto Ferro, Vieques 00765, Puerto Rico",18.1387251,-65.4364425,Vieques,Food Trucks
the red food truck,,"5H24+RXW, Vieques, 00765, Puerto Rico",18.1519413,-65.44267730000001,Vieques,Food Trucks
The Dinda's Timbiriche,,"4HR2+FQW, PR-200, Vieques, 00765, Puerto Rico",18.1412473,-65.448037,Vieques,Food Trucks
Las Jibaritas Food Truck,,"Expreso Trujillo Alto, #181 Urb. Lago Alto, San Juan, Trujillo Alto 00926, Puerto Rico",18.3649428,-66.00714839999999,Vieques,Food Trucks
Sabores Gourmet Criollo (Food Truck),,"CRWH+4G2, Levittown, Toa Baja 00949, Puerto Rico",18.445304,-66.1719884,Vieques,Food Trucks
Food Truck Park,,"166 PR-199, Guaynabo, 00969, Puerto Rico",18.3610604,-66.11528609999999,Vieques,Food Trucks
Fres K Paleta Vieques,,"Carr. #200 BO KM 1.7, Vieques, 00765, Puerto Rico",18.1404185,-65.4551163,Vieques,Food Trucks
Rincon Taco,,"4GRW+C5P Bo monte Santo, PR-200, Florida, Vieques 00765, Puerto Rico",18.1410994,-65.454534,Vieques,Food Trucks
D’Frozz,,"103 C. Muñoz Rivera, Vieques, 00765, Puerto Rico",18.1487803,-65.4420533,Vieques,Postres
La Heladería Joliette,,"337 Calle Antonio Mellado, Vieques, 00765, Puerto Rico",18.1466098,-65.4413194,Vieques,Postres
Vieques Food Park,,"Carr 200 km 0.6, Florida, Vieques 00765, Puerto Rico",18.1409965,-65.45461379999999,Vieques,Postres
Rincón Del Café,,"Bo.monte santo, carretera 31, Vieques, 00765, Puerto Rico",18.1408106,-65.45457139999999,Vieques,Postres
Rincon del Sabor,,"PR-200 km 0.6, Florida, Vieques 00765, Puerto Rico",18.1412059,-65.4545648,Vieques,Postres
Kristy's on the Caribe,,"62 Calle Flamboyan, Vieques, 00765, Puerto Rico",18.0958133,-65.47496,Vieques,Postres
Playa Negra Fine Foods,,"HC-02 # 14110 Carr. 201 KM 7.1, Vieques, 00765, Puerto Rico",18.0984221,-65.491455,Vieques,Postres
Panadería La Viequense,,"Calle Antonio Mellado, Vieques, 00765, Puerto Rico",18.1476535,-65.4410123,Vieques,Postres
Panadería Lydia,,"10 Calle Benitez Guzman #18, Vieques, 00765, Puerto Rico",18.1504708,-65.4429274,Vieques,Postres
The Mar Azul,,"577 calle germa riekhoff, Vieques, 00765, Puerto Rico",18.151083,-65.4429109,Vieques,Jangueo
Lazy Jacks,,"61A Cll Orquideas, Vieques, 00765, Puerto Rico",18.0957221,-65.474739,Vieques,Jangueo
Bar La Nasa,,"107 Calle Flamboyan, Vieques, 00765, Puerto Rico",18.0950504,-65.4731824,Vieques,Jangueo
The Vault Speakeasy Cabaret,,"6000 Blvd. Río Mar, Río Grande, 00745, Puerto Rico",18.3886455,-65.7561317,Vieques,Jangueo
bar central,,"Calle #51 Antonio G Mellado, Vieques, 00765, Puerto Rico",18.148397,-65.44141019999999,Vieques,Jangueo
Duffy's Esperanza,,"140 Calle Flamboyan, Vieques, 00765, Puerto Rico",18.0953642,-65.4734962,Vieques,Jangueo
Paraíso La Placita,,"252 C. dos Hermanos, San Juan, 00907, Puerto Rico",18.450398,-66.07092899999999,Vieques,Jangueo
Tulum La Placita,,"215 C. Canals, San Juan, 00907, Puerto Rico",18.4503123,-66.069675,Vieques,Jangueo
Mango Taphouse and Gastropub,,"PR-201, KM 1.7, Vieques 00765, Puerto Rico",18.127161,-65.4627761,Vieques,Jangueo
Club Vieques,,"SR-201 KM 4.5 INT, Vieques 00765, Puerto Rico",18.1108977,-65.4927226,Vieques,Jangueo
"Trade Winds Bar & Restaurant, Guest House & Gift Shop",,"107 Calle Flamboyan, Vieques, 00765, Puerto Rico",18.0959796,-65.47559799999999,Vieques,Restaurantes
Mesita,,"119 C. Muñoz Rivera, Vieques, 00765, Puerto Rico",18.1491906,-65.4429638,Vieques,Jangueo
Biekes Bistro,,"340-01 Calle Antonio G. Mellado, Isabella II, Vieques, Vieques 00765, Puerto Rico",18.1469444,-65.4411111,Vieques,Jangueo
CNOTE Jazz Club,,"156 Cll Fernández Garcia, Luquillo, 00773, Puerto Rico",18.3756913,-65.714893,Vieques,Jangueo
Tin Box Vieques Restaurant and Bar,,"Route 996 & 201, Vieques, 00765, Puerto Rico",18.1158342,-65.47268199999999,Vieques,Restaurantes
Lejos Eco Retreat / Melao Social Club,,"4F7X+V37 El Pilón, PR-995 Km 2.4, Vieques 00765, Puerto Rico",18.1143452,-65.50174299999999,Vieques,Jangueo
El Quenepo Vieques,,"148 Calle Flamboyan, Vieques, 00765, Puerto Rico",18.0951501,-65.47256,Vieques,Jangueo
Caicu Bar,,"6000 Blvd. Río Mar, Río Grande, 00745, Puerto Rico",18.3880989,-65.7553997,Vieques,Jangueo
Bananas Beach Bar and Guesthouse,,"142 Calle Flamboyan, Esperanza, Vieques 00765, Puerto Rico",18.0953161,-65.4732511,Vieques,Jangueo
Vivo Beach Club,,"7000 Carr. 187 RR2, Carolina, 00979, Puerto Rico",18.4469466,-66.00006739999999,Vieques,Jangueo
Duffy's Esperanza,,"140 Calle Flamboyan, Vieques, 00765, Puerto Rico",18.0953642,-65.4734962,Vieques,Jangueo
The Mar Azul,,"577 calle germa riekhoff, Vieques, 00765, Puerto Rico",18.151083,-65.4429109,Vieques,Jangueo
Lazy Jacks,,"61A Cll Orquideas, Vieques, 00765, Puerto Rico",18.0957221,-65.474739,Vieques,Jangueo
Tin Box Vieques Restaurant and Bar,,"Route 996 & 201, Vieques, 00765, Puerto Rico",18.1158342,-65.47268199999999,Vieques,Restaurantes
Bananas Beach Bar and Guesthouse,,"142 Calle Flamboyan, Esperanza, Vieques 00765, Puerto Rico",18.0953161,-65.4732511,Vieques,Jangueo
Rincon del Sabor,,"PR-200 km 0.6, Florida, Vieques 00765, Puerto Rico",18.1412059,-65.4545648,Vieques,Jangueo
bar central,,"Calle #51 Antonio G Mellado, Vieques, 00765, Puerto Rico",18.148397,-65.44141019999999,Vieques,Jangueo
D’Frozz,,"103 C. Muñoz Rivera, Vieques, 00765, Puerto Rico",18.1487803,-65.4420533,Vieques,Jangueo
Bar Cafetín: El Puente,,"323-327 Calle Antonio Mellado, Vieques, 00765, Puerto Rico",18.1460838,-65.44164239999999,Vieques,Jangueo
"Gracias, De Nada",,"Carr 997 KL 3.1, Puerto Ferro, Vieques 00765, Puerto Rico",18.1216672,-65.43815289999999,Vieques,Jangueo
Mango Taphouse and Gastropub,,"PR-201, KM 1.7, Vieques 00765, Puerto Rico",18.127161,-65.4627761,Vieques,Jangueo
Biekes Bistro,,"340-01 Calle Antonio G. Mellado, Isabella II, Vieques, Vieques 00765, Puerto Rico",18.1469444,-65.4411111,Vieques,Jangueo
Mesita,,"119 C. Muñoz Rivera, Vieques, 00765, Puerto Rico",18.1491906,-65.4429638,Vieques,Jangueo
Robin’s Mojito Bar & Grill,,"Calle Flamboyan, Vieques, 00765, Puerto Rico",18.1000493,-65.4848777,Vieques,Jangueo
Bar La Nasa,,"107 Calle Flamboyan, Vieques, 00765, Puerto Rico",18.0950504,-65.4731824,Vieques,Jangueo
Isla Nena Crabwalk Cafe,,"4GM6+MPG, Florida, Vieques 00765, Puerto Rico",18.1341976,-65.4881565,Vieques,Jangueo
Kristy's on the Caribe,,"62 Calle Flamboyan, Vieques, 00765, Puerto Rico",18.0958133,-65.47496,Vieques,Jangueo
Restaurante El Norte,,"24 Calle Quino, Rodriguez, Vieques 00765, Puerto Rico",18.1527825,-65.4424882,Vieques,Restaurantes
"Trade Winds Bar & Restaurant, Guest House & Gift Shop",,"107 Calle Flamboyan, Vieques, 00765, Puerto Rico",18.0959796,-65.47559799999999,Vieques,Restaurantes
Arenamar SunBay's Cafe,,"SunBay beach, Esperanza, PR-997, Vieques, 00765, Puerto Rico",18.0970787,-65.4658716,Vieques,Jangueo
Crab Island Rum Distillery,,"4FCF+PV, Vieques, 00765, Puerto Rico",18.1218201,-65.5256643,Vieques,Jangueo
Che Reyes,,"4HX5+83J, C. Carlos Lebron, Vieques, 00765, Puerto Rico",18.1483282,-65.4423602,Vieques,Jangueo
Club Vieques,,"SR-201 KM 4.5 INT, Vieques 00765, Puerto Rico",18.1108977,-65.4927226,Vieques,Jangueo
El Quenepo Vieques,,"148 Calle Flamboyan, Vieques, 00765, Puerto Rico",18.0951501,-65.47256,Vieques,Jangueo
La Chefi restaurante y barra,,"402 C. San Agustín, San Juan, 00901, Puerto Rico",18.4641101,-66.0953485,Vieques,Restaurantes
Our House Rest & Bar,,"100 Av. San Patricio ST-10, Guaynabo, 00968, Puerto Rico",18.4081776,-66.1058065,Vieques,Jangueo
El Cabo,,"PR-187, Carolina, Loíza 00772, Puerto Rico",18.4569308,-65.98541159999999,Vieques,Jangueo
Lejos Eco Retreat / Melao Social Club,,"4F7X+V37 El Pilón, PR-995 Km 2.4, Vieques 00765, Puerto Rico",18.1143452,-65.50174299999999,Vieques,Jangueo
Oasis Tapas & Lounge,,"Puerto Rico 6, 4 Condado Ave, San Juan, 00907, Puerto Rico",18.4567519,-66.0714175,Vieques,Jangueo
Martineau Belle Playa,,"W Hotel, KM HM 3.1 Road 200, Florida, Vieques 00765, Puerto Rico",18.1432101,-65.4678488,Vieques,Jangueo
Nativos,,"Plaza Western Auto, Suite107, Trujillo Alto, 00976, Puerto Rico",18.3686729,-66.01571659999999,Trujillo Alto,Restaurantes
El Bosquecito Familiar,,"28 Carretera 181, esquina 846, Trujillo Alto, San Juan 00976, Puerto Rico",18.3797034,-66.0257288,Trujillo Alto,Restaurantes
Placita San Miguel,,"Expreso, PR-181, Trujillo Alto, 00976, Puerto Rico",18.3669578,-66.009039,Trujillo Alto,Restaurantes
Mambas Shack,,"24 Cll Muñoz Rivera, Trujillo Alto, 00976, Puerto Rico",18.3538728,-66.0069086,Trujillo Alto,Restaurantes
Piscolabis Mexicanos,,"9X5W+HV8, PR-8860, Trujillo Alto, 00976, Puerto Rico",18.3589152,-66.0027891,Trujillo Alto,Restaurantes
La Fondita de Leo 🇵🇷,,"Centro Comercial Plaza Matienzo Edif A Suite, 103 Carr 8860 Km 1.2, Trujillo Alto, 00976, Puerto Rico",18.3640375,-65.996707,Trujillo Alto,Restaurantes
Sabor de México Trujillo Alto,,"172 Calle 3, Trujillo Alto, 00976, Puerto Rico",18.3774125,-66.00714959999999,Trujillo Alto,Restaurantes
Jungle's Café,,"47 PR-846, Trujillo Alto, 00976, Puerto Rico",18.3790472,-66.0254447,Trujillo Alto,Restaurantes
Bakery Box,,"9X8R+MGG, Trujillo Alto, 00976, Puerto Rico",18.3665831,-66.0086367,Trujillo Alto,Restaurantes
Rincón del Viajero Cafe,,"Carr. 181, Bo Gallery, Local #101, Trujillo Alto, 00977, Puerto Rico",18.3687371,-66.015332,Trujillo Alto,Restaurantes
El Castillo Criollo Rest.,,"Centro comercial park gardens,expresó Trujillo alto, San Juan, 00926, Puerto Rico",18.3893974,-66.0315636,Trujillo Alto,Restaurantes
La Loma de Rafo,,"8XWP+58, Trujillo Alto, 00926, Puerto Rico",18.3454156,-66.01412690000001,Trujillo Alto,Restaurantes
Esencia Criolla,,"Centro Comercial Lago Alto, local 9, Trujillo Alto, 00976, Puerto Rico",18.3646433,-66.00963639999999,Trujillo Alto,Restaurantes
El Punto Restaurant La Gloria,,"PR-181, Trujillo Alto 00976, Puerto Rico",18.3411773,-65.997301,Trujillo Alto,Restaurantes
Tsunami Sushi To Go,,"PR876BORICAI, 9XGH+VGP, Trujillo Alto, 00976, Puerto Rico BORICAI, 9XGH+VGP, Trujillo Alto, 00976, Puerto Rico",18.3770425,-66.0210501,Trujillo Alto,Restaurantes
"Bohio El Jagua, Chinchorro",,"PR-852 Km 7.2, Trujillo Alto, 00976, Puerto Rico",18.3080803,-65.9456807,Trujillo Alto,Restaurantes
Lechonera Angelito's Place,,"PR 175 Km. 4.8 Bo. Carraizo Puerto Rico3h. Bs, Trujillo Alto, 00725, Puerto Rico",18.3172905,-66.026766,Trujillo Alto,Restaurantes
Oriental Palace,,"CARR 181 Oriental Palace Express Local C-4, Trujillo Alto, 00976, Puerto Rico",18.3552718,-66.00284669999999,Trujillo Alto,Restaurantes
El Punto Restaurant,,"9XC7+88C, Cll Acuario, San Juan, 00926, Puerto Rico",18.3708062,-66.0367234,Trujillo Alto,Restaurantes
Barcelona Bakery & Deli,,"Carr. 848 km 2.0 Saint Just, Trujillo Alto, 00976, Puerto Rico",18.37846,-66.001068,Trujillo Alto,Restaurantes
La Puya Café,,"Carr 876, Bo Km 3.1, Trujillo Alto, 00976, Puerto Rico",18.3770798,-66.0211492,Trujillo Alto,Restaurantes
El Platanal,,"Av. 65 de Infantería, San Juan, Carolina 00987, Puerto Rico",18.3986935,-65.99408749999999,Trujillo Alto,Restaurantes
Panaderia El Punto La Gloria,,"Carr 181 Km 8. Bo, Trujillo Alto, 00976, Puerto Rico",18.3413062,-65.9972404,Trujillo Alto,Restaurantes
Papa Johns Pizza,,"Lago Alto Shopping Center, Trujillo Alto, 00976, Puerto Rico",18.3645046,-66.0095035,Trujillo Alto,Restaurantes
Repostería Kannella (Trujillo Alto),,"PLAZA MATIENZO SHOPPING CENTER, Trujillo Alto, 00976, Puerto Rico",18.3642411,-65.9965504,Trujillo Alto,Restaurantes
Boss's Brunch,,"Av. 65 de Infantería, Trujillo Bajo, Carolina 00987, Puerto Rico",18.3750026,-65.9490383,Trujillo Alto,Restaurantes
lala Puerto Rico,,"The Mall of San Juan Blvd, San Juan, 00924, Puerto Rico",18.4128046,-66.0252278,Trujillo Alto,Restaurantes
Bakery Box,,"9X8R+MGG, Trujillo Alto, 00976, Puerto Rico",18.3665831,-66.0086367,Trujillo Alto,Coffee Shops
Aroma Espresso,,"Urb, A2 Calle Aniceto Diaz, Trujillo Alto, 00976, Puerto Rico",18.3736545,-66.0181875,Trujillo Alto,Coffee Shops
Jungle's Café,,"47 PR-846, Trujillo Alto, 00976, Puerto Rico",18.3790472,-66.0254447,Trujillo Alto,Coffee Shops
La Puya Café,,"Carr 876, Bo Km 3.1, Trujillo Alto, 00976, Puerto Rico",18.3770798,-66.0211492,Trujillo Alto,Coffee Shops
Family Nutrition Spot,,"27 Cll Muñoz Rivera, Trujillo Alto, 00976, Puerto Rico",18.3538257,-66.006816,Trujillo Alto,Coffee Shops
Entre Hojas Cafe,,"25 Cll Muñoz Rivera, Trujillo Alto, 00976, Puerto Rico",18.3539766,-66.00664929999999,Trujillo Alto,Coffee Shops
Rincón del Viajero Cafe,,"Carr. 181, Bo Gallery, Local #101, Trujillo Alto, 00977, Puerto Rico",18.3687371,-66.015332,Trujillo Alto,Coffee Shops
La Receta,,"Carr 848 C. Saint Just KM 2, Carolina, 00982, Puerto Rico",18.381504,-65.9944144,Trujillo Alto,Coffee Shops
Café con Amor,,"Carretera 846 Urbanización, Trujillo Alto, 00976, Puerto Rico",18.368263,-66.0245517,Trujillo Alto,Coffee Shops
Dolce Karamella,,"H-18 C. A, Trujillo Alto, 00976, Puerto Rico",18.370174,-66.0273574,Trujillo Alto,Coffee Shops
Lago alto Nutrition,,"Calle Carite &, 9X7W+R4J, Calle Reverendo Domingo Marrero Navarro, Trujillo Alto, 00976, Puerto Rico",18.3645975,-66.0047335,Trujillo Alto,Coffee Shops
Vamos pa Candy,,"Calle 2, Trujillo Alto, 00976, Puerto Rico",18.3419844,-66.0325201,Trujillo Alto,Coffee Shops
Luna Coffee & Latin Kitchen,,"352 Av. Américo Miranda, San Juan, 00927, Puerto Rico",18.3996731,-66.0681191,Trujillo Alto,Coffee Shops
El Ombligo Colmado & Cafetin,,"9X7H+MGF, Trujillo Alto, 00976, Puerto Rico",18.3641982,-66.0211899,Trujillo Alto,Coffee Shops
Hacienda San Pedro,,"318 Avenida José de Diego, San Juan, 00923, Puerto Rico",18.4469101,-66.0679083,Trujillo Alto,Coffee Shops
Repostería Kannella (Trujillo Alto),,"PLAZA MATIENZO SHOPPING CENTER, Trujillo Alto, 00976, Puerto Rico",18.3642411,-65.9965504,Trujillo Alto,Coffee Shops
Panaderia El Punto La Gloria,,"Carr 181 Km 8. Bo, Trujillo Alto, 00976, Puerto Rico",18.3413062,-65.9972404,Trujillo Alto,Coffee Shops
Nativos,,"Plaza Western Auto, Suite107, Trujillo Alto, 00976, Puerto Rico",18.3686729,-66.01571659999999,Trujillo Alto,Coffee Shops
Tierra Adentro Coffee Shop,,"Calle Sta. Águeda, San Juan, 00926, Puerto Rico",18.3740435,-66.0543423,Trujillo Alto,Coffee Shops
EmpanadisimasPR,,"GK-44, Av. Roberto Sánchez Vilella, Carolina, 00982, Puerto Rico",18.4126819,-65.9982888,Trujillo Alto,Coffee Shops
Hornofino Coffee Shop,,"Cupey Professional Mall, C. San Claudio, San Juan, 00926, Puerto Rico",18.3796425,-66.05394559999999,Trujillo Alto,Coffee Shops
Cuchifritos a la Dominicana,,"9XJF+4JV, Av. Principal, San Juan, 00926, Puerto Rico",18.3803636,-66.0259655,Trujillo Alto,Coffee Shops
El Sabroson,,"82Q7+52V, Trujillo Alto, 00976, Puerto Rico",18.3372146,-65.9881434,Trujillo Alto,Coffee Shops
Café El Secreto,,"#100, 2164 Calle Chapultepec SUITE 005C EDIF 5, San Juan, 00926, Puerto Rico",18.3893615,-66.0316863,Trujillo Alto,Coffee Shops
Morena Coffee Express,,"PR-176 KM 1.4, San Juan, 00926, Puerto Rico",18.3808964,-66.0557651,Trujillo Alto,Coffee Shops
Espresso Lab Coffee Shop,,"8020 Tartak St Hyatt Centric San Juan, Lobby, 8020 José M. Tartak Ave, Carolina, 00979, Puerto Rico",18.4406718,-66.02198229999999,Trujillo Alto,Coffee Shops
Sabor de México Trujillo Alto,,"172 Calle 3, Trujillo Alto, 00976, Puerto Rico",18.3774125,-66.00714959999999,Trujillo Alto,Coffee Shops
Hacienda San Pedro,,"211 Av. Ing. Manuel Domenech, San Juan, 00918, Puerto Rico",18.4151705,-66.0601792,Trujillo Alto,Coffee Shops
Hazel Bar,,"1000 122 The Mall of San Juan Blvd, San Juan, 00926, Puerto Rico",18.4124925,-66.02525179999999,Trujillo Alto,Coffee Shops
El Escondite Del Chefs,,"9X4H+C42, Carr. Antigua, Trujillo Alto, 00976, Puerto Rico",18.3560065,-66.02223169999999,Trujillo Alto,Coffee Shops
Café La Estación,,"Ave. 65 Infanteria. Km 6.8 Int. PR-887 San Anton, Carolina, 00985, Puerto Rico",18.3979982,-65.9894111,Trujillo Alto,Coffee Shops
Cuela Coffee Shop - Guaynabo Pueblo,,"46 Carazo St, Guaynabo, 00969, Puerto Rico",18.3601149,-66.11079529999999,Trujillo Alto,Coffee Shops
Pasajero 17 @ EnBeta,,"5 Esquina, 1135 C. 2 Suite 1, San Juan, 00927, Puerto Rico",18.3909641,-66.0693564,Trujillo Alto,Coffee Shops
Boca Boca Generales,,"CX43+5XH, San Juan, 00923, Puerto Rico",18.4053911,-66.0449995,Trujillo Alto,Coffee Shops
Sin Prisa Coffee Shop,,"1804 C. Loíza, San Juan, 00911, Puerto Rico",18.4514175,-66.05944769999999,Trujillo Alto,Coffee Shops
Hacienda San Pedro,,"1350 Ashford Ave, San Juan, 00907, Puerto Rico",18.4550466,-66.0690455,Trujillo Alto,Coffee Shops
El Punto Restaurant La Gloria,,"PR-181, Trujillo Alto 00976, Puerto Rico",18.3411773,-65.997301,Trujillo Alto,Restaurantes
Paolo's Coffee,,"401 C. del Parque, San Juan, 00912, Puerto Rico",18.4452617,-66.0658325,Trujillo Alto,Coffee Shops
Dipea Wings (Trujillo Alto),,"Plaza Matienzo Shopping Center, carr 8860 km 1.5, Trujillo Alto, 00976, Puerto Rico",18.3647431,-65.9970198,Trujillo Alto,Coffee Shops
Starbene Caffe,,"4008 The Mall of San Juan Blvd #1000, San Juan, 00924, Puerto Rico",18.4124832,-66.0258967,Trujillo Alto,Coffee Shops
Café Consciente,,"171 C. O'Neill, San Juan, 00918, Puerto Rico",18.4229816,-66.0624776,Trujillo Alto,Coffee Shops
Coffee on the road,,"km15.1 PR-129, Hatillo, 00659, Puerto Rico",18.3639627,-66.8034034,Trujillo Alto,Coffee Shops
Tripleta Factory,,"Expreso Trujillo Alto, San Juan, Trujillo Alto 00926, Puerto Rico",18.389041,-66.0309704,Trujillo Alto,Coffee Shops
El Cielo Coffee Shop,,"2250 Calle Celestial, Carolina, 00979, Puerto Rico",18.4316011,-66.00585749999999,Trujillo Alto,Coffee Shops
Cafeto,,"#k103, 1000 The Mall of San Juan Blvd, San Juan, 00924, Puerto Rico",18.4123507,-66.0260881,Trujillo Alto,Coffee Shops
Panismo,,"1054 C. González, San Juan, 00925, Puerto Rico",18.4001112,-66.05302859999999,Trujillo Alto,Coffee Shops
Limber Tetitas Artesanales by Angie,,"8XMF+X54, PR-843, Trujillo Alto, 00926, Puerto Rico",18.334481,-66.0267602,Trujillo Alto,Coffee Shops
Buen Vecino Café,,"408 Av. Lic. Eugenio María de Hostos, San Juan, 00918, Puerto Rico",18.4189881,-66.0628081,Trujillo Alto,Coffee Shops
La Real Bakery,,"201 C. Dr. Fernández, Trujillo Alto, 00976, Puerto Rico",18.3544797,-66.0068981,Trujillo Alto,Coffee Shops
Café Comunión,,"1616 PR-25, San Juan, 00909, Puerto Rico",18.4439231,-66.0657765,Trujillo Alto,Coffee Shops
Racing’s Ice Cream & Frappe,,"En la Carr. 848 km.1.8 en los predios del Negocio El Picotazo Sport Bar, en Trujillo Alto, St Just, Trujillo Alto 00976, Puerto Rico",18.37123,-66.01405989999999,Trujillo Alto,Coffee Shops
Janguito Cafe,,"8XWQ+J9P, PR-843, Trujillo Alto, 00976, Puerto Rico",18.346749,-66.011305,Trujillo Alto,Coffee Shops
The Nutty Kitchen,,"203 Av. Ing. Manuel Domenech, San Juan, 00918, Puerto Rico",18.4153685,-66.0596889,Trujillo Alto,Coffee Shops
Latte Factory,,"220 Av. Ing. Manuel Domenech, San Juan, 00918, Puerto Rico",18.4146983,-66.06084129999999,Trujillo Alto,Coffee Shops
@Fresco Coffee Bar & Bistro,,"Calle 1 lote 15 Metro Office Park, Guaynabo, 00969, Puerto Rico",18.4161364,-66.1046902,Trujillo Alto,Coffee Shops
Alanis Mini Market WIC,,"47 PR-846, Trujillo Alto, 00976, Puerto Rico",18.3728912,-66.0258764,Trujillo Alto,Coffee Shops
Jomei,,"9273+XHC, Trujillo Alto, 00976, Puerto Rico",18.3649294,-65.9961126,Trujillo Alto,Coffee Shops
Cannella Shop,,"URB Caribe, 1601 Cll Alda Ste 2, San Juan, 00926, Puerto Rico",18.3817037,-66.0684033,Trujillo Alto,Coffee Shops
"Pitirre Cafe Miramar, San Juan",,"FW3C+XG8, San Juan, 00907, Puerto Rico",18.4547222,-66.0785782,Trujillo Alto,Coffee Shops
La Medica Barra de Cafe By Zinnia,,"L 583 Ave Pontezuela, Carolina, 00983, Puerto Rico",18.4265051,-65.9829383,Trujillo Alto,Coffee Shops
Bakery Box,,"9X8R+MGG, Trujillo Alto, 00976, Puerto Rico",18.3665831,-66.0086367,Trujillo Alto,Panaderías
Panaderia El Punto La Gloria,,"Carr 181 Km 8. Bo, Trujillo Alto, 00976, Puerto Rico",18.3413062,-65.9972404,Trujillo Alto,Panaderías
Dos Bocas Bakery,,"PR-181, Trujillo Alto, 00976, Puerto Rico",18.338782,-65.990019,Trujillo Alto,Panaderías
Panaderia y Reposteria La Ruca,,"9X7H+G6G, Las Cumbres Ave, Trujillo Alto, 00976, Puerto Rico",18.3638188,-66.0219225,Trujillo Alto,Panaderías
Barcelona Bakery & Deli,,"Carr. 848 km 2.0 Saint Just, Trujillo Alto, 00976, Puerto Rico",18.37846,-66.001068,Trujillo Alto,Panaderías
La Otra Mallorca,,"D30 Carr. 845 Urb, Trujillo Alto, 00926, Puerto Rico",18.3637278,-66.0317914,Trujillo Alto,Panaderías
La Real Bakery,,"201 C. Dr. Fernández, Trujillo Alto, 00976, Puerto Rico",18.3544797,-66.0068981,Trujillo Alto,Panaderías
Dolce Karamella,,"H-18 C. A, Trujillo Alto, 00976, Puerto Rico",18.370174,-66.0273574,Trujillo Alto,Panaderías
Panadería El Punto,,"9XC7+F6W, Cll Acuario, San Juan, 00926, Puerto Rico",18.3712299,-66.0369243,Trujillo Alto,Panaderías
Sabana's Bakery,,"Quebrada Grande, Trujillo Alto 00976, Trujillo Alto 00976, Puerto Rico",18.3077238,-65.9504671,Trujillo Alto,Panaderías
El Punto Restaurant La Gloria,,"PR-181, Trujillo Alto 00976, Puerto Rico",18.3411773,-65.997301,Trujillo Alto,Restaurantes
Balcon De Maelo,,"9XCP+J6Q, PR876, Trujillo Alto, 00976, Puerto Rico",18.3715848,-66.0143815,Trujillo Alto,Jangueo
Sorriso Sportbar,,"Carr 181, Cam. Felipe Alemán km 58.7, Trujillo Alto 00976, Puerto Rico",18.3385932,-65.9906601,Trujillo Alto,Jangueo
The Roof,,"Carr 8860, Trujillo Alto, 00976, Puerto Rico",18.3641642,-65.9964243,Trujillo Alto,Jangueo
ZanDunGa Sport Bar,,"PR-845, Trujillo Alto, 00976, Puerto Rico",18.3584769,-66.0260085,Trujillo Alto,Jangueo
El Bosquecito Familiar,,"28 Carretera 181, esquina 846, Trujillo Alto, San Juan 00976, Puerto Rico",18.3797034,-66.0257288,Trujillo Alto,Jangueo
Chili's,,"Expreso Manuel Rivera Morales, Trujillo Alto, 00976, Puerto Rico",18.3694399,-66.01535799999999,Trujillo Alto,Jangueo
Piscolabis Mexicanos,,"9X5W+HV8, PR-8860, Trujillo Alto, 00976, Puerto Rico",18.3589152,-66.0027891,Trujillo Alto,Jangueo
La Fondita de Leo 🇵🇷,,"Centro Comercial Plaza Matienzo Edif A Suite, 103 Carr 8860 Km 1.2, Trujillo Alto, 00976, Puerto Rico",18.3640375,-65.996707,Trujillo Alto,Jangueo
Bakery Box,,"9X8R+MGG, Trujillo Alto, 00976, Puerto Rico",18.3665831,-66.0086367,Trujillo Alto,Jangueo
El Museo de Los Cuernos,,"82Q8+4W8, Barriada Gonzalez 1, Trujillo Alto 00976, Puerto Rico",18.3377889,-65.9826585,Trujillo Alto,Jangueo
Sabor de México Trujillo Alto,,"172 Calle 3, Trujillo Alto, 00976, Puerto Rico",18.3774125,-66.00714959999999,Trujillo Alto,Jangueo
"Carraizo Bajo, Trujillo Alto, Puerto Rico",,"8XXP+XJQ, Cam Pablo Ortiz, Trujillo Alto, 00926, Puerto Rico",18.3499644,-66.0133759,Trujillo Alto,Jangueo
Nativos,,"Plaza Western Auto, Suite107, Trujillo Alto, 00976, Puerto Rico",18.3686729,-66.01571659999999,Trujillo Alto,Jangueo
El Escondite Sport Bar,,"9XC7+G5M, Cll Acuario, San Juan, 00926, Puerto Rico",18.3713417,-66.0370748,Trujillo Alto,Jangueo
The Flight Park,,"CXPQ+R5G, Carolina, 00979, Puerto Rico",18.4370595,-66.01203989999999,Trujillo Alto,Jangueo
"Bohio El Jagua, Chinchorro",,"PR-852 Km 7.2, Trujillo Alto, 00976, Puerto Rico",18.3080803,-65.9456807,Trujillo Alto,Jangueo
Jungle's Café,,"47 PR-846, Trujillo Alto, 00976, Puerto Rico",18.3790472,-66.0254447,Trujillo Alto,Jangueo
Esencia Criolla,,"Centro Comercial Lago Alto, local 9, Trujillo Alto, 00976, Puerto Rico",18.3646433,-66.00963639999999,Trujillo Alto,Jangueo
EL PICOTASO,,"9XHW+4VW, PR-848, Trujillo Alto, 00976, Puerto Rico",18.3778308,-66.0029378,Trujillo Alto,Jangueo
El Punto Restaurant La Gloria,,"PR-181, Trujillo Alto 00976, Puerto Rico",18.3411773,-65.997301,Trujillo Alto,Restaurantes
Los Esmayaos Trujillo Alto,,"PR-181, Trujillo Alto, 00908, Puerto Rico",18.3705762,-66.01755709999999,Trujillo Alto,Jangueo
Mambas Shack,,"24 Cll Muñoz Rivera, Trujillo Alto, 00976, Puerto Rico",18.3538728,-66.0069086,Trujillo Alto,Jangueo
Sabana’s Sport Bar,,"825X+3WR, Trujillo Alto, 00976, Puerto Rico",18.3077387,-65.9502281,Trujillo Alto,Jangueo
La Loma de Rafo,,"8XWP+58, Trujillo Alto, 00926, Puerto Rico",18.3454156,-66.01412690000001,Trujillo Alto,Jangueo
Refill Sport Bar,,"990 C. Eider, San Juan, 00924, Puerto Rico",18.4043149,-66.00402679999999,Trujillo Alto,Jangueo
El Mirador,,"9X7V+X49, Expreso Manuel Rivera Morales, Trujillo Alto, 00976, Puerto Rico",18.3649005,-66.0071408,Trujillo Alto,Jangueo
Soroco,,"929C+492, Carolina, 00987, Puerto Rico",18.3677564,-65.97910519999999,Trujillo Alto,Jangueo
Nuestra Eskinita Bar,,"Calle 4, Trujillo Alto, 00926, Puerto Rico",18.3381925,-66.0321024,Trujillo Alto,Jangueo
Los Chatos,,"24 Calle 1 #36, San Juan, 00909, Puerto Rico",18.3825934,-66.0044739,Trujillo Alto,Jangueo
El Castillo Criollo Rest.,,"Centro comercial park gardens,expresó Trujillo alto, San Juan, 00926, Puerto Rico",18.3893974,-66.0315636,Trujillo Alto,Jangueo
El Punto 8 Sport Bar,,"901 Cll Hypolais, San Juan, 00924, Puerto Rico",18.4083342,-66.0077283,Trujillo Alto,Jangueo
Mojitos Solution Bar & Rest.,,"796 Av. Roberto Sánchez Vilella, San Juan, 00924, Puerto Rico",18.4080781,-66.0017149,Trujillo Alto,Jangueo
Luisito's Pub,,"92PR+6C5, Av. José Severo Quiñones, Carolina, 00985, Puerto Rico",18.3855091,-65.9588962,Trujillo Alto,Jangueo
Alcaldía Sport Bar,,"1006 Av. Juan Ponce de León, San Juan, 00924, Puerto Rico",18.4009876,-66.05229510000001,Trujillo Alto,Jangueo
Placita San Miguel,,"Expreso, PR-181, Trujillo Alto, 00976, Puerto Rico",18.3669578,-66.009039,Trujillo Alto,Jangueo
Tsunami Sushi To Go,,"PR876BORICAI, 9XGH+VGP, Trujillo Alto, 00976, Puerto Rico BORICAI, 9XGH+VGP, Trujillo Alto, 00976, Puerto Rico",18.3770425,-66.0210501,Trujillo Alto,Jangueo
El Ocho de Rio,,"102 Av. Universidad, San Juan, 00925, Puerto Rico",18.4029734,-66.05471949999999,Trujillo Alto,Jangueo
Lechonera Angelito's Place,,"PR 175 Km. 4.8 Bo. Carraizo Puerto Rico3h. Bs, Trujillo Alto, 00725, Puerto Rico",18.3172905,-66.026766,Trujillo Alto,Jangueo
El Gran Chaparral,,"317 PR-845, San Juan, 00926, Puerto Rico",18.369828,-66.0377941,Trujillo Alto,Jangueo
Barcelona Bakery & Deli,,"Carr. 848 km 2.0 Saint Just, Trujillo Alto, 00976, Puerto Rico",18.37846,-66.001068,Trujillo Alto,Jangueo
Rincón del Viajero Cafe,,"Carr. 181, Bo Gallery, Local #101, Trujillo Alto, 00977, Puerto Rico",18.3687371,-66.015332,Trujillo Alto,Jangueo
Hiedra Cocktail Bar,,"8wvh+9fp, San Juan, 00926, Puerto Rico",18.3433695,-66.0714601,Trujillo Alto,Jangueo
Triángulo,,"75 C. Arzuaga, San Juan, 00925, Puerto Rico",18.3979964,-66.05010109999999,Trujillo Alto,Jangueo
El Gazebo de Tino,,"92H2+P6J, Calle, Trujillo Alto, 00976, Puerto Rico",18.3793418,-65.9994782,Trujillo Alto,Jangueo
Panaderia El Punto La Gloria,,"Carr 181 Km 8. Bo, Trujillo Alto, 00976, Puerto Rico",18.3413062,-65.9972404,Trujillo Alto,Jangueo
El Túnel Lucky Cash,,"El Tunel Car Wash, Av. 65 de Infantería, San Juan, 00926, Puerto Rico",18.3943359,-66.03405130000002,Trujillo Alto,Jangueo
Oriental Palace,,"CARR 181 Oriental Palace Express Local C-4, Trujillo Alto, 00976, Puerto Rico",18.3552718,-66.00284669999999,Trujillo Alto,Jangueo
Piel Kanela,,"Parcelas Hill Brother, 375 Calle 11, Río Piedras, San Juan 00924, Puerto Rico",18.3945066,-66.0215245,Trujillo Alto,Jangueo
El Vagón de Caki,,"82Q5+H42, PR-181, Trujillo Alto, 00976, Puerto Rico",18.3390797,-65.9918668,Trujillo Alto,Jangueo
El Refugio,,"CW3W+XHJ, Calle, San Juan, 00925, Puerto Rico",18.4049632,-66.05361200000002,Trujillo Alto,Jangueo
La Cava Del Colmadito,,"Plaza Encantada, Trujillo Alto, 00976, Puerto Rico",18.3550837,-66.0026754,Trujillo Alto,Jangueo
El Nuevo Punto,,"9X75+R4V esquina calle Gallego, Calle Campanilla, San Juan, 00926, Puerto Rico",18.3646207,-66.0422177,Trujillo Alto,Jangueo
Hacienda Dos Rios,,"82Q6+C65, PR-181, Trujillo Alto, 00976, Puerto Rico",18.3385086,-65.9894005,Trujillo Alto,Jangueo
Echate Pa'k Bar & Grill,,"1-9 Cll 15, Carolina, 00985, Puerto Rico",18.3912089,-65.9669011,Trujillo Alto,Jangueo
El Punto Restaurant,,"9XC7+88C, Cll Acuario, San Juan, 00926, Puerto Rico",18.3708062,-66.0367234,Trujillo Alto,Restaurantes
Colmado la Rosas,,"14-20 Cll Gardenia, Trujillo Alto, 00976, Puerto Rico",18.3529847,-66.0139221,Trujillo Alto,Jangueo
100x35 Beer Boutique,,"Villas de San Francisco Plaza I, 89 Avenue de Diego Ste 101, San Juan, 00927, Puerto Rico",18.3827744,-66.0740041,Trujillo Alto,Jangueo
Campo Mofongo Restaurante,,"Bo. Campo Rico, PR-185 km 3.2, Canóvanas, 00729, Puerto Rico",18.3517952,-65.8989524,Trujillo Alto,Restaurantes
Rancho alegre,,"Centro Comercial Metrópolis, Ave A, 92C9+8VM, Carolina, 00987, Puerto Rico",18.3708265,-65.9803144,Trujillo Alto,Jangueo
Las Jibaritas Food Truck,,"Expreso Trujillo Alto, #181 Urb. Lago Alto, San Juan, Trujillo Alto 00926, Puerto Rico",18.3649428,-66.00714839999999,Trujillo Alto,Food Trucks
Ma Kai,,"6 Bo Carr. 181 KM 7, Trujillo Alto, 00976, Puerto Rico",18.3484331,-65.9993707,Trujillo Alto,Food Trucks
Cupey Food Truck Park,,"PR-176, antes calle Tejas, Ave Victor M Labiosa, San Juan, 00926, Puerto Rico",18.375297,-66.05441569999999,Trujillo Alto,Food Trucks
Los Esmayaos Trujillo Alto,,"PR-181, Trujillo Alto, 00908, Puerto Rico",18.3705762,-66.01755709999999,Trujillo Alto,Food Trucks
Pachy's Food Truck,,"PR-181, Trujillo Alto, 00976, Puerto Rico",18.3407287,-65.99611709999999,Trujillo Alto,Food Trucks
Guachile Tacos,,"La Variante, PR-175 KM 13.3, Trujillo Alto, 00976, Puerto Rico",18.358336,-66.0067294,Trujillo Alto,Food Trucks
La Receta,,"Carr 848 C. Saint Just KM 2, Carolina, 00982, Puerto Rico",18.381504,-65.9944144,Trujillo Alto,Food Trucks
Miramar Food Truck Park,,"1006 Av. de la Constitución, San Juan, 00907, Puerto Rico",18.4531242,-66.07851149999999,Trujillo Alto,Food Trucks
El Barrilón Foodtruck,,"Carreteta #876, Bo Km 4.3, Trujillo Alto, 00976, Puerto Rico",18.3668073,-66.0120706,Trujillo Alto,Food Trucks
Pa’l Yunque Food Park,,"96CJ+583, 34 1 min, Palmer, Río Grande 00745, Puerto Rico",18.3704101,-65.7692679,Trujillo Alto,Food Trucks
Benditos,,"9X4W+GJH, Trujillo Alto, 00976, Puerto Rico",18.3567266,-66.0036962,Trujillo Alto,Food Trucks
PASTA TO GO - TRUJILLO ALTO,,"Trujillo Alto, 00976, Puerto Rico",18.3704659,-66.01746179999999,Trujillo Alto,Food Trucks
Birimbao Food Truck,,"Carr. 181 Km. 23.6, Gurabo, 00778, Puerto Rico",18.2633669,-65.9651748,Trujillo Alto,Food Trucks
Placita San Miguel,,"Expreso, PR-181, Trujillo Alto, 00976, Puerto Rico",18.3669578,-66.009039,Trujillo Alto,Food Trucks
Bakery Box,,"9X8R+MGG, Trujillo Alto, 00976, Puerto Rico",18.3665831,-66.0086367,Trujillo Alto,Postres
Dolce Karamella,,"H-18 C. A, Trujillo Alto, 00976, Puerto Rico",18.370174,-66.0273574,Trujillo Alto,Postres
Dulce Life Tienda de Postres,,"Bo. La Gloria, Carr. 181 Km 59.4, Trujillo Alto, 00977, Puerto Rico",18.3408207,-65.9963368,Trujillo Alto,Postres
Dos Bocas Bakery,,"PR-181, Trujillo Alto, 00976, Puerto Rico",18.338782,-65.990019,Trujillo Alto,Postres
Nanichi Repostería Artesanal,,"Plaza Del Mercado, C. Dr. Fernández Local #5, Trujillo Alto, 00976, Puerto Rico",18.3544287,-66.0070799,Trujillo Alto,Postres
Repostería Kannella (Trujillo Alto),,"PLAZA MATIENZO SHOPPING CENTER, Trujillo Alto, 00976, Puerto Rico",18.3642411,-65.9965504,Trujillo Alto,Postres
Panaderia El Punto La Gloria,,"Carr 181 Km 8. Bo, Trujillo Alto, 00976, Puerto Rico",18.3413062,-65.9972404,Trujillo Alto,Postres
Panaderia y Reposteria La Ruca,,"9X7H+G6G, Las Cumbres Ave, Trujillo Alto, 00976, Puerto Rico",18.3638188,-66.0219225,Trujillo Alto,Postres
Rincón del Viajero Cafe,,"Carr. 181, Bo Gallery, Local #101, Trujillo Alto, 00977, Puerto Rico",18.3687371,-66.015332,Trujillo Alto,Postres
Mambas Shack,,"24 Cll Muñoz Rivera, Trujillo Alto, 00976, Puerto Rico",18.3538728,-66.0069086,Trujillo Alto,Postres
Jungle's Café,,"47 PR-846, Trujillo Alto, 00976, Puerto Rico",18.3790472,-66.0254447,Trujillo Alto,Postres
El Punto Restaurant La Gloria,,"PR-181, Trujillo Alto 00976, Puerto Rico",18.3411773,-65.997301,Trujillo Alto,Restaurantes
La Loma de Rafo,,"8XWP+58, Trujillo Alto, 00926, Puerto Rico",18.3454156,-66.01412690000001,Trujillo Alto,Jangueo
"Bohio El Jagua, Chinchorro",,"PR-852 Km 7.2, Trujillo Alto, 00976, Puerto Rico",18.3080803,-65.9456807,Trujillo Alto,Jangueo
The Roof,,"Carr 8860, Trujillo Alto, 00976, Puerto Rico",18.3641642,-65.9964243,Trujillo Alto,Jangueo
Placita San Miguel,,"Expreso, PR-181, Trujillo Alto, 00976, Puerto Rico",18.3669578,-66.009039,Trujillo Alto,Jangueo
Nativos,,"Plaza Western Auto, Suite107, Trujillo Alto, 00976, Puerto Rico",18.3686729,-66.01571659999999,Trujillo Alto,Jangueo
El Bosquecito Familiar,,"28 Carretera 181, esquina 846, Trujillo Alto, San Juan 00976, Puerto Rico",18.3797034,-66.0257288,Trujillo Alto,Jangueo
Lechonera Angelito's Place,,"PR 175 Km. 4.8 Bo. Carraizo Puerto Rico3h. Bs, Trujillo Alto, 00725, Puerto Rico",18.3172905,-66.026766,Trujillo Alto,Jangueo
Sabor de México Trujillo Alto,,"172 Calle 3, Trujillo Alto, 00976, Puerto Rico",18.3774125,-66.00714959999999,Trujillo Alto,Jangueo
La Fondita de Leo 🇵🇷,,"Centro Comercial Plaza Matienzo Edif A Suite, 103 Carr 8860 Km 1.2, Trujillo Alto, 00976, Puerto Rico",18.3640375,-65.996707,Trujillo Alto,Jangueo
Rincón del Viajero Cafe,,"Carr. 181, Bo Gallery, Local #101, Trujillo Alto, 00977, Puerto Rico",18.3687371,-66.015332,Trujillo Alto,Jangueo
Piscolabis Mexicanos,,"9X5W+HV8, PR-8860, Trujillo Alto, 00976, Puerto Rico",18.3589152,-66.0027891,Trujillo Alto,Jangueo
Esencia Criolla,,"Centro Comercial Lago Alto, local 9, Trujillo Alto, 00976, Puerto Rico",18.3646433,-66.00963639999999,Trujillo Alto,Jangueo
Jungle's Café,,"47 PR-846, Trujillo Alto, 00976, Puerto Rico",18.3790472,-66.0254447,Trujillo Alto,Jangueo
PLAZA SAN MIGUEL,,"9X8R+GF2, Unnamed Road, Trujillo Alto, 00976, Puerto Rico",18.3662744,-66.0088526,Trujillo Alto,Jangueo
Oriental Palace,,"CARR 181 Oriental Palace Express Local C-4, Trujillo Alto, 00976, Puerto Rico",18.3552718,-66.00284669999999,Trujillo Alto,Jangueo
Deleite,,"9X8R+Q54, Trujillo Alto, 00976, Puerto Rico",18.3668859,-66.0095365,Trujillo Alto,Jangueo
El Castillo Criollo Rest.,,"Centro comercial park gardens,expresó Trujillo alto, San Juan, 00926, Puerto Rico",18.3893974,-66.0315636,Trujillo Alto,Jangueo
Tsunami Sushi To Go,,"PR876BORICAI, 9XGH+VGP, Trujillo Alto, 00976, Puerto Rico BORICAI, 9XGH+VGP, Trujillo Alto, 00976, Puerto Rico",18.3770425,-66.0210501,Trujillo Alto,Jangueo
Barcelona Bakery & Deli,,"Carr. 848 km 2.0 Saint Just, Trujillo Alto, 00976, Puerto Rico",18.37846,-66.001068,Trujillo Alto,Jangueo
Vin'us,,"The Mall of San Juan Blvd, San Juan, 00924, Puerto Rico",18.4129899,-66.025632,Trujillo Alto,Jangueo
Hiedra Cocktail Bar,,"8wvh+9fp, San Juan, 00926, Puerto Rico",18.3433695,-66.0714601,Trujillo Alto,Jangueo
100x35 Beer Boutique,,"Villas de San Francisco Plaza I, 89 Avenue de Diego Ste 101, San Juan, 00927, Puerto Rico",18.3827744,-66.0740041,Trujillo Alto,Jangueo
"In Salon, Plaza Matienzo",,"Plaza Matienzo Carr 8860 Edif, C. 9, Trujillo Alto, 00977, Puerto Rico",18.3645547,-65.9969929,Trujillo Alto,Jangueo
The Flight Park,,"CXPQ+R5G, Carolina, 00979, Puerto Rico",18.4370595,-66.01203989999999,Trujillo Alto,Jangueo
Food Street,,"1319 Avenida F.D. Roosevelt, San Juan, 00920, Puerto Rico",18.4137549,-66.0903902,Trujillo Alto,Jangueo
Papa Johns Pizza,,"Lago Alto Shopping Center, Trujillo Alto, 00976, Puerto Rico",18.3645046,-66.0095035,Trujillo Alto,Jangueo
Nativos,,"Plaza Western Auto, Suite107, Trujillo Alto, 00976, Puerto Rico",18.3686729,-66.01571659999999,Trujillo Alto,Jangueo
Piscolabis Mexicanos,,"9X5W+HV8, PR-8860, Trujillo Alto, 00976, Puerto Rico",18.3589152,-66.0027891,Trujillo Alto,Jangueo
Las Jibaritas Food Truck,,"Expreso Trujillo Alto, #181 Urb. Lago Alto, San Juan, Trujillo Alto 00926, Puerto Rico",18.3649428,-66.00714839999999,Trujillo Alto,Jangueo
Bakery Box,,"9X8R+MGG, Trujillo Alto, 00976, Puerto Rico",18.3665831,-66.0086367,Trujillo Alto,Jangueo
Asado BBQ,,"199 PR 850, Trujillo Alto, 00976, Puerto Rico",18.3677426,-66.01560719999999,Trujillo Alto,Jangueo
El Bosquecito Familiar,,"28 Carretera 181, esquina 846, Trujillo Alto, San Juan 00976, Puerto Rico",18.3797034,-66.0257288,Trujillo Alto,Jangueo
Mambas Shack,,"24 Cll Muñoz Rivera, Trujillo Alto, 00976, Puerto Rico",18.3538728,-66.0069086,Trujillo Alto,Jangueo
Tsunami Sushi To Go,,"PR876BORICAI, 9XGH+VGP, Trujillo Alto, 00976, Puerto Rico BORICAI, 9XGH+VGP, Trujillo Alto, 00976, Puerto Rico",18.3770425,-66.0210501,Trujillo Alto,Jangueo
La Fondita de Leo 🇵🇷,,"Centro Comercial Plaza Matienzo Edif A Suite, 103 Carr 8860 Km 1.2, Trujillo Alto, 00976, Puerto Rico",18.3640375,-65.996707,Trujillo Alto,Jangueo
Sabor de México Trujillo Alto,,"172 Calle 3, Trujillo Alto, 00976, Puerto Rico",18.3774125,-66.00714959999999,Trujillo Alto,Jangueo
Sorriso Sportbar,,"Carr 181, Cam. Felipe Alemán km 58.7, Trujillo Alto 00976, Puerto Rico",18.3385932,-65.9906601,Trujillo Alto,Jangueo
Esencia Criolla,,"Centro Comercial Lago Alto, local 9, Trujillo Alto, 00976, Puerto Rico",18.3646433,-66.00963639999999,Trujillo Alto,Jangueo
El Sabor'Estaki,,"urb.Villas De Caney Calle Aracibo, A1 carr.199, Trujillo Alto, 00976, Puerto Rico",18.3641896,-66.0212583,Trujillo Alto,Jangueo
Barcelona Bakery & Deli,,"Carr. 848 km 2.0 Saint Just, Trujillo Alto, 00976, Puerto Rico",18.37846,-66.001068,Trujillo Alto,Jangueo
Hiedra Cocktail Bar,,"8wvh+9fp, San Juan, 00926, Puerto Rico",18.3433695,-66.0714601,Trujillo Alto,Jangueo
Oriental Palace,,"CARR 181 Oriental Palace Express Local C-4, Trujillo Alto, 00976, Puerto Rico",18.3552718,-66.00284669999999,Trujillo Alto,Jangueo
Food Street,,"1319 Avenida F.D. Roosevelt, San Juan, 00920, Puerto Rico",18.4137549,-66.0903902,Trujillo Alto,Jangueo
Jungle's Café,,"47 PR-846, Trujillo Alto, 00976, Puerto Rico",18.3790472,-66.0254447,Trujillo Alto,Jangueo
Lechonera Angelito's Place,,"PR 175 Km. 4.8 Bo. Carraizo Puerto Rico3h. Bs, Trujillo Alto, 00725, Puerto Rico",18.3172905,-66.026766,Trujillo Alto,Jangueo
La Loma de Rafo,,"8XWP+58, Trujillo Alto, 00926, Puerto Rico",18.3454156,-66.01412690000001,Trujillo Alto,Jangueo
El Punto Restaurant La Gloria,,"PR-181, Trujillo Alto 00976, Puerto Rico",18.3411773,-65.997301,Trujillo Alto,Restaurantes
El Escondite Sport Bar,,"9XC7+G5M, Cll Acuario, San Juan, 00926, Puerto Rico",18.3713417,-66.0370748,Trujillo Alto,Jangueo
Placita San Miguel,,"Expreso, PR-181, Trujillo Alto, 00976, Puerto Rico",18.3669578,-66.009039,Trujillo Alto,Jangueo
El Castillo Criollo Rest.,,"Centro comercial park gardens,expresó Trujillo alto, San Juan, 00926, Puerto Rico",18.3893974,-66.0315636,Trujillo Alto,Jangueo
100x35 Beer Boutique,,"Villas de San Francisco Plaza I, 89 Avenue de Diego Ste 101, San Juan, 00927, Puerto Rico",18.3827744,-66.0740041,Trujillo Alto,Jangueo
"Bohio El Jagua, Chinchorro",,"PR-852 Km 7.2, Trujillo Alto, 00976, Puerto Rico",18.3080803,-65.9456807,Trujillo Alto,Jangueo
Panaderia El Punto La Gloria,,"Carr 181 Km 8. Bo, Trujillo Alto, 00976, Puerto Rico",18.3413062,-65.9972404,Trujillo Alto,Jangueo
Repostería Kannella (Trujillo Alto),,"PLAZA MATIENZO SHOPPING CENTER, Trujillo Alto, 00976, Puerto Rico",18.3642411,-65.9965504,Trujillo Alto,Jangueo
"Bonding Food & Beer Garden - Carolina, Puerto Rico",,"65 Infantería Km.10.7 Carolina Industrial Park, Carolina, 00987, Puerto Rico",18.3760454,-65.9562345,Trujillo Alto,Jangueo
Sabana’s Sport Bar,,"825X+3WR, Trujillo Alto, 00976, Puerto Rico",18.3077387,-65.9502281,Trujillo Alto,Jangueo
El Platanal,,"Av. 65 de Infantería, San Juan, Carolina 00987, Puerto Rico",18.3986935,-65.99408749999999,Trujillo Alto,Jangueo
La Preñá - Calle Loíza,,"1810 C. Loíza, San Juan, 00911, Puerto Rico",18.4513787,-66.0591603,Trujillo Alto,Jangueo
DESARROPE BY Vidy's,,"104 Av. Universidad, San Juan, 00925, Puerto Rico",18.4029816,-66.0548271,Trujillo Alto,Jangueo
Bohiques Rest & Bar,,"58 Cll Hatillo, San Juan, 00918, Puerto Rico",18.4108905,-66.0550689,Trujillo Alto,Jangueo
Papa Johns Pizza,,"Lago Alto Shopping Center, Trujillo Alto, 00976, Puerto Rico",18.3645046,-66.0095035,Trujillo Alto,Jangueo
Rincón del Viajero Cafe,,"Carr. 181, Bo Gallery, Local #101, Trujillo Alto, 00977, Puerto Rico",18.3687371,-66.015332,Trujillo Alto,Jangueo
El Cabo,,"PR-187, Carolina, Loíza 00772, Puerto Rico",18.4569308,-65.98541159999999,Trujillo Alto,Jangueo
Our House Rest & Bar,,"100 Av. San Patricio ST-10, Guaynabo, 00968, Puerto Rico",18.4081776,-66.1058065,Trujillo Alto,Jangueo
Jalisco Restaurant & Sports Bar,,"15250 Av. 65 de Infantería, Carolina, 00987, Puerto Rico",18.3834561,-65.96732469999999,Trujillo Alto,Restaurantes
The Flight Park,,"CXPQ+R5G, Carolina, 00979, Puerto Rico",18.4370595,-66.01203989999999,Trujillo Alto,Jangueo
El Punto 8 Sport Bar,,"901 Cll Hypolais, San Juan, 00924, Puerto Rico",18.4083342,-66.0077283,Trujillo Alto,Jangueo
Miramar Food Truck Park,,"1006 Av. de la Constitución, San Juan, 00907, Puerto Rico",18.4531242,-66.07851149999999,Trujillo Alto,Jangueo
Echate Pa'k Bar & Grill,,"1-9 Cll 15, Carolina, 00985, Puerto Rico",18.3912089,-65.9669011,Trujillo Alto,Jangueo
La Jamberguera,,"Av. Tte. César Luis González, San Juan, 00918, Puerto Rico",18.4138206,-66.0654587,Trujillo Alto,Jangueo
Metro Sport Bar & Grill,,"9W9F+896, San Juan, 00926, Puerto Rico",18.3682798,-66.0766051,Trujillo Alto,Jangueo
El Gazebo de Tino,,"92H2+P6J, Calle, Trujillo Alto, 00976, Puerto Rico",18.3793418,-65.9994782,Trujillo Alto,Jangueo
La Puya Café,,"Carr 876, Bo Km 3.1, Trujillo Alto, 00976, Puerto Rico",18.3770798,-66.0211492,Trujillo Alto,Jangueo
Rafi's Restaurant Bar & Grill,,"187, km 4.5, Loíza, 00772, Puerto Rico",18.457347,-65.9855128,Trujillo Alto,Jangueo
Hacienda Dos Rios,,"82Q6+C65, PR-181, Trujillo Alto, 00976, Puerto Rico",18.3385086,-65.9894005,Trujillo Alto,Jangueo
Piloneando Toa Alta,,"9Q8H+R87 Carretera 861, Bo KM 6.5, Pajaros, Toa Alta 00953, Puerto Rico",18.3670625,-66.22168750000002,Toa Alta,Restaurantes
Hacienda Rosado Ayala,,"carr. 165, Bo km. 7.1, Toa Alta, 00953, Puerto Rico",18.3587602,-66.2671342,Toa Alta,Restaurantes
Delirium Restaurant,,"9Q7R+2PR, Avenida Toa Alta Heights, Toa Alta, 00953, Puerto Rico",18.362831,-66.207784,Toa Alta,Restaurantes
Candela Great Candy,,"Carr. 861 Km 6.2, Toa Alta, 00953, Puerto Rico",18.3680901,-66.2175718,Toa Alta,Restaurantes
Affogata -Toa Alta,,"PR-861, Toa Alta, 00953, Puerto Rico",18.3756085,-66.20446960000001,Toa Alta,Restaurantes
Barbacoa 861,,"PR-861 km 5.9, Toa Alta, 00953, Puerto Rico",18.3677224,-66.21844779999999,Toa Alta,Restaurantes
Cafeliz,,"Toa Alta, 00953, Puerto Rico",18.3896782,-66.25327170000001,Toa Alta,Restaurantes
Platanean 2,,"Bo, PR-165 km 10.3, Toa Alta, 00953, Puerto Rico",18.382714,-66.2542759,Toa Alta,Restaurantes
The Tank Bar & Grill,,"Bo. Ortiz Carretera 829 km. 0.8, Toa Alta, 00953, Puerto Rico",18.3665875,-66.2089834,Toa Alta,Jangueo
La Fonda,,"PR-165 km 5.4, Toa Alta, 00953, Puerto Rico",18.3465932,-66.2704725,Toa Alta,Restaurantes
Que onda,,"Avenida Toa Alta Heights, Toa Alta, 00953, Puerto Rico",18.3624793,-66.2127718,Toa Alta,Restaurantes
The Fury Bar & Grill,,"Bo ortiz carr 829 km 1.7, Toa Alta, 00953, Puerto Rico",18.3590325,-66.2068663,Toa Alta,Jangueo
Hacienda El Mandril,,"Sector Mandril, PR-861 KM 10.7, Toa Alta, 00953, Puerto Rico",18.3811624,-66.2497064,Toa Alta,Restaurantes
Wah Lung Restaurant,,"Centro Commercial Toa Alta Heights, Local #2, Toa Alta, 00953, Puerto Rico",18.3623395,-66.2114088,Toa Alta,Restaurantes
The Kañaveral,,"Galateo Toa Alta 00953, Toa Alta 00953, Puerto Rico",18.3594106,-66.2679381,Toa Alta,Restaurantes
El Che By Richard Resto,,"9Q8H+P9M, PR-861, Toa Alta, 00953, Puerto Rico",18.366835,-66.2215733,Toa Alta,Restaurantes
Pa' Q Piques en el Chaparral,,"Carr.829 km.1.3, Toa Alta, 00953, Puerto Rico",18.3667582,-66.2237413,Toa Alta,Restaurantes
ContenedorPr,,"Candelaria, Toa Baja 00949, Puerto Rico",18.4051479,-66.2015967,Toa Alta,Restaurantes
Aníbal BBQ,,"9PPW+FPW, PR-165, Toa Alta, 00953, Puerto Rico",18.3862277,-66.2531628,Toa Alta,Restaurantes
TOA ALTA BBQ,,"9PFQ+PC8, Toa Alta, 00953, Puerto Rico",18.3742927,-66.2614289,Toa Alta,Restaurantes
Ruta 861 Bar & Restaurant,,"Carr. 861 km 6.0, Toa Alta, 00953, Puerto Rico",18.367551,-66.2193099,Toa Alta,Restaurantes
El Kampestre,,"D29 Avenida Boulevard carretera 868, C. Marina, Mansión del Mar, Toa Baja 00949, Puerto Rico",18.4530163,-66.1858141,Toa Alta,Restaurantes
La Cabaña,,"Urb. Levittown Ave. Dos Palmas Local #2832, Toa Baja, 00949, Puerto Rico",18.4501563,-66.17614379999999,Toa Alta,Restaurantes
The Vega Alta Family Corner,,"Carretera 677 k 4 h3 Barrio, Maricao, Vega Alta 00692, Puerto Rico",18.3741383,-66.3304331,Toa Alta,Restaurantes
lala Puerto Rico,,"The Mall of San Juan Blvd, San Juan, 00924, Puerto Rico",18.4128046,-66.0252278,Toa Alta,Restaurantes
Millie's Place,,"377-P Cll Acueducto, Toa Baja, 00952, Puerto Rico",18.4290954,-66.18480939999999,Toa Alta,Restaurantes
AQA Oceanfront,,"Mezzanine Level, 1077 Ashford Ave, San Juan, 00907, Puerto Rico",18.4575647,-66.0738764,Toa Alta,Restaurantes
"La Pachanga, Dorado",,"Méndez Vigo Rd, Dorado, 00950, Puerto Rico",18.4565035,-66.2557296,Toa Alta,Restaurantes
KGB Dorado: Kitchen Gallery Bistro Dorado,,"Ave Higuillar, Dorado, 00646, Puerto Rico",18.4648121,-66.2815963,Toa Alta,Restaurantes
Gordo's Tacos,,"CM7J+8M6, Vega Alta, 00692, Puerto Rico",18.4132779,-66.3183438,Toa Alta,Restaurantes
Panadería Génesis,,"PR-861, Toa Alta, 00953, Puerto Rico",18.3715789,-66.2151875,Toa Alta,Restaurantes
Santaella,,"219 C. Canals, San Juan, 00907, Puerto Rico",18.4500874,-66.0698676,Toa Alta,Restaurantes
El Paseo: Restaurant and Sport Bar,,"76 C. Luis Muñoz Rivera local #60, Vega Alta, 00692, Puerto Rico",18.4123516,-66.3299255,Toa Alta,Restaurantes
Piloneando Cocina Puertoriqueña,,"205 Calle Federico Costas, San Juan, 00918, Puerto Rico",18.4257108,-66.0710075,Toa Alta,Restaurantes
La Cucina Italiana di Franco & Gemma,,"3412 Blvd. Levittown, Toa Baja, 00949, Puerto Rico",18.4565279,-66.18773759999999,Toa Alta,Restaurantes
Don Frappé Inc.,,"8V72+353, PR-2, Añasco, 00610, Puerto Rico",18.3127472,-67.1495597,Toa Alta,Restaurantes
Andale Mexican Restaurant,,"8PVF+MHM, PR-159, Corozal, Toa Alta 00783, Puerto Rico",18.3442046,-66.2760843,Toa Alta,Restaurantes
El Campo Es Leña,,"521 km 8.1 00601, Carr. Valdes, Adjuntas, 00601, Puerto Rico",18.1644377,-66.6820386,Toa Alta,Restaurantes
El Oasis Patio Bar,,"PR-693, Sabana, Vega Alta 00692, Puerto Rico",18.4693609,-66.3230222,Toa Alta,Restaurantes
Mister Flauta,,"https://maps.app.goo.gl/t9tU62Lup5x5K4Vd8?g_st=ic, BB18 calle Las cumbres, Bayamón, 00957, Puerto Rico",18.3655858,-66.19147579999999,Toa Alta,Restaurantes
La Mina Mexicana,,"Levittown, Toa Baja 00949, Puerto Rico",18.4353709,-66.1783908,Toa Alta,Restaurantes
Levant San Juan,,"Mezzanine Level, 1077 Ashford Ave, San Juan, 00907, Puerto Rico",18.4577071,-66.07382009999999,Toa Alta,Restaurantes
La Bodeguita de Luis,,"Ave. Boulevard 3409 Levittown, Mansión del Mar, Toa Baja 00949, Puerto Rico",18.4569296,-66.1877308,Toa Alta,Restaurantes
Aquino Bakery,,"CRPC+CCW, Cll Lago Cerrillo, Levittown, Toa Baja 00949, Puerto Rico",18.4361225,-66.17892859999999,Toa Alta,Restaurantes
Ola Ocean Front Bistro,,"Pool Level, 1055 Av. Ashford, San Juan, 00907, Puerto Rico",18.4592442,-66.0765057,Toa Alta,Restaurantes
Wilo Eatery and Bar,,"B5 Cll Tabonuco, Guaynabo, 00968, Puerto Rico",18.4069407,-66.1063715,Toa Alta,Restaurantes
Cuates Cocina Mexicana,,"6 Carr. Pampanos, Vega Alta, 00692, Puerto Rico",18.4117844,-66.3189945,Toa Alta,Restaurantes
Harry's Taco,,"PR-868, Levittown, Toa Baja 00949, Puerto Rico",18.4460087,-66.1756278,Toa Alta,Restaurantes
Cano's Pizza Palace,,"2830 Av. dos Palmas, Mansión del Mar, Toa Baja 00949, Puerto Rico",18.4503645,-66.1760683,Toa Alta,Restaurantes
Mario Pagán Restaurant,,"1110 Magdalena Ave, San Juan, 00907, Puerto Rico",18.4559882,-66.0741977,Toa Alta,Restaurantes
Grappa,,"247 Méndez Vigo Rd, Dorado, 00646, Puerto Rico",18.4586137,-66.2608844,Toa Alta,Restaurantes
Marmalade,,"317 C. de la Fortaleza, San Juan, 00901, Puerto Rico",18.4656092,-66.11331659999999,Toa Alta,Restaurantes
Pizzeria El Pizzarrón,,"carr. 690 Km 5 6, Sabana, Vega Alta 00692, Puerto Rico",18.464484,-66.345529,Toa Alta,Restaurantes
Serafina San Juan Restaurant,,"1077 Ashford Ave, San Juan, 00907, Puerto Rico",18.457206,-66.0744572,Toa Alta,Restaurantes
El Asador The Grill House Old San Juan,,"350 C. de San Francisco, San Juan, 00901, Puerto Rico",18.4661942,-66.1133251,Toa Alta,Restaurantes
Cafeliz,,"Toa Alta, 00953, Puerto Rico",18.3896782,-66.25327170000001,Toa Alta,Coffee Shops
Ristretto Café,,"9QFH+P3Q, PR-819, Toa Alta, 00953, Puerto Rico",18.3743368,-66.22227769999999,Toa Alta,Coffee Shops
Séntesis café,,"km2.4 Carretera 804, Galateo, Toa Alta 00953, Puerto Rico",18.357979,-66.2476758,Toa Alta,Coffee Shops
El Taller Coffee Shop,,"PR-2 km. 16.7, Candelaria, Toa Baja 00949, Puerto Rico",18.4047358,-66.2055621,Toa Alta,Coffee Shops
Café y Medio,,"18.37235 66.21423, Toa Alta, 00953, Puerto Rico",18.3723611,-66.2142927,Toa Alta,Coffee Shops
Adrenaline Café,,"Jardines de Toa Alta Calle 1 Esquina, 7, Toa Alta, 00953, Puerto Rico",18.3914647,-66.2477815,Toa Alta,Coffee Shops
Panaderías Tosta'o: El Gran Maestro,,"PR-165, Toa Alta, 00953, Puerto Rico",18.3401482,-66.2746623,Toa Alta,Coffee Shops
Boricuafe,,"9Q6J+74H, Avenida Toa Alta Heights, Toa Alta, 00953, Puerto Rico",18.3606801,-66.2196445,Toa Alta,Coffee Shops
LG Vibrants,,"Barrio Quebrada Cruz, 2 PR-165 km 5, Toa Alta, 00953, Puerto Rico",18.345117,-66.2718402,Toa Alta,Coffee Shops
Tostao Yadrian Bakers,,"9Q2J+PMQ, PR-828, Toa Alta, 00953, Puerto Rico",18.3518121,-66.2183658,Toa Alta,Coffee Shops
Affogato Gelato,,"9PPW+4M2, Toa Alta, 00953, Puerto Rico",18.3852749,-66.253355,Toa Alta,Coffee Shops
Café Bernardo,,"9MCR+PQ3, Carr. 820, Toa Alta, 00953, Puerto Rico",18.3717508,-66.3080853,Toa Alta,Coffee Shops
Minerva's Bakery,,"Urb Levittville, SE-19, 7ma Sección, Av. Amalia Paoli, Levittown, Toa Baja 00949, Puerto Rico",18.4354828,-66.1776984,Toa Alta,Coffee Shops
Dream Coffee,,"PR-693, Dorado, Vega Alta 00646, Puerto Rico",18.4674284,-66.33339029999999,Toa Alta,Coffee Shops
Elementos Café,,"PR-2, Toa Baja, 00949, Puerto Rico",18.4040524,-66.2192623,Toa Alta,Coffee Shops
Momentos Café Coffee Shop & Bistro,,"Cll Marginal, Vega Alta, 00692, Puerto Rico",18.4132752,-66.3169461,Toa Alta,Coffee Shops
Frappe artesanal,,"9PMW+VJJ, PR-165, Toa Alta, 00953, Puerto Rico",18.3844247,-66.2535379,Toa Alta,Coffee Shops
MANÁ LEMONADE,,"9QP2+QHW, PR-861, Toa Alta, 00953, Puerto Rico",18.3869799,-66.2485564,Toa Alta,Coffee Shops
Cafe de la Abuela,,"9Q3J+WHM, PR-828, Toa Alta, 00953, Puerto Rico",18.3548466,-66.2185793,Toa Alta,Coffee Shops
El Bizcocho de Titi,,"52 Calle 4, Toa Alta, 00953, Puerto Rico",18.3911567,-66.252453,Toa Alta,Coffee Shops
Cake Me A Coffee,,"Al lado de Cooperativa San Miguel, 87 C. Georgetti, Naranjito, 00719, Puerto Rico",18.3007856,-66.24389339999999,Toa Alta,Coffee Shops
The Goat Coffee & Bar,,"C. Rosa de Tejas, Levittown, Toa Baja 00949, Puerto Rico",18.4437758,-66.1761106,Toa Alta,Coffee Shops
Abba’s Cakes (Simply Blessed),,"28 Calle Antonio R Barcelo, Toa Alta, 00953, Puerto Rico",18.3888994,-66.24826209999999,Toa Alta,Coffee Shops
KaFFeina PR,,"Paseo Cresta 3171 3ra sección, Urb. Levittown, Toa Baja 00949, Puerto Rico",18.4562611,-66.18256,Toa Alta,Coffee Shops
Hacienda El Mandril,,"Sector Mandril, PR-861 KM 10.7, Toa Alta, 00953, Puerto Rico",18.3811624,-66.2497064,Toa Alta,Coffee Shops
PANADERÍA PAN FACTORY,,"34-42 PR-2, Vega Alta, Vega Baja 00692, Puerto Rico",18.4380827,-66.352004,Toa Alta,Coffee Shops
Guafles,,"Carr. #2 Km. 18.1, Toa Baja, 00949, Puerto Rico",18.4033045,-66.2124377,Toa Alta,Coffee Shops
Expreso Liquor Store & Cafetería,,"Carr 819 Km 1.3 Int, Toa Alta, 00953, Puerto Rico",18.3877899,-66.2155911,Toa Alta,Coffee Shops
3 Brothers Grocery Store Cafe,,"Carr 824 km 3.5, Toa Alta, 00954, Puerto Rico",18.3499647,-66.2477282,Toa Alta,Coffee Shops
Hacienda San Pedro,,"211 Av. Ing. Manuel Domenech, San Juan, 00918, Puerto Rico",18.4151705,-66.0601792,Toa Alta,Coffee Shops
Elixir Mystic Kava House,,"36 Calle Antonio R Barcelo, Toa Alta, 00953, Puerto Rico",18.3877871,-66.2484948,Toa Alta,Coffee Shops
Café Sinaí,,"32 Avenida Blvd Monroig SPC 2, Toa Baja, 00949, Puerto Rico",18.4414812,-66.17824829999999,Toa Alta,Coffee Shops
Moon Coffee,,"San José, Toa Baja 00949, Puerto Rico",18.4096831,-66.2586374,Toa Alta,Coffee Shops
Sin Prisa Coffee Shop,,"1804 C. Loíza, San Juan, 00911, Puerto Rico",18.4514175,-66.05944769999999,Toa Alta,Coffee Shops
Platanean 2,,"Bo, PR-165 km 10.3, Toa Alta, 00953, Puerto Rico",18.382714,-66.2542759,Toa Alta,Coffee Shops
ROSADO Coffee San Juan,,"873 Av. San Patricio, San Juan, 00921, Puerto Rico",18.3943966,-66.0915194,Toa Alta,Coffee Shops
Espresso Lab Coffee Shop,,"8020 Tartak St Hyatt Centric San Juan, Lobby, 8020 José M. Tartak Ave, Carolina, 00979, Puerto Rico",18.4406718,-66.02198229999999,Toa Alta,Coffee Shops
ANTOJITO MAÑANERO,,"9QJH+RJF, PR-819, Toa Alta, 00953, Puerto Rico",18.3820574,-66.2209525,Toa Alta,Coffee Shops
Ninosh KAFÉ,,"6 Calle 4, Toa Alta, 00953, Puerto Rico",18.3667497,-66.2231217,Toa Alta,Coffee Shops
Nieves Café,,"9Q42+WMF, Puerto Rico 824, Toa Alta, 00953, Puerto Rico",18.3573182,-66.2483307,Toa Alta,Coffee Shops
Dos de morena,,"9Q9J+4WC, Pájaros, Toa Alta 00953, Puerto Rico",18.3678125,-66.2177344,Toa Alta,Coffee Shops
Candela Great Candy,,"Carr. 861 Km 6.2, Toa Alta, 00953, Puerto Rico",18.3680901,-66.2175718,Toa Alta,Coffee Shops
Mucaro Hut,,"8QX9+9Q, Pájaros, Toa Alta 00953, Puerto Rico",18.3484806,-66.2304971,Toa Alta,Coffee Shops
Hacienda San Pedro,,"318 Avenida José de Diego, San Juan, 00923, Puerto Rico",18.4469101,-66.0679083,Toa Alta,Coffee Shops
Florpicaleo (Palo seco),,"130 Calle Manuel Enriquez, Toa Baja, 00949, Puerto Rico",18.4603965,-66.14586179999999,Toa Alta,Coffee Shops
Cuela Coffee Shop - Guaynabo Pueblo,,"46 Carazo St, Guaynabo, 00969, Puerto Rico",18.3601149,-66.11079529999999,Toa Alta,Coffee Shops
El Carretón de la Virgencita,,"CP5R+XFF, PR-2, Toa Alta, Toa Baja 00949, Puerto Rico",18.4099256,-66.2588299,Toa Alta,Coffee Shops
Sazon N tre 2,,"bo, Toa Alta, 00953, Puerto Rico",18.3879948,-66.2481738,Toa Alta,Coffee Shops
Tierra Adentro Coffee Shop,,"Calle Sta. Águeda, San Juan, 00926, Puerto Rico",18.3740435,-66.0543423,Toa Alta,Coffee Shops
Pac-Man Pizza,,"Barrio, Toa Alta 00953, Puerto Rico",18.3567532,-66.25610189999999,Toa Alta,Coffee Shops
Hot Dog Manía,,"9Q9M+MHF, Toa Alta, 00953, Puerto Rico",18.369279,-66.21619079999999,Toa Alta,Coffee Shops
Boca Boca Generales,,"CX43+5XH, San Juan, 00923, Puerto Rico",18.4053911,-66.0449995,Toa Alta,Coffee Shops
Paolo's Coffee,,"401 C. del Parque, San Juan, 00912, Puerto Rico",18.4452617,-66.0658325,Toa Alta,Coffee Shops
El Rincón De Guavate,,"Ave Puerto Rico 865, Toa Baja, 00949, Puerto Rico",18.4113995,-66.2330936,Toa Alta,Coffee Shops
Ice Donuts Toa Alta,,"8PXJ+QC3, Puerto Rico 824, Toa Alta, 00953, Puerto Rico",18.349399,-66.2689406,Toa Alta,Coffee Shops
Chevy's,,"URB WOODBRIDGE PARK 15 Allen ST, Toa Alta, 00953, Puerto Rico",18.3611342,-66.2311666,Toa Alta,Coffee Shops
Shooters Billiards Bar and Grill,,"La Fuente Shopping Center, Av. Jardín Real, Toa Alta, 00953, Puerto Rico",18.3964439,-66.2329148,Toa Alta,Jangueo
El Rincón Familiar,,"Bo, interior sect parcela nueva, 305 PR-165, Toa Alta, 00953, Puerto Rico",18.3867126,-66.2534122,Toa Alta,Coffee Shops
Hacienda Carrión Café de Altura,,"Urb. Rexville, BB18 Calle 38 / Las Cumbres, Bayamón, 00957, Puerto Rico",18.3656716,-66.1914613,Toa Alta,Coffee Shops
The Fury Bar & Grill,,"Bo ortiz carr 829 km 1.7, Toa Alta, 00953, Puerto Rico",18.3590325,-66.2068663,Toa Alta,Jangueo
Panaderías Tosta'o: El Gran Maestro,,"PR-165, Toa Alta, 00953, Puerto Rico",18.3401482,-66.2746623,Toa Alta,Panaderías
Estancia Bakery,,"Carr. 861 Km. 5.8 Bo, Toa Alta, 00953, Puerto Rico",18.3683949,-66.21648379999999,Toa Alta,Panaderías
Panadería Marce,,"9PQW+RMG, PR-165, Toa Alta, 00953, Puerto Rico",18.3895516,-66.2532901,Toa Alta,Panaderías
Repostería La Familia,,"9P6M+GH2, Galateo, Toa Alta 00953, Puerto Rico",18.3612734,-66.2661165,Toa Alta,Panaderías
Panadería La Fe,,"8PXJ+H7P, H. Rivera Colón, Toa Alta 00953, Puerto Rico",18.3489538,-66.269284,Toa Alta,Panaderías
The Summits Bakery,,"9P87+G46, Toa Alta 00953, Puerto Rico",18.3662867,-66.28721879999999,Toa Alta,Panaderías
El Bizcocho de Titi,,"52 Calle 4, Toa Alta, 00953, Puerto Rico",18.3911567,-66.252453,Toa Alta,Panaderías
Panadería Flor de España,,"9Q5V+W24, PR-829, Toa Alta, 00953, Puerto Rico",18.3597699,-66.2074231,Toa Alta,Panaderías
Panadería Génesis,,"PR-861, Toa Alta, 00953, Puerto Rico",18.3715789,-66.2151875,Toa Alta,Panaderías
Tostao Yadrian Bakers,,"9Q2J+PMQ, PR-828, Toa Alta, 00953, Puerto Rico",18.3518121,-66.2183658,Toa Alta,Panaderías
Panadería y Repostería Lemy,,"3376 Blvd. Levittown, Toa Baja, 00949, Puerto Rico",18.4535479,-66.1858912,Toa Alta,Panaderías
Aquino Bakery,,"CRPC+CCW, Cll Lago Cerrillo, Levittown, Toa Baja 00949, Puerto Rico",18.4361225,-66.17892859999999,Toa Alta,Panaderías
Candelaria Bakery toa baja,,"Carr. 865 km 4.3 #88, Toa Baja, 00949, Puerto Rico",18.4169308,-66.2188503,Toa Alta,Panaderías
PANADERÍA PAN FACTORY,,"34-42 PR-2, Vega Alta, Vega Baja 00692, Puerto Rico",18.4380827,-66.352004,Toa Alta,Panaderías
Cafeliz,,"Toa Alta, 00953, Puerto Rico",18.3896782,-66.25327170000001,Toa Alta,Panaderías
Panadería Borinqueña,,"Blvd De Levittown, Levittown, Toa Baja 00949, Puerto Rico",18.4457152,-66.1748305,Toa Alta,Panaderías
The Tank Bar & Grill,,"Bo. Ortiz Carretera 829 km. 0.8, Toa Alta, 00953, Puerto Rico",18.3665875,-66.2089834,Toa Alta,Jangueo
The Fury Bar & Grill,,"Bo ortiz carr 829 km 1.7, Toa Alta, 00953, Puerto Rico",18.3590325,-66.2068663,Toa Alta,Jangueo
Last Jump,,"PR827, Toa Alta 00953, Puerto Rico",18.3335059,-66.2080671,Toa Alta,Jangueo
The Lemon Bar & Grill / Anita's,,"9P84+3X4, H. Rivera Colón, Toa Alta 00953, Puerto Rico",18.3651451,-66.2925362,Toa Alta,Jangueo
Hacienda El Mandril,,"Sector Mandril, PR-861 KM 10.7, Toa Alta, 00953, Puerto Rico",18.3811624,-66.2497064,Toa Alta,Jangueo
Shooters Billiards Bar and Grill,,"La Fuente Shopping Center, Av. Jardín Real, Toa Alta, 00953, Puerto Rico",18.3964439,-66.2329148,Toa Alta,Jangueo
870 Rooftop Bar and Grill,,"9P7G+HR7, PR-823, Toa Alta, 00953, Puerto Rico",18.3639188,-66.2729521,Toa Alta,Jangueo
Player's Sport Bar,,"9PMW+VJJ, PR-165, Toa Alta, 00953, Puerto Rico",18.3847142,-66.2534816,Toa Alta,Jangueo
THE HIT DE ORO SPORT BAR,,"9PFQ+R8W, PR-165, Toa Alta, 00953, Puerto Rico",18.3746158,-66.26168679999999,Toa Alta,Jangueo
#MALA VIDA SPORT BAR,,"URB. TOA ALTA HEIGHTS, D-13 Av. Principal Sur, Toa Alta, 00953, Puerto Rico",18.3631073,-66.21085529999999,Toa Alta,Jangueo
El Josco Bar & Grill,,"9PPW+RHH, PR-165, Toa Alta, 00953, Puerto Rico",18.3870512,-66.2535244,Toa Alta,Jangueo
Ruta 861 Bar & Restaurant,,"Carr. 861 km 6.0, Toa Alta, 00953, Puerto Rico",18.367551,-66.2193099,Toa Alta,Restaurantes
Contra El Viento,,"Ave Puerto Rico 865, Toa Baja 00949, Puerto Rico",18.4119708,-66.2271887,Toa Alta,Jangueo
Pikyjuega,,"PR-159 Km. 20.6, Toa Alta, 00953, Puerto Rico",18.3440073,-66.2761912,Toa Alta,Jangueo
Candela Great Candy,,"Carr. 861 Km 6.2, Toa Alta, 00953, Puerto Rico",18.3680901,-66.2175718,Toa Alta,Jangueo
1 y Ya’,,"9PGR+24W, Toa Alta, 00953, Puerto Rico",18.3750619,-66.259629,Toa Alta,Jangueo
Barra 360 & Lucky Spot,,"Sector Mandril, PR-861 KM 10.7, Toa Alta, 00953, Puerto Rico",18.3803311,-66.2496239,Toa Alta,Jangueo
JJM Sport Bar,,"Avenida Toa Alta Heights, Toa Alta, 00953, Puerto Rico",18.3625004,-66.2126948,Toa Alta,Jangueo
El Cielito,,"Contorno,, 9PHM+2QW, Toa Alta, 00953, Puerto Rico",18.3776169,-66.2655485,Toa Alta,Jangueo
Piloneando Toa Alta,,"9Q8H+R87 Carretera 861, Bo KM 6.5, Pajaros, Toa Alta 00953, Puerto Rico",18.3670625,-66.22168750000002,Toa Alta,Jangueo
El Oasis Patio Bar,,"PR-693, Sabana, Vega Alta 00692, Puerto Rico",18.4693609,-66.3230222,Toa Alta,Jangueo
Bar La Carcajada,,"9Q9M+HC4, PR-861, Toa Alta, 00953, Puerto Rico",18.368886,-66.2164092,Toa Alta,Jangueo
Rudy's Pub - Sopas,,"8PWJ+5X2, Calle Secc. Punta Brava, H. Rivera Colon, Toa Alta 00953, Puerto Rico",18.3453999,-66.2676139,Toa Alta,Jangueo
Nereida's Porch Pub,,"8PRF+FF7, Corozal 00953, Puerto Rico",18.3411631,-66.27632539999999,Toa Alta,Jangueo
Julius Pizza,,"1000 La Fuente Shopping Center, Ste 33, Toa Alta, 00953, Puerto Rico",18.3960921,-66.2332282,Toa Alta,Jangueo
La Barricas Sport Bar,,"9Q9J+486, Pájaros, Toa Alta 00953, Puerto Rico",18.3671507,-66.2198792,Toa Alta,Jangueo
Barbacoa 861,,"PR-861 km 5.9, Toa Alta, 00953, Puerto Rico",18.3677224,-66.21844779999999,Toa Alta,Jangueo
Cafeliz,,"Toa Alta, 00953, Puerto Rico",18.3896782,-66.25327170000001,Toa Alta,Jangueo
El Rincón De Kabiyo,,"00953 Carr. 829, Bayamón, Toa Alta 00957, Puerto Rico",18.3599751,-66.2073219,Toa Alta,Jangueo
Lucky Spot (Agencia Hípica & Bar),,"9QH2+W6Q, Toa Alta, 00953, Puerto Rico",18.379838,-66.2493956,Toa Alta,Jangueo
John John Restaurant,,"Puerto Rico 824, Toa Alta, 00953, Puerto Rico",18.3578125,-66.2475625,Toa Alta,Restaurantes
Aníbal BBQ,,"9PPW+FPW, PR-165, Toa Alta, 00953, Puerto Rico",18.3862277,-66.2531628,Toa Alta,Jangueo
TOA ALTA BBQ,,"9PFQ+PC8, Toa Alta, 00953, Puerto Rico",18.3742927,-66.2614289,Toa Alta,Jangueo
La Alegria Chicken In,,"5 PR-861, Toa Alta, 00953, Puerto Rico",18.3764339,-66.19937879999999,Toa Alta,Jangueo
Hacienda Rosado Ayala,,"carr. 165, Bo km. 7.1, Toa Alta, 00953, Puerto Rico",18.3587602,-66.2671342,Toa Alta,Jangueo
B22 by Saveur,,"B22 C. Delonix, Toa Alta, 00953, Puerto Rico",18.3825297,-66.28624479999999,Toa Alta,Jangueo
LA GOMERA SPORT BAR,,"Avenida Principal Carr. 865, Campanillas, Toa Baja 00949, Puerto Rico",18.4203635,-66.2424327,Toa Alta,Jangueo
The Kañaveral,,"Galateo Toa Alta 00953, Toa Alta 00953, Puerto Rico",18.3594106,-66.2679381,Toa Alta,Jangueo
Tsunami Colmado Bar & Grill,,"9P8J+CGQ, Galateo, Toa Alta 00953, Puerto Rico",18.3660849,-66.2686469,Toa Alta,Jangueo
El Gran Chaparral Cantina,,"Carr 861, sector k.m.6.9, Toa Alta, 00953, Puerto Rico",18.3667262,-66.2237667,Toa Alta,Jangueo
Moroco's Café Bar & Grill,,"9MCQ+8H4, Puerto Rico 820, Corozal, Toa Alta 00953, Puerto Rico",18.370771,-66.31103279999999,Toa Alta,Jangueo
The Flight Park,,"CXPQ+R5G, Carolina, 00979, Puerto Rico",18.4370595,-66.01203989999999,Toa Alta,Jangueo
El Pilomatico Sport Bar,,"66 Calle Luis Muñoz Rivera, Toa Alta, 00953, Puerto Rico",18.3871748,-66.2505597,Toa Alta,Jangueo
Limo Viejo Beach,,"Sardinera Beach Calle C 134 G, 133 Calle C, Dorado, 00646, Puerto Rico",18.4709426,-66.279501,Toa Alta,Jangueo
El Chinchorro de Raymond,,"8PVH+Q5X, PR-165, Toa Alta, 00953, Puerto Rico",18.3444752,-66.27201269999999,Toa Alta,Jangueo
La Cabaña,,"Urb. Levittown Ave. Dos Palmas Local #2832, Toa Baja, 00949, Puerto Rico",18.4501563,-66.17614379999999,Toa Alta,Jangueo
El Toalteño,,"CQ3M+9VG, Candelaria, Toa Baja 00949, Puerto Rico",18.4034284,-66.2153005,Toa Alta,Jangueo
Joel Sports Bar,,"Hc 3 box 9328, Dorado, 00646, Puerto Rico",18.3968566,-66.26110539999999,Toa Alta,Jangueo
El Che By Richard Resto,,"9Q8H+P9M, PR-861, Toa Alta, 00953, Puerto Rico",18.366835,-66.2215733,Toa Alta,Jangueo
La Gran Parada -Toa Alta,,"Carr.165, Bo km 5.5, Toa Alta, 00953, Puerto Rico",18.3867126,-66.2534122,Toa Alta,Jangueo
Bar de Chivín,,"9P59+CQW, Toa Alta 00953, Puerto Rico",18.3586125,-66.28053129999999,Toa Alta,Jangueo
Bar La Cabaña - El Quenepo,,"Calle 2, Esq. Calle 3, #116-A, Dorado, 00646, Puerto Rico",18.3916512,-66.2613594,Toa Alta,Jangueo
El Ocho de Rio,,"102 Av. Universidad, San Juan, 00925, Puerto Rico",18.4029734,-66.05471949999999,Toa Alta,Jangueo
La Esquina de Diego,,"553 Calle de Diego, San Juan, 00901, Puerto Rico",18.3977908,-66.0311442,Toa Alta,Jangueo
El Mercadito de Luly,,"World Plaza, 268 Av. Luis Muñoz Rivera, San Juan, 00919, Puerto Rico",18.4241186,-66.0588422,Toa Alta,Jangueo
El Kampestre,,"D29 Avenida Boulevard carretera 868, C. Marina, Mansión del Mar, Toa Baja 00949, Puerto Rico",18.4530163,-66.1858141,Toa Alta,Jangueo
La Cantina Karaoke Bar & Restaurant,,"304 Av. Juan Ponce de León, San Juan, 00918, Puerto Rico",18.4245107,-66.0577606,Toa Alta,Restaurantes
El Punto 8 Sport Bar,,"901 Cll Hypolais, San Juan, 00924, Puerto Rico",18.4083342,-66.0077283,Toa Alta,Jangueo
Mojitos Solution Bar & Rest.,,"796 Av. Roberto Sánchez Vilella, San Juan, 00924, Puerto Rico",18.4080781,-66.0017149,Toa Alta,Jangueo
Colmado & Bar La Pra,,"9Q4J+CV3, PR-828, Toa Alta, 00953, Puerto Rico",18.3560482,-66.2178535,Toa Alta,Jangueo
Pedrona Food Truck,,"CARR 863, Pajaros, Toa Baja 00949, Puerto Rico",18.3935111,-66.2005472,Toa Alta,Food Trucks
La Pendejá - Toa Alta,,"9QFQ+3VP, PR-861, Toa Alta, 00953, Puerto Rico",18.372688,-66.210313,Toa Alta,Food Trucks
Bayamón Foodtruck Station,,"15 Av. Lomas Verdes #1C, Bayamón, 00956, Puerto Rico",18.3830915,-66.14465899999999,Toa Alta,Food Trucks
Platanean 2,,"Bo, PR-165 km 10.3, Toa Alta, 00953, Puerto Rico",18.382714,-66.2542759,Toa Alta,Food Trucks
Cupey Food Truck Park,,"PR-176, antes calle Tejas, Ave Victor M Labiosa, San Juan, 00926, Puerto Rico",18.375297,-66.05441569999999,Toa Alta,Food Trucks
Sabores Gourmet Criollo (Food Truck),,"CRWH+4G2, Levittown, Toa Baja 00949, Puerto Rico",18.445304,-66.1719884,Toa Alta,Food Trucks
Little Town Food Truck Park,,"al lado de Walgreens, Carretera 183, Las Piedras, 00771, Puerto Rico",18.1740942,-65.87931739999999,Toa Alta,Food Trucks
La Chupleta Food Truck,,"Ave.Los Diminicos Calle Marginal, C. Alelí, Mansión del Mar, Toa Baja 00949, Puerto Rico",18.4447876,-66.1748166,Toa Alta,Food Trucks
El Comelón,,"Carretera #2 barrio Espinosa km 29.9, Vega Alta, 00692, Puerto Rico",18.4139154,-66.3156055,Toa Alta,Food Trucks
Miramar Food Truck Park,,"1006 Av. de la Constitución, San Juan, 00907, Puerto Rico",18.4531242,-66.07851149999999,Toa Alta,Food Trucks
Food Street,,"1319 Avenida F.D. Roosevelt, San Juan, 00920, Puerto Rico",18.4137549,-66.0903902,Toa Alta,Food Trucks
La Pendejá - Toa Baja,,"100 Cll Colina Real, Toa Baja, 00949, Puerto Rico",18.4046867,-66.22259389999999,Toa Alta,Food Trucks
El Rincón de las Papas Asadas,,"CARR. 165, KM. 10.6, Barrio, Toa Alta, 00953, Puerto Rico",18.3853506,-66.25326869999999,Toa Alta,Food Trucks
Food Truck Park,,"166 PR-199, Guaynabo, 00969, Puerto Rico",18.3610604,-66.11528609999999,Toa Alta,Food Trucks
Las Jibaritas Food Truck,,"Expreso Trujillo Alto, #181 Urb. Lago Alto, San Juan, Trujillo Alto 00926, Puerto Rico",18.3649428,-66.00714839999999,Toa Alta,Food Trucks
Leña Eh Food Truck,,"1006 PR-25, San Juan, 00901, Puerto Rico",18.4530985,-66.0785191,Toa Alta,Food Trucks
Pikoteando Foodtruck,,"C. Del Carmen, Toa Baja, 00952, Puerto Rico",18.4375163,-66.1848894,Toa Alta,Food Trucks
The Tank Bar & Grill,,"Bo. Ortiz Carretera 829 km. 0.8, Toa Alta, 00953, Puerto Rico",18.3665875,-66.2089834,Toa Alta,Jangueo
Dorado Food Truck Strip,,"1 PR-696, Dorado, 00646, Puerto Rico",18.4630245,-66.27284209999999,Toa Alta,Food Trucks
Rivera's Pizza Food Truck,,"PR-826, Naranjito, 00719, Puerto Rico",18.3175732,-66.225431,Toa Alta,Food Trucks
Tripleta El Famoso Food Truck,,"Km 79.2, PR-3, Humacao, 00791, Puerto Rico",18.145546,-65.8132372,Toa Alta,Food Trucks
No Te Quites Food Truck,,"Carr Puerto Rico 2 KM 16.1, Candelaria, Toa Baja 00952, Puerto Rico",18.405015,-66.1986349,Toa Alta,Food Trucks
Perras K-lientes,,"CRVG+W26, Av. Los Dominicos, Mansión del Mar, Toa Baja 00949, Puerto Rico",18.4447798,-66.17497329999999,Toa Alta,Food Trucks
Food Trucks,,"C. Comercio, San Juan, 00902, Puerto Rico",18.4636504,-66.114226,Toa Alta,Food Trucks
Doble 7 Seafood,,"9Q8G+G6C, PR-861, Toa Alta, 00953, Puerto Rico",18.3663037,-66.2244857,Toa Alta,Food Trucks
JL Trailers,,"Candelaria, Toa Baja 00949, Puerto Rico",18.4076705,-66.2289467,Toa Alta,Food Trucks
La Pendejá Food Truck,,"34 C. 2, Caguas, 00725, Puerto Rico",18.2131785,-66.0542442,Toa Alta,Food Trucks
Pizza Factory Truck,,"Calle Gutierrez, Esquina, Carr 869, Candelaria, Toa Baja 00949, Puerto Rico",18.3996809,-66.2111084,Toa Alta,Food Trucks
SMASH N SHAKE,,"Levittown Lakes DM1, Mansión del Mar, Toa Baja 00949, Puerto Rico",18.4349789,-66.1789801,Toa Alta,Food Trucks
Chevy's,,"URB WOODBRIDGE PARK 15 Allen ST, Toa Alta, 00953, Puerto Rico",18.3611342,-66.2311666,Toa Alta,Food Trucks
Puerto Nuevo Food Truck Park,,"1321 Avenida F.D. Roosevelt #1323, San Juan, 00920, Puerto Rico",18.4137659,-66.0903952,Toa Alta,Food Trucks
Sabor de meche Food truck,,"107 Cll Popular, Caño Martin Peña, San Juan 00917, Puerto Rico",18.4287377,-66.0574127,Toa Alta,Food Trucks
Gordo's Tacos,,"CM7J+8M6, Vega Alta, 00692, Puerto Rico",18.4132779,-66.3183438,Toa Alta,Food Trucks
La Pendejá,,"Carr.167 C. Marginal B-11(B, Bayamón, 00959, Puerto Rico",18.3850534,-66.1655494,Toa Alta,Food Trucks
La familia food truck,,"369–499 Calle 3 Toa Baja, Puerto Rico 00949, Estados Unidos, Toa Baja, 00951, Puerto Rico",18.3976125,-66.2447626,Toa Alta,Food Trucks
Estancia Bakery,,"Carr. 861 Km. 5.8 Bo, Toa Alta, 00953, Puerto Rico",18.3683949,-66.21648379999999,Toa Alta,Postres
Sweet & Natural Frappes,,"Carr. 829 Km 1.8, Toa Alta, 00953, Puerto Rico",18.3631624,-66.20814539999999,Toa Alta,Postres
Abba’s Cakes (Simply Blessed),,"28 Calle Antonio R Barcelo, Toa Alta, 00953, Puerto Rico",18.3888994,-66.24826209999999,Toa Alta,Postres
Panaderías Tosta'o: El Gran Maestro,,"PR-165, Toa Alta, 00953, Puerto Rico",18.3401482,-66.2746623,Toa Alta,Postres
Paletados,,"Carr 167 Ave. Comerio, Shopping Davison Plaza Local E-1, Mansión del Mar, Toa Baja 00949, Puerto Rico",18.4377394,-66.16559149999999,Toa Alta,Postres
Cafeliz,,"Toa Alta, 00953, Puerto Rico",18.3896782,-66.25327170000001,Toa Alta,Postres
Repostería La Familia,,"9P6M+GH2, Galateo, Toa Alta 00953, Puerto Rico",18.3612734,-66.2661165,Toa Alta,Postres
Panadería Marce,,"9PQW+RMG, PR-165, Toa Alta, 00953, Puerto Rico",18.3895516,-66.2532901,Toa Alta,Postres
Affogata -Toa Alta,,"PR-861, Toa Alta, 00953, Puerto Rico",18.3756085,-66.20446960000001,Toa Alta,Postres
El Bizcocho de Titi,,"52 Calle 4, Toa Alta, 00953, Puerto Rico",18.3911567,-66.252453,Toa Alta,Postres
Strawberry Boutique Coffee and Sweets,,"Carr Puerto Rico 2, intersección, Cll Guayaba, Toa Baja, 00949, Puerto Rico",18.4040831,-66.2078119,Toa Alta,Postres
Panadería Génesis,,"PR-861, Toa Alta, 00953, Puerto Rico",18.3715789,-66.2151875,Toa Alta,Postres
El Cake by Liza Hernández,,"Calle 2, Bayamón, Toa Alta 00956, Puerto Rico",18.3597839,-66.2077425,Toa Alta,Postres
Panadería La Fe,,"8PXJ+H7P, H. Rivera Colón, Toa Alta 00953, Puerto Rico",18.3489538,-66.269284,Toa Alta,Postres
Candela Great Candy,,"Carr. 861 Km 6.2, Toa Alta, 00953, Puerto Rico",18.3680901,-66.2175718,Toa Alta,Postres
Panadería Flor de España,,"9Q5V+W24, PR-829, Toa Alta, 00953, Puerto Rico",18.3597699,-66.2074231,Toa Alta,Postres
Tostao Yadrian Bakers,,"9Q2J+PMQ, PR-828, Toa Alta, 00953, Puerto Rico",18.3518121,-66.2183658,Toa Alta,Postres
La Chickscake,,"Carr 863, Candelaria, Toa Baja 00949, Puerto Rico",18.3934748,-66.2006348,Toa Alta,Postres
Make it Sweet by Anthonella,,"A5 Carretera 165, Toa Alta, 00953, Puerto Rico",18.3888542,-66.2533394,Toa Alta,Postres
Candelaria Bakery toa baja,,"Carr. 865 km 4.3 #88, Toa Baja, 00949, Puerto Rico",18.4169308,-66.2188503,Toa Alta,Postres
Guaynabo Bakery,,"1476 Ave Paz Granela, Guaynabo, 00969, Puerto Rico",18.3797292,-66.1010048,Toa Alta,Postres
HR Cakes & More,,"Calle Granada, esq.sevilla, c 72 rep.alhambra, Bayamón, 00957, Puerto Rico",18.3804121,-66.1709405,Toa Alta,Postres
Hacienda Rosado Ayala,,"carr. 165, Bo km. 7.1, Toa Alta, 00953, Puerto Rico",18.3587602,-66.2671342,Toa Alta,Postres
Aquino Bakery,,"CRPC+CCW, Cll Lago Cerrillo, Levittown, Toa Baja 00949, Puerto Rico",18.4361225,-66.17892859999999,Toa Alta,Postres
Aníbal BBQ,,"9PPW+FPW, PR-165, Toa Alta, 00953, Puerto Rico",18.3862277,-66.2531628,Toa Alta,Postres
Hacienda El Mandril,,"Sector Mandril, PR-861 KM 10.7, Toa Alta, 00953, Puerto Rico",18.3811624,-66.2497064,Toa Alta,Jangueo
The Lemon Bar & Grill / Anita's,,"9P84+3X4, H. Rivera Colón, Toa Alta 00953, Puerto Rico",18.3651451,-66.2925362,Toa Alta,Jangueo
The Tank Bar & Grill,,"Bo. Ortiz Carretera 829 km. 0.8, Toa Alta, 00953, Puerto Rico",18.3665875,-66.2089834,Toa Alta,Jangueo
Barra 360 & Lucky Spot,,"Sector Mandril, PR-861 KM 10.7, Toa Alta, 00953, Puerto Rico",18.3803311,-66.2496239,Toa Alta,Jangueo
The Fury Bar & Grill,,"Bo ortiz carr 829 km 1.7, Toa Alta, 00953, Puerto Rico",18.3590325,-66.2068663,Toa Alta,Jangueo
Candela Great Candy,,"Carr. 861 Km 6.2, Toa Alta, 00953, Puerto Rico",18.3680901,-66.2175718,Toa Alta,Jangueo
The Tank Bar & Grill,,"Bo. Ortiz Carretera 829 km. 0.8, Toa Alta, 00953, Puerto Rico",18.3665875,-66.2089834,Toa Alta,Jangueo
The Fury Bar & Grill,,"Bo ortiz carr 829 km 1.7, Toa Alta, 00953, Puerto Rico",18.3590325,-66.2068663,Toa Alta,Jangueo
El Mandril Sport Bar & Grill,,"9QH2+2VH, PR-861, Toa Alta, 00953, Puerto Rico",18.3775535,-66.24776179999999,Toa Alta,Jangueo
Barra 360 & Lucky Spot,,"Sector Mandril, PR-861 KM 10.7, Toa Alta, 00953, Puerto Rico",18.3803311,-66.2496239,Toa Alta,Jangueo
The Lemon Bar & Grill / Anita's,,"9P84+3X4, H. Rivera Colón, Toa Alta 00953, Puerto Rico",18.3651451,-66.2925362,Toa Alta,Jangueo
TOA ALTA BBQ,,"9PFQ+PC8, Toa Alta, 00953, Puerto Rico",18.3742927,-66.2614289,Toa Alta,Jangueo
Ruta 861 Bar & Restaurant,,"Carr. 861 km 6.0, Toa Alta, 00953, Puerto Rico",18.367551,-66.2193099,Toa Alta,Restaurantes
Piloneando Toa Alta,,"9Q8H+R87 Carretera 861, Bo KM 6.5, Pajaros, Toa Alta 00953, Puerto Rico",18.3670625,-66.22168750000002,Toa Alta,Jangueo
Shooters Billiards Bar and Grill,,"La Fuente Shopping Center, Av. Jardín Real, Toa Alta, 00953, Puerto Rico",18.3964439,-66.2329148,Toa Alta,Jangueo
Hacienda El Mandril,,"Sector Mandril, PR-861 KM 10.7, Toa Alta, 00953, Puerto Rico",18.3811624,-66.2497064,Toa Alta,Jangueo
Nuni's Pizza Bar & Grill,,"9Q4W+V83, Toa Alta 00953, Puerto Rico",18.3571305,-66.20419749999999,Toa Alta,Jangueo
New Bar & Rest,,"1199 Ave. Boulevard, Mansión del Mar, Toa Baja 00949, Puerto Rico",18.4478643,-66.17838069999999,Toa Alta,Jangueo
THE HIT DE ORO SPORT BAR,,"9PFQ+R8W, PR-165, Toa Alta, 00953, Puerto Rico",18.3746158,-66.26168679999999,Toa Alta,Jangueo
Aníbal BBQ,,"9PPW+FPW, PR-165, Toa Alta, 00953, Puerto Rico",18.3862277,-66.2531628,Toa Alta,Jangueo
The Kañaveral,,"Galateo Toa Alta 00953, Toa Alta 00953, Puerto Rico",18.3594106,-66.2679381,Toa Alta,Jangueo
JJM Sport Bar,,"Avenida Toa Alta Heights, Toa Alta, 00953, Puerto Rico",18.3625004,-66.2126948,Toa Alta,Jangueo
Cosechando Bar & Grill,,"4 C. Jacinto Seijo, Vega Alta, 00692, Puerto Rico",18.4133496,-66.3298712,Toa Alta,Jangueo
Cafeliz,,"Toa Alta, 00953, Puerto Rico",18.3896782,-66.25327170000001,Toa Alta,Jangueo
El Che By Richard Resto,,"9Q8H+P9M, PR-861, Toa Alta, 00953, Puerto Rico",18.366835,-66.2215733,Toa Alta,Jangueo
La Cabaña,,"Urb. Levittown Ave. Dos Palmas Local #2832, Toa Baja, 00949, Puerto Rico",18.4501563,-66.17614379999999,Toa Alta,Jangueo
Los Topos Pizza Bar & Grill,,"Carr 159 Km 19.4, 00953, Toa Alta 00953, Puerto Rico",18.3454761,-66.28326419999999,Toa Alta,Jangueo
El Punto Sabroso,,"104 Barbosa Ave, Cataño, 00962, Puerto Rico",18.4424918,-66.11636419999999,Cataño,Restaurantes
Don Tello Restaurant,,"36 Las Nereidas Ave, Cataño, 00962, Puerto Rico",18.4429458,-66.1163102,Cataño,Restaurantes
Casilda Cocina Creativa & Sunset Rooftop,,"76 Las Nereidas Ave, Cataño, 00962, Puerto Rico",18.4413938,-66.1198035,Cataño,Restaurantes
Casa Cataño Food & Rum Theraphy,,"32 Barbosa Ave, Cataño, 00962, Puerto Rico",18.4428609,-66.1164172,Cataño,Restaurantes
La Yola Cataño,,"2 Cll Recreo, Cataño, 00962, Puerto Rico",18.4446606,-66.113466,Cataño,Restaurantes
CONTAINER BAY RESTAURANT & ROOFTOP,,"72 Las Nereidas Ave, Cataño, 00962, Puerto Rico",18.4414146,-66.11958299999999,Cataño,Restaurantes
Empanadillas El Gordo,,"CVVC+48M, Las Nereidas Ave, Cataño, 00962, Puerto Rico",18.4428457,-66.1291925,Cataño,Restaurantes
Chicky's,,"182 Barbosa Ave #198, Cataño, 00962, Puerto Rico",18.4404209,-66.1213544,Cataño,Restaurantes
EL KIKI ESE,,"Calle isidra rodriguez , esquina, 107 Barbosa Ave #107, Cataño, 00962, Puerto Rico",18.4414523,-66.1189444,Cataño,Restaurantes
Villa Pesquera,,"CVRF+PRC, PR-888, Catano, Cataño 00962, Puerto Rico",18.4418214,-66.1254881,Cataño,Restaurantes
A la Leña Pizza,,"Urb Ind Las Solar 9, Cataño, 00963, Puerto Rico",18.4232901,-66.1461747,Cataño,Restaurantes
Henry's Pizza,,"Las Nereidas Ave, Cataño, 00962, Puerto Rico",18.4432496,-66.1158992,Cataño,Restaurantes
Tello Mex,,"57 Barbosa Ave, Cataño, 00962, Puerto Rico",18.4429093,-66.11619,Cataño,Restaurantes
Sazón Chino,,"C. 19 Suite #2, Cataño, 00962, Puerto Rico",18.4296221,-66.1484967,Cataño,Restaurantes
The Ocean,,"92-94 Las Nereidas Ave, Cataño, 00962, Puerto Rico",18.4414548,-66.1219179,Cataño,Restaurantes
Fogón de goya,,"CVRF+QPX, Cataño, 00962, Puerto Rico",18.4418832,-66.1256227,Cataño,Restaurantes
Sabor Hipico,,"DD 7 ,Urb., Cll 28, Cataño, 00962, Puerto Rico",18.4303387,-66.1477048,Cataño,Restaurantes
Bocao’ & Sal,,"AVE. LOS CONQUISTADORES 150 BAHIA MARINA PLAZA, LOCAL 10-A, Cataño, 00962, Puerto Rico",18.4512595,-66.1424613,Cataño,Restaurantes
Don Nieves B.B.Q.,,"#25 Cll Principal #1, Catano, Cataño 00962, Puerto Rico",18.4298468,-66.1367705,Cataño,Restaurantes
Sullivan's BBQ,,"CVF4+787, Av. Flor del Valle, Catano, Cataño 00962, Puerto Rico",18.4231635,-66.14420489999999,Cataño,Restaurantes
El Punto Vegano,,"esq El Tren, 6 C. Wilson, Cataño, 00962, Puerto Rico",18.4412777,-66.11819679999999,Cataño,Restaurantes
La Fondita de Chefita,,"41 Cll Caparra, Cataño, 00962, Puerto Rico",18.4389245,-66.1205418,Cataño,Restaurantes
Pizzería Los Muchos,,"6 Cll Santa Rosa, Cataño, 00962, Puerto Rico",18.4418629,-66.1169001,Cataño,Restaurantes
La China,,"Plaza Marina Bahia, 150 Blvr. las Palmas, Cataño, 00962, Puerto Rico",18.4508503,-66.1427593,Cataño,Restaurantes
"JJ's Café, Bar & Restaurant",,"135 Barbosa Ave, Cataño, 00962, Puerto Rico",18.4408314,-66.1206854,Cataño,Restaurantes
Cremosos by Nisha,,"8 Calle 4, Cataño, 00962, Puerto Rico",18.4233416,-66.1466446,Cataño,Coffee Shops
Barra'e Café,,"168 Barbosa Ave, Cataño, 00962, Puerto Rico",18.4407181,-66.120493,Cataño,Coffee Shops
CaracolilloPR,,"Marina Bahia, Catano, Cataño 00962, Puerto Rico",18.4508087,-66.14227989999999,Cataño,Coffee Shops
Palmas café,,"CVF3+C5X, Cataño, 00962, Puerto Rico",18.4234805,-66.1469597,Cataño,Coffee Shops
Brunchealo Cafe & Bistro,,"150, PLAZA AVENIDA LOS CONQUISTADORES LOCAL 10-A, Catano, Cataño 00962, Puerto Rico",18.4512257,-66.14246,Cataño,Coffee Shops
Casilda Cocina Creativa & Sunset Rooftop,,"76 Las Nereidas Ave, Cataño, 00962, Puerto Rico",18.4413938,-66.1198035,Cataño,Coffee Shops
La Yola Cataño,,"2 Cll Recreo, Cataño, 00962, Puerto Rico",18.4446606,-66.113466,Cataño,Coffee Shops
"JJ's Café, Bar & Restaurant",,"135 Barbosa Ave, Cataño, 00962, Puerto Rico",18.4408314,-66.1206854,Cataño,Restaurantes
Alezia Bakery and Pastry Shop,,"Barbosa Ave CII, Cataño, 00962, Puerto Rico",18.4398085,-66.1230106,Cataño,Panaderías
Panadería y Pizzería Las Vegas,,"Av. Flor del Valle, Catano, Cataño 00962, Puerto Rico",18.4315095,-66.1453027,Cataño,Panaderías
Karina Bakery,,"0.9 PR-869, Cataño, 00962, Puerto Rico",18.4262073,-66.1481749,Cataño,Panaderías
Miami Bar,,"91 Barbosa Ave, Cataño, 00962, Puerto Rico",18.4418324,-66.117695,Cataño,Jangueo
Casilda Cocina Creativa & Sunset Rooftop,,"76 Las Nereidas Ave, Cataño, 00962, Puerto Rico",18.4413938,-66.1198035,Cataño,Jangueo
La Yola Cataño,,"2 Cll Recreo, Cataño, 00962, Puerto Rico",18.4446606,-66.113466,Cataño,Jangueo
4 Corner Sports Bar,,"Calle Destino Esquina Ampara 111 del, Catano, Cataño 00962, Puerto Rico",18.4388281,-66.1227669,Cataño,Jangueo
Shooters Billiards Bar and Grill,,"Marina Bahía Plaza, local #3, Cataño, 00962, Puerto Rico",18.4511185,-66.1426031,Cataño,Jangueo
Diana's Sport Bar,,"Barbosa, 85, esquina, Cll Santa Rosa, Catano, Cataño 00962, Puerto Rico",18.442078,-66.11729609999999,Cataño,Jangueo
Rustikal Burger Bar & Kitchen,,"44 C. Wilson, Catano, Cataño 00962, Puerto Rico",18.4392093,-66.1171513,Cataño,Jangueo
Aquí CBB,,"2 Calle Isidra Rodríguez, Cataño, 00962, Puerto Rico",18.4417164,-66.11904439999999,Cataño,Jangueo
"JJ's Café, Bar & Restaurant",,"135 Barbosa Ave, Cataño, 00962, Puerto Rico",18.4408314,-66.1206854,Cataño,Restaurantes
El Punto Sabroso,,"104 Barbosa Ave, Cataño, 00962, Puerto Rico",18.4424918,-66.11636419999999,Cataño,Jangueo
La Garita Waterfront Restaurant,,"130 Calle Manuel Enriquez, Toa Baja, 00949, Puerto Rico",18.4603996,-66.1458384,Cataño,Restaurantes
A la Leña Pizza,,"Urb Ind Las Solar 9, Cataño, 00963, Puerto Rico",18.4232901,-66.1461747,Cataño,Jangueo
Yoito Fun Food,,"Avenida Las Nereidas antes lado opuesto calle Este, CVVC+3WQ, Cataño, 00962, Puerto Rico",18.4427173,-66.1276531,Cataño,Food Trucks
Pedrona Food Truck,,"CARR 863, Pajaros, Toa Baja 00949, Puerto Rico",18.3935111,-66.2005472,Cataño,Food Trucks
Bollire Food Truck,,"Lado del Puente Tablado, cerca de la pirámide y cuartel de la policía, 888 Las Nereidas Ave, Cataño, 00962, Puerto Rico",18.4422222,-66.12676619999999,Cataño,Food Trucks
Kerepakupai Vená Food truck,,"Carr Puerto Rico 2 Km 3.9, San Juan, 00901, Puerto Rico",18.421583,-66.0987379,Cataño,Food Trucks
Cupey Food Truck Park,,"PR-176, antes calle Tejas, Ave Victor M Labiosa, San Juan, 00926, Puerto Rico",18.375297,-66.05441569999999,Cataño,Food Trucks
Los Trailers (Pop-up market & food),,"CR2W+33P, Calle de Barbosa, Bayamón, 00961, Puerto Rico",18.4002219,-66.15478159999999,Cataño,Food Trucks
Sabores Gourmet Criollo (Food Truck),,"CRWH+4G2, Levittown, Toa Baja 00949, Puerto Rico",18.445304,-66.1719884,Cataño,Food Trucks
Divine Bites Truck,,"99 Las Nereidas Ave, Cataño, 00962, Puerto Rico",18.4410607,-66.1234506,Cataño,Food Trucks
Leña Eh Food Truck,,"1006 PR-25, San Juan, 00901, Puerto Rico",18.4530985,-66.0785191,Cataño,Food Trucks
Pinchos Coqui jr.,,"Urb, Calle 19 esq Cll 12, Catano, Cataño 00962, Puerto Rico",18.4305344,-66.1480136,Cataño,Food Trucks
Food Truck Park,,"166 PR-199, Guaynabo, 00969, Puerto Rico",18.3610604,-66.11528609999999,Cataño,Food Trucks
Tripletas Tostadas,,"Calle 11 y3, Residencial Jardines de Cataño, Catano, Cataño 00962, Puerto Rico",18.4351361,-66.1491937,Cataño,Food Trucks
Food Trucks,,"C. Comercio, San Juan, 00902, Puerto Rico",18.4636504,-66.114226,Cataño,Food Trucks
Food truck el groovy,,"Entre calle CB y calle C2, Bayamón, 00959, Puerto Rico",18.397841,-66.16716559999999,Cataño,Food Trucks
Papas Locas,,"Calle Reverendo Domingo Marrero Navarro, Cataño, 00962, Puerto Rico",18.4351323,-66.1492044,Cataño,Food Trucks
Alezia Bakery and Pastry Shop,,"Barbosa Ave CII, Cataño, 00962, Puerto Rico",18.4398085,-66.1230106,Cataño,Postres
Ice Cream & Limbers Cataño,,"172 Barbosa Ave, Cataño, 00962, Puerto Rico",18.4406699,-66.1206699,Cataño,Postres
Ladelos - Cataño (Antes La Pastelillera),,"FF 20 Cll 28, Cataño, 00962, Puerto Rico",18.4302815,-66.1480566,Cataño,Postres
El Punto Sabroso,,"104 Barbosa Ave, Cataño, 00962, Puerto Rico",18.4424918,-66.11636419999999,Cataño,Postres
Cremosos by Nisha,,"8 Calle 4, Cataño, 00962, Puerto Rico",18.4233416,-66.1466446,Cataño,Postres
Empanadillas El Gordo,,"CVVC+48M, Las Nereidas Ave, Cataño, 00962, Puerto Rico",18.4428457,-66.1291925,Cataño,Postres
Panadería y Pizzería Las Vegas,,"Av. Flor del Valle, Catano, Cataño 00962, Puerto Rico",18.4315095,-66.1453027,Cataño,Postres
Bollire Food Truck,,"Lado del Puente Tablado, cerca de la pirámide y cuartel de la policía, 888 Las Nereidas Ave, Cataño, 00962, Puerto Rico",18.4422222,-66.12676619999999,Cataño,Postres
El Sabor de Lourdes,,"114 Av. Flor del Valle, Catano, Cataño 00962, Puerto Rico",18.429049,-66.144387,Cataño,Postres
Casilda Cocina Creativa & Sunset Rooftop,,"76 Las Nereidas Ave, Cataño, 00962, Puerto Rico",18.4413938,-66.1198035,Cataño,Postres
El Punto Vegano,,"esq El Tren, 6 C. Wilson, Cataño, 00962, Puerto Rico",18.4412777,-66.11819679999999,Cataño,Postres
Henry's Pizza,,"Las Nereidas Ave, Cataño, 00962, Puerto Rico",18.4432496,-66.1158992,Cataño,Postres
Don Tello Restaurant,,"36 Las Nereidas Ave, Cataño, 00962, Puerto Rico",18.4429458,-66.1163102,Cataño,Restaurantes
A la Leña Pizza,,"Urb Ind Las Solar 9, Cataño, 00963, Puerto Rico",18.4232901,-66.1461747,Cataño,Postres
Kike’s Cuisine,,"PR-5, Cataño, 00962, Puerto Rico",18.4382816,-66.12886209999999,Cataño,Postres
Miami Bar,,"91 Barbosa Ave, Cataño, 00962, Puerto Rico",18.4418324,-66.117695,Cataño,Jangueo
Casilda Cocina Creativa & Sunset Rooftop,,"76 Las Nereidas Ave, Cataño, 00962, Puerto Rico",18.4413938,-66.1198035,Cataño,Jangueo
La Yola Cataño,,"2 Cll Recreo, Cataño, 00962, Puerto Rico",18.4446606,-66.113466,Cataño,Jangueo
Dónde te Quiero,,"178 Barbosa Ave, Cataño, 00962, Puerto Rico",18.4405377,-66.1210044,Cataño,Jangueo
Aquí CBB,,"2 Calle Isidra Rodríguez, Cataño, 00962, Puerto Rico",18.4417164,-66.11904439999999,Cataño,Jangueo
La Garita Waterfront Restaurant,,"130 Calle Manuel Enriquez, Toa Baja, 00949, Puerto Rico",18.4603996,-66.1458384,Cataño,Restaurantes
El Punto Sabroso,,"104 Barbosa Ave, Cataño, 00962, Puerto Rico",18.4424918,-66.11636419999999,Cataño,Jangueo
Barrachina,,"104 C. de la Fortaleza, San Juan, 00901, Puerto Rico",18.4645122,-66.1174211,Cataño,Jangueo
Casa Cataño Food & Rum Theraphy,,"32 Barbosa Ave, Cataño, 00962, Puerto Rico",18.4428609,-66.1164172,Cataño,Jangueo
Empanadillas El Gordo,,"CVVC+48M, Las Nereidas Ave, Cataño, 00962, Puerto Rico",18.4428457,-66.1291925,Cataño,Jangueo
Toxic Night Club,,"613 Condado Ave, San Juan, 00907, Puerto Rico",18.450151,-66.0757145,Cataño,Jangueo
Fogón de goya,,"CVRF+QPX, Cataño, 00962, Puerto Rico",18.4418832,-66.1256227,Cataño,Jangueo
El Punto Vegano,,"esq El Tren, 6 C. Wilson, Cataño, 00962, Puerto Rico",18.4412777,-66.11819679999999,Cataño,Jangueo
Casilda Cocina Creativa & Sunset Rooftop,,"76 Las Nereidas Ave, Cataño, 00962, Puerto Rico",18.4413938,-66.1198035,Cataño,Jangueo
La Yola Cataño,,"2 Cll Recreo, Cataño, 00962, Puerto Rico",18.4446606,-66.113466,Cataño,Jangueo
Miami Bar,,"91 Barbosa Ave, Cataño, 00962, Puerto Rico",18.4418324,-66.117695,Cataño,Jangueo
Rustikal Burger Bar & Kitchen,,"44 C. Wilson, Catano, Cataño 00962, Puerto Rico",18.4392093,-66.1171513,Cataño,Jangueo
CONTAINER BAY RESTAURANT & ROOFTOP,,"72 Las Nereidas Ave, Cataño, 00962, Puerto Rico",18.4414146,-66.11958299999999,Cataño,Restaurantes
Barra'e Café,,"168 Barbosa Ave, Cataño, 00962, Puerto Rico",18.4407181,-66.120493,Cataño,Jangueo
Diana's Sport Bar,,"Barbosa, 85, esquina, Cll Santa Rosa, Catano, Cataño 00962, Puerto Rico",18.442078,-66.11729609999999,Cataño,Jangueo
Bocao’ & Sal,,"AVE. LOS CONQUISTADORES 150 BAHIA MARINA PLAZA, LOCAL 10-A, Cataño, 00962, Puerto Rico",18.4512595,-66.1424613,Cataño,Jangueo
"7 Mares, Bar & Pa' Picar",,"11 Cll San Antonio, Cataño, 00962, Puerto Rico",18.4445409,-66.112299,Cataño,Jangueo
El Punto Sabroso,,"104 Barbosa Ave, Cataño, 00962, Puerto Rico",18.4424918,-66.11636419999999,Cataño,Jangueo
"JJ's Café, Bar & Restaurant",,"135 Barbosa Ave, Cataño, 00962, Puerto Rico",18.4408314,-66.1206854,Cataño,Restaurantes
Aquí CBB,,"2 Calle Isidra Rodríguez, Cataño, 00962, Puerto Rico",18.4417164,-66.11904439999999,Cataño,Jangueo
Casa Cataño Food & Rum Theraphy,,"32 Barbosa Ave, Cataño, 00962, Puerto Rico",18.4428609,-66.1164172,Cataño,Jangueo
Villa Pesquera,,"CVRF+PRC, PR-888, Catano, Cataño 00962, Puerto Rico",18.4418214,-66.1254881,Cataño,Jangueo
Don Tello Restaurant,,"36 Las Nereidas Ave, Cataño, 00962, Puerto Rico",18.4429458,-66.1163102,Cataño,Restaurantes
Sullivan's BBQ,,"CVF4+787, Av. Flor del Valle, Catano, Cataño 00962, Puerto Rico",18.4231635,-66.14420489999999,Cataño,Jangueo
Shooters Billiards Bar and Grill,,"Marina Bahía Plaza, local #3, Cataño, 00962, Puerto Rico",18.4511185,-66.1426031,Cataño,Jangueo
A la Leña Pizza,,"Urb Ind Las Solar 9, Cataño, 00963, Puerto Rico",18.4232901,-66.1461747,Cataño,Jangueo
Empanadillas El Gordo,,"CVVC+48M, Las Nereidas Ave, Cataño, 00962, Puerto Rico",18.4428457,-66.1291925,Cataño,Jangueo
La Carreta Smoke & Bar,,"Cll Feliza Rincon De Gautier, Ceiba, 00735, Puerto Rico",18.2632935,-65.6424061,Ceiba,Restaurantes
Sabor Boriitaly,,"Avenida lauro piñero, PR-975, Ceiba, 00735, Puerto Rico",18.2664961,-65.6479367,Ceiba,Restaurantes
Broadway Gastro Bar,,"930 C. Fuente Fría, Ceiba, 00735, Puerto Rico",18.2650037,-65.64815879999999,Ceiba,Restaurantes
La Cavaña Estate,,"PR-3, Ceiba, 00735, Puerto Rico",18.2283048,-65.6702171,Ceiba,Restaurantes
Tiendita La Seyba,,"110 Ave Lauro Piñero, Ceiba, 00735, Puerto Rico",18.2696208,-65.6435004,Ceiba,Restaurantes
Doña Café,,"260 Av. Lauro Piñero local B, Ceiba, 00735, Puerto Rico",18.2643025,-65.6479241,Ceiba,Restaurantes
El Wiwi Turbo,,"7982+5QG, Ceiba, 00735, Puerto Rico",18.2654413,-65.6480371,Ceiba,Restaurantes
El Sazón de la Gordy's,,"ENTRADA CEIBA, Tarawa Dr, Ceiba, 00735, Puerto Rico",18.2785346,-65.63926239999999,Ceiba,Restaurantes
La Sombra Rest.,,"151-153 PR-979, Ceiba, 00735, Puerto Rico",18.2696289,-65.64475999999999,Ceiba,Restaurantes
El Rincóncito Del Sabor ( Ceiba ),,"Ceiba, 00735, Puerto Rico",18.2712972,-65.6528056,Ceiba,Restaurantes
La Vara,,"135 PR-979, Ceiba, 00735, Puerto Rico",18.2694878,-65.6447946,Ceiba,Restaurantes
Surf Shack,,"Roosevelt Roads, Ceiba 00735, Puerto Rico",18.229922,-65.6183439,Ceiba,Restaurantes
Sueños De Azucar,,"256 Ave Lauro Piñero, Ceiba, 00735, Puerto Rico",18.2645549,-65.64791819999999,Ceiba,Restaurantes
The Ceiba,,"La Ceiba Bar & Restaurant Carretera 153 Km 12.8, Coamo, 00769, Puerto Rico",18.0535556,-66.36585099999999,Ceiba,Restaurantes
Broadway Sport Bar,,"940 C. Fuente Fría #946, Ceiba, 00735, Puerto Rico",18.2650012,-65.64842209999999,Ceiba,Restaurantes
Oriental House Chinese Restaurant,,"79F5+4Q4, Ceiba, 00735, Puerto Rico",18.2727709,-65.64055859999999,Ceiba,Restaurantes
Chey's Pizza,,"979 Ave Lauro Piñero #286, Ceiba, 00735, Puerto Rico",18.2627473,-65.6479174,Ceiba,Restaurantes
Las Casitas Picadera y Cafe,,"Carr. 985 Km .02, Fajardo, 00738, Puerto Rico",18.3394565,-65.66918919999999,Ceiba,Restaurantes
La Cueva del Mar,,"Km 51.4, PR-3, Fajardo, 00738, Puerto Rico",18.286067,-65.635854,Ceiba,Restaurantes
La Fonda Gourmet,,"111 Cll Fernández Garcia, Luquillo, 00773, Puerto Rico",18.3762692,-65.7157204,Ceiba,Restaurantes
La Estación,,"Fajardo, 00738, Puerto Rico",18.3600625,-65.63793749999999,Ceiba,Restaurantes
Genesis Bakery,,"Carr.3 local 3 santa María shopping, Ceiba, 00735, Puerto Rico",18.2728745,-65.6405633,Ceiba,Restaurantes
Bobby's Place,,"Playa Hucares Carr #3 Naguabo, Naguabo, 00718, Puerto Rico",18.1895089,-65.7141896,Ceiba,Restaurantes
Coco's Restaurant,,"La Fanduca #138, Naguabo, 00718, Puerto Rico",18.1847589,-65.7073436,Ceiba,Restaurantes
Laguna Grande Restaurant,,"Bo. Barrio Las Cabezas de San Juan km 6 Carr. 987 Fajardo, 00738, Fajardo, 00738, Puerto Rico",18.3707091,-65.6300437,Ceiba,Restaurantes
El Makito,,"57QQ+5F5, PR-3, Naguabo, 00718, Puerto Rico",18.1878958,-65.7112678,Ceiba,Restaurantes
Los Makos,,"Húcares, Naguabo 00718, Puerto Rico",18.1881691,-65.7112714,Ceiba,Restaurantes
Doña Café,,"260 Av. Lauro Piñero local B, Ceiba, 00735, Puerto Rico",18.2643025,-65.6479241,Ceiba,Coffee Shops
CAFETO 144,,"144 Ave Lauro Piñero, Ceiba, 00735, Puerto Rico",18.2686794,-65.6456224,Ceiba,Coffee Shops
Sueños De Azucar,,"256 Ave Lauro Piñero, Ceiba, 00735, Puerto Rico",18.2645549,-65.64791819999999,Ceiba,Coffee Shops
Genesis Bakery,,"Carr.3 local 3 santa María shopping, Ceiba, 00735, Puerto Rico",18.2728745,-65.6405633,Ceiba,Coffee Shops
Tiendita La Seyba,,"110 Ave Lauro Piñero, Ceiba, 00735, Puerto Rico",18.2696208,-65.6435004,Ceiba,Coffee Shops
Surf Shack,,"Roosevelt Roads, Ceiba 00735, Puerto Rico",18.229922,-65.6183439,Ceiba,Coffee Shops
Genesis Bakery,,"Carr.3 local 3 santa María shopping, Ceiba, 00735, Puerto Rico",18.2728745,-65.6405633,Ceiba,Panaderías
Los Munet Bakery,,"PR-3, Ceiba, 00735, Puerto Rico",18.2731743,-65.6404755,Ceiba,Panaderías
Panadería y Repostería la Ceiba,,"1239 Avenida F.D. Roosevelt, San Juan, 00920, Puerto Rico",18.4140481,-66.0877227,Ceiba,Panaderías
Sueños De Azucar,,"256 Ave Lauro Piñero, Ceiba, 00735, Puerto Rico",18.2645549,-65.64791819999999,Ceiba,Panaderías
Ceiba Bakery,,"carr 110 km 0.8, Aguadilla, 00603, Puerto Rico",18.4563882,-67.0961031,Ceiba,Panaderías
Ceiba Bakery,,"FWCG+32R, Guerrero, Aguadilla 00603, Puerto Rico",18.4702386,-67.0749812,Ceiba,Panaderías
Panadería España,,"Centro Comercial, 1105 C. Marginal Villamar, Carolina, 00979, Puerto Rico",18.4441354,-66.030819,Ceiba,Panaderías
La Familia Bakery 2,,"9 Cll 1, Río Grande, 00745, Puerto Rico",18.380001,-65.79342799999999,Ceiba,Panaderías
Doña Café,,"260 Av. Lauro Piñero local B, Ceiba, 00735, Puerto Rico",18.2643025,-65.6479241,Ceiba,Panaderías
Rico Pan Bakery,,"Zarzal, Río Grande 00745, Puerto Rico",18.3759833,-65.7865388,Ceiba,Panaderías
RICO PAN BAKERY 2,,"96CM+W2, Palmer, Río Grande 00745, Puerto Rico",18.3723208,-65.7673909,Ceiba,Panaderías
The Ceiba,,"La Ceiba Bar & Restaurant Carretera 153 Km 12.8, Coamo, 00769, Puerto Rico",18.0535556,-66.36585099999999,Ceiba,Panaderías
"Panderri Bakery & Restaurant /Breakfast, Lunch,Dinner & Brunch",,"Carretera 193, 4 Condominio, Luquillo, 00773, Puerto Rico",18.3802399,-65.7213572,Ceiba,Restaurantes
Panaderia La Ceiba 2,,"Sector La Paloma Bo.Guerrero Carr 466 km1.6, Aguadilla, 00603, Puerto Rico",18.4274454,-67.1540819,Ceiba,Panaderías
La Carreta Smoke & Bar,,"Cll Feliza Rincon De Gautier, Ceiba, 00735, Puerto Rico",18.2632935,-65.6424061,Ceiba,Jangueo
Broadway Gastro Bar,,"930 C. Fuente Fría, Ceiba, 00735, Puerto Rico",18.2650037,-65.64815879999999,Ceiba,Jangueo
Broadway Sport Bar,,"940 C. Fuente Fría #946, Ceiba, 00735, Puerto Rico",18.2650012,-65.64842209999999,Ceiba,Jangueo
The Pirates Pub,,"115-137 PR-979, Ceiba, 00735, Puerto Rico",18.2700385,-65.6434561,Ceiba,Jangueo
Surf Shack,,"Roosevelt Roads, Ceiba 00735, Puerto Rico",18.229922,-65.6183439,Ceiba,Jangueo
Bar Los Bohios,,"789C+85H, Cam Rio Abajo, Ceiba, 00735, Puerto Rico",18.26832,-65.679512,Ceiba,Jangueo
Aviator Sport Bar,,"Avenida Laura Piñero int.975, Ceiba, 00735, Puerto Rico",18.2665267,-65.6476643,Ceiba,Jangueo
La Sombra Rest.,,"151-153 PR-979, Ceiba, 00735, Puerto Rico",18.2696289,-65.64475999999999,Ceiba,Jangueo
El Flamboyán,,"68WV+Q89, Aguas Claras, Ceiba 00735, Puerto Rico",18.2469082,-65.6566289,Ceiba,Jangueo
The Ceiba,,"La Ceiba Bar & Restaurant Carretera 153 Km 12.8, Coamo, 00769, Puerto Rico",18.0535556,-66.36585099999999,Ceiba,Jangueo
Beer Box La Ceiba,,"La Ceiba, Atlántida, Honduras",15.7728053,-86.7930523,Ceiba,Jangueo
Sueños De Azucar,,"256 Ave Lauro Piñero, Ceiba, 00735, Puerto Rico",18.2645549,-65.64791819999999,Ceiba,Jangueo
La Cavaña Estate,,"PR-3, Ceiba, 00735, Puerto Rico",18.2283048,-65.6702171,Ceiba,Jangueo
The Pírate Pub,,"7982+9RM, Ave Lauro Piñero, Ceiba, 00735, Puerto Rico",18.2659511,-65.64793809999999,Ceiba,Jangueo
El Carrito de los Munchies,,"CARRETERA #3, INTERSECCIÓN SECTOR PRADO HERMOSO, Cll Bairoa, Ceiba, 00735, Puerto Rico",18.2325736,-65.6666079,Ceiba,Food Trucks
El Sazón de la Gordy's,,"ENTRADA CEIBA, Tarawa Dr, Ceiba, 00735, Puerto Rico",18.2785346,-65.63926239999999,Ceiba,Food Trucks
El Wiwi Turbo,,"7982+5QG, Ceiba, 00735, Puerto Rico",18.2654413,-65.6480371,Ceiba,Food Trucks
Con-Tenedores Food Truck Park,,"45WP+3RH, Bo, Humacao, 00791, Puerto Rico",18.1451794,-65.8128978,Ceiba,Food Trucks
El Rincóncito Del Sabor ( Ceiba ),,"Ceiba, 00735, Puerto Rico",18.2712972,-65.6528056,Ceiba,Food Trucks
NanichiFoodTruck Ceiba,,"7934+C96 Route Aeropuerto Jose Aponte de la Torre, Roosevelt Roads, Ceiba 00735, Puerto Rico",18.253779,-65.64162999999999,Ceiba,Food Trucks
Pedrona Food Truck,,"CARR 863, Pajaros, Toa Baja 00949, Puerto Rico",18.3935111,-66.2005472,Ceiba,Food Trucks
Kerepakupai Vená Food truck,,"Carr Puerto Rico 2 Km 3.9, San Juan, 00901, Puerto Rico",18.421583,-66.0987379,Ceiba,Food Trucks
Cupey Food Truck Park,,"PR-176, antes calle Tejas, Ave Victor M Labiosa, San Juan, 00926, Puerto Rico",18.375297,-66.05441569999999,Ceiba,Food Trucks
El Desahogo negocio familiar,,"3 Tarawa Dr, Ceiba, 00735, Puerto Rico",18.2704492,-65.6378107,Ceiba,Food Trucks
7 Seas Food Park,,"Carr 987 Km 4.8, Las Croabas, Fajardo 00738, Puerto Rico",18.365248,-65.6350949,Ceiba,Food Trucks
Las Jibaritas Food Truck,,"Expreso Trujillo Alto, #181 Urb. Lago Alto, San Juan, Trujillo Alto 00926, Puerto Rico",18.3649428,-66.00714839999999,Ceiba,Food Trucks
Sabor Boriitaly,,"Avenida lauro piñero, PR-975, Ceiba, 00735, Puerto Rico",18.2664961,-65.6479367,Ceiba,Food Trucks
Sabores Gourmet Criollo (Food Truck),,"CRWH+4G2, Levittown, Toa Baja 00949, Puerto Rico",18.445304,-66.1719884,Ceiba,Food Trucks
Tripleta El Famoso Food Truck,,"Km 79.2, PR-3, Humacao, 00791, Puerto Rico",18.145546,-65.8132372,Ceiba,Food Trucks
La Carreta Smoke & Bar,,"Cll Feliza Rincon De Gautier, Ceiba, 00735, Puerto Rico",18.2632935,-65.6424061,Ceiba,Food Trucks
Estación 31 Food Truck,,"677C+H26, Naguabo, 00718, Puerto Rico",18.2137871,-65.7295925,Ceiba,Food Trucks
Food Trucks,,"C. Comercio, San Juan, 00902, Puerto Rico",18.4636504,-66.114226,Ceiba,Food Trucks
Caguas Food Park,,"190 Ave Bairoa, Caguas, 00725, Puerto Rico",18.2587044,-66.0382711,Ceiba,Food Trucks
Leña Eh Food Truck,,"1006 PR-25, San Juan, 00901, Puerto Rico",18.4530985,-66.0785191,Ceiba,Food Trucks
Food Truck Park,,"166 PR-199, Guaynabo, 00969, Puerto Rico",18.3610604,-66.11528609999999,Ceiba,Food Trucks
La Recta Final Food Truck,,"Hipódromo Camarero, PR-3 Km. 15.3, Canóvanas, 00729, Puerto Rico",18.3659936,-65.9072315,Ceiba,Food Trucks
Sabor de meche Food truck,,"107 Cll Popular, Caño Martin Peña, San Juan 00917, Puerto Rico",18.4287377,-66.0574127,Ceiba,Food Trucks
Frituras Del Este,,"68MM+8J6, PR-3, Aguas Claras, Ceiba 00735, Puerto Rico",18.2332932,-65.6659743,Ceiba,Food Trucks
Sueños De Azucar,,"256 Ave Lauro Piñero, Ceiba, 00735, Puerto Rico",18.2645549,-65.64791819999999,Ceiba,Postres
Doña Café,,"260 Av. Lauro Piñero local B, Ceiba, 00735, Puerto Rico",18.2643025,-65.6479241,Ceiba,Postres
Tiendita La Seyba,,"110 Ave Lauro Piñero, Ceiba, 00735, Puerto Rico",18.2696208,-65.6435004,Ceiba,Postres
Genesis Bakery,,"Carr.3 local 3 santa María shopping, Ceiba, 00735, Puerto Rico",18.2728745,-65.6405633,Ceiba,Postres
Panadería y Repostería la Ceiba,,"1239 Avenida F.D. Roosevelt, San Juan, 00920, Puerto Rico",18.4140481,-66.0877227,Ceiba,Postres
Los Munet Bakery,,"PR-3, Ceiba, 00735, Puerto Rico",18.2731743,-65.6404755,Ceiba,Postres
Detalles Con Amor,,"254 Ave Lauro Piñero, Ceiba, 00735, Puerto Rico",18.264794,-65.64780069999999,Ceiba,Postres
El Rincóncito Del Sabor ( Ceiba ),,"Ceiba, 00735, Puerto Rico",18.2712972,-65.6528056,Ceiba,Postres
Açaí Frappe PR,,"139 Avenida Lauro Piñero, Esquina, C. Mula, Ceiba, 00735, Puerto Rico",18.2693641,-65.64495889999999,Ceiba,Postres
Broadway Gastro Bar,,"930 C. Fuente Fría, Ceiba, 00735, Puerto Rico",18.2650037,-65.64815879999999,Ceiba,Jangueo
Broadway Sport Bar,,"940 C. Fuente Fría #946, Ceiba, 00735, Puerto Rico",18.2650012,-65.64842209999999,Ceiba,Jangueo
Bar Los Bohios,,"789C+85H, Cam Rio Abajo, Ceiba, 00735, Puerto Rico",18.26832,-65.679512,Ceiba,Jangueo
La Carreta Smoke & Bar,,"Cll Feliza Rincon De Gautier, Ceiba, 00735, Puerto Rico",18.2632935,-65.6424061,Ceiba,Jangueo
Aviator Sport Bar,,"Avenida Laura Piñero int.975, Ceiba, 00735, Puerto Rico",18.2665267,-65.6476643,Ceiba,Jangueo
The Ceiba,,"La Ceiba Bar & Restaurant Carretera 153 Km 12.8, Coamo, 00769, Puerto Rico",18.0535556,-66.36585099999999,Ceiba,Jangueo
Sueños De Azucar,,"256 Ave Lauro Piñero, Ceiba, 00735, Puerto Rico",18.2645549,-65.64791819999999,Ceiba,Jangueo
Surf Shack,,"Roosevelt Roads, Ceiba 00735, Puerto Rico",18.229922,-65.6183439,Ceiba,Jangueo
Surf Shack,,"Roosevelt Roads, Ceiba 00735, Puerto Rico",18.229922,-65.6183439,Ceiba,Jangueo
La Carreta Smoke & Bar,,"Cll Feliza Rincon De Gautier, Ceiba, 00735, Puerto Rico",18.2632935,-65.6424061,Ceiba,Jangueo
Broadway Sport Bar,,"940 C. Fuente Fría #946, Ceiba, 00735, Puerto Rico",18.2650012,-65.64842209999999,Ceiba,Jangueo
Broadway Gastro Bar,,"930 C. Fuente Fría, Ceiba, 00735, Puerto Rico",18.2650037,-65.64815879999999,Ceiba,Jangueo
Sabor Boriitaly,,"Avenida lauro piñero, PR-975, Ceiba, 00735, Puerto Rico",18.2664961,-65.6479367,Ceiba,Jangueo
El Wiwi Turbo,,"7982+5QG, Ceiba, 00735, Puerto Rico",18.2654413,-65.6480371,Ceiba,Jangueo
El Sazón de la Gordy's,,"ENTRADA CEIBA, Tarawa Dr, Ceiba, 00735, Puerto Rico",18.2785346,-65.63926239999999,Ceiba,Jangueo
Sueños De Azucar,,"256 Ave Lauro Piñero, Ceiba, 00735, Puerto Rico",18.2645549,-65.64791819999999,Ceiba,Jangueo
Tiendita La Seyba,,"110 Ave Lauro Piñero, Ceiba, 00735, Puerto Rico",18.2696208,-65.6435004,Ceiba,Jangueo
La Sombra Rest.,,"151-153 PR-979, Ceiba, 00735, Puerto Rico",18.2696289,-65.64475999999999,Ceiba,Jangueo
El Rincóncito Del Sabor ( Ceiba ),,"Ceiba, 00735, Puerto Rico",18.2712972,-65.6528056,Ceiba,Jangueo
The Ceiba,,"La Ceiba Bar & Restaurant Carretera 153 Km 12.8, Coamo, 00769, Puerto Rico",18.0535556,-66.36585099999999,Ceiba,Jangueo
La Ceiba Grocery Store,,"Sector Los Franco, 7991 Cam. Sud Arriba, Cidra, 00739, Puerto Rico",18.1646612,-66.1690033,Ceiba,Jangueo
La Cavaña Estate,,"PR-3, Ceiba, 00735, Puerto Rico",18.2283048,-65.6702171,Ceiba,Jangueo
Chey's Pizza,,"979 Ave Lauro Piñero #286, Ceiba, 00735, Puerto Rico",18.2627473,-65.6479174,Ceiba,Jangueo
Oriental House Chinese Restaurant,,"79F5+4Q4, Ceiba, 00735, Puerto Rico",18.2727709,-65.64055859999999,Ceiba,Restaurantes
Don Carlos Restaurant,,"Carretera 149, Ciales, 00638, Puerto Rico",18.3451919,-66.4676576,Ciales,Restaurantes
Rancho El Desahogo,,"Carrera #145 km 0.9 Bo, Ciales, 00638, Puerto Rico",18.3354588,-66.4639582,Ciales,Restaurantes
Casa Vieja,,"Km, 26 PR-149, Ciales, 00638, Puerto Rico",18.2745186,-66.5137897,Ciales,Restaurantes
El Caney Restaurant,,"Carr. 149 Bo. Pesas Km 21, 6, Ciales 00638, Puerto Rico",18.2960735,-66.4962884,Ciales,Restaurantes
Chalan's Restaurant Carnes y Mariscos,,"9G4H+8W2, Carretera 149, Ciales, 00638, Puerto Rico",18.3557653,-66.47024259999999,Ciales,Restaurantes
El Bohío,,"8GC5+XQR, Ciales, 00638, Puerto Rico",18.3224874,-66.49061329999999,Ciales,Restaurantes
"Algo Lindo Restaurant, Bar & Grill",,"Bo, Ciales, 00638, Puerto Rico",18.3374599,-66.46493389999999,Ciales,Jangueo
aBú Ciales Kitchen/Penúltima,,"KM 19.0 Carr 149 Barrio, Ciales, 00638, Puerto Rico",18.3037079,-66.4787518,Ciales,Restaurantes
Asao,,"Barrio Pesas Km. 18.5PR-149, KM. 18.5, Int. PR-615 | Intersection Road 615, Ciales 00638, Carretera 149, Ciales, 00638, Puerto Rico",18.3026364,-66.4796865,Ciales,Restaurantes
Pollos Neco,,"5 Carretera 149 Km. 15.6, Ciales, 00638, Puerto Rico",18.3242112,-66.4755899,Ciales,Restaurantes
Locos De Remate,,"8G38+29C, Carretera 149, Ciales, 00638, Puerto Rico",18.3019888,-66.482956,Ciales,Restaurantes
The Shark Cave,,"PR-149 km. 14.1, Ciales, 00638, Puerto Rico",18.3304535,-66.47010519999999,Ciales,Restaurantes
Restaurante Arturito,,"Carr.149 km. 18.3 Interior, Sector La Línea, Ciales, 00638, Puerto Rico",18.3024802,-66.4681756,Ciales,Restaurantes
La Mexkla,,"PR-149 km 19.2, Ciales, 00638, Puerto Rico",18.3025576,-66.4813419,Ciales,Restaurantes
Sabor D'qui,,"Calle Lina R Corretger, Ciales, 00638, Puerto Rico",18.3379713,-66.46886769999999,Ciales,Restaurantes
Casa Roja Bar&Grill,,"Carr.#149, Km18.3 interior sect.la linea, Jaguas, Ciales 00638, Puerto Rico",18.302327,-66.4673495,Ciales,Restaurantes
Los caobos,,"7GJC+743, Ciales, 00638, Puerto Rico",18.2806475,-66.47970649999999,Ciales,Restaurantes
Lacies Café,,"esquina, Calle A & Cll Ignacio Fernandez, 2 Calle Palmer, Ciales, 00638, Puerto Rico",18.3369273,-66.468509,Ciales,Restaurantes
Pal Campo Rest 146,,"8F32+33G, PR-146, Ciales, 00638, Puerto Rico",18.3023252,-66.5493551,Ciales,Restaurantes
Abolengo Rest. & Bar,,"Carr.614 km1, Ciales, 00638, Puerto Rico",18.2854918,-66.5149148,Ciales,Restaurantes
Restaurant Campamento,,"9G9F+FJJ, Carretera 149, Manatí, 00674, Puerto Rico",18.3687072,-66.4759893,Ciales,Restaurantes
Vista Las Cañas Bar & Restaurant,,"Puerto Rico 149 Km 23.5, Ciales, 00638, Puerto Rico",18.2903396,-66.50908489999999,Ciales,Restaurantes
The Lelolai Bar & Cuisine,,"Pr 149 Km 21.1 Bo, Ciales, 00638, Puerto Rico",18.2981669,-66.4920368,Ciales,Restaurantes
Rancho Rico,,"3 Calle Palmer, Ciales, 00638, Puerto Rico",18.3360281,-66.46848969999999,Ciales,Restaurantes
Cialeños Pizza & Pub,,"Carretera 149, Ciales, 00638, Puerto Rico",18.3030382,-66.47922969999999,Ciales,Restaurantes
Ruta Taina,,"Carretera 149 km 24.8, Ciales, 00638, Puerto Rico",18.2824331,-66.50996289999999,Ciales,Restaurantes
La Estación del Chinchorreo,,"9G7F+5JG, Hato Viejo, Ciales 00638, Puerto Rico",18.3629295,-66.4759088,Ciales,Restaurantes
Pizza Town,,"7 Calle Palmer, Ciales, 00638, Puerto Rico",18.3364744,-66.46862469999999,Ciales,Restaurantes
El Ultimo Brinco de Lolo,,"Carretera 149, Ciales, 00638, Puerto Rico",18.275309,-66.5125578,Ciales,Restaurantes
FinCafé Coffee Shop,,"Carretera 149, Ciales, 00638, Puerto Rico",18.2809942,-66.5101298,Ciales,Coffee Shops
Aromas of Coffee,,"Paseo Lineal Juan Antonio Corretjer, Ciales, 00638, Puerto Rico",18.3543869,-66.4697901,Ciales,Coffee Shops
Frappe Tropical,,"15 Calle Palmer, Ciales, 00638, Puerto Rico",18.342137,-66.4671867,Ciales,Coffee Shops
K-feína Coffee Shop Manatí,,"PR-64Sxtfg3, Manatí, 00674, Puerto Rico",18.3792624,-66.4835458,Ciales,Coffee Shops
Café Pangea PR,,"Carr. 149, Barrio Km. 19.0, Ciales, 00638, Puerto Rico",18.3036401,-66.4788324,Ciales,Coffee Shops
Cafetín el jaguar bar,,"PR-149 kilómetro 14.5, Jaguas, Ciales 00638, Puerto Rico",18.3302724,-66.4699025,Ciales,Coffee Shops
Davica's Chili and Coffee,,"28 Calle Palmer, Ciales, 00638, Puerto Rico",18.3353391,-66.4687407,Ciales,Coffee Shops
SABOR FRAPPÉ CIALES,,"Carr 149 BO KM 9.4, Ciales, 00638, Puerto Rico",18.3671062,-66.47579879999999,Ciales,Coffee Shops
Lacies Café,,"esquina, Calle A & Cll Ignacio Fernandez, 2 Calle Palmer, Ciales, 00638, Puerto Rico",18.3369273,-66.468509,Ciales,Coffee Shops
The Caicu,,"PR-146 km 23.6, Ciales, 00638, Puerto Rico",18.3171565,-66.4966567,Ciales,Coffee Shops
Café Don Pello,,"8GMJ+WC5, Calle Palmer, Ciales, 00638, Puerto Rico",18.3347564,-66.4688978,Ciales,Coffee Shops
The Flaka Seasoning,,"8GC5+C29, PR-146, Ciales, 00638, Puerto Rico",18.3210485,-66.49237769999999,Ciales,Coffee Shops
Tereques Sweets & Natural Market,,"Bo. Hato Viejo Sector Campamento Carr. 6633 KM 0.1, Ciales, 00638, Puerto Rico",18.363043,-66.4755663,Ciales,Coffee Shops
Morena Coffee Express,,"PR-176 KM 1.4, San Juan, 00926, Puerto Rico",18.3808964,-66.0557651,Ciales,Coffee Shops
Hacienda Café del Alba,,"Carr 149 ramal 614 km 1.3, Ciales, 00638, Puerto Rico",18.2914877,-66.5209952,Ciales,Coffee Shops
Noah's Café,,"PR 149 Bo km 17.8, Ciales, 00638, Puerto Rico",18.3361825,-66.4685835,Ciales,Coffee Shops
Café Consciente,,"171 C. O'Neill, San Juan, 00918, Puerto Rico",18.4229816,-66.0624776,Ciales,Coffee Shops
El Bakery,,"8GC5+WQ, Ciales, 00638, Puerto Rico",18.3222883,-66.49060639999999,Ciales,Coffee Shops
Museo Biblioteca del Cafe,,"42 Calle Palmer, Ciales, 00638, Puerto Rico",18.3346871,-66.4686926,Ciales,Coffee Shops
They Kangri sandwiches,,"8GVJ+WVF, Ciales 00638, Puerto Rico",18.3448126,-66.46784339999999,Ciales,Coffee Shops
Coffee Museum of Puerto Rico,,"42 Calle Palmer, Ciales, 00638, Puerto Rico",18.3346359,-66.4687162,Ciales,Coffee Shops
Luna Coffee & Latin Kitchen,,"352 Av. Américo Miranda, San Juan, 00927, Puerto Rico",18.3996731,-66.0681191,Ciales,Coffee Shops
Boca Boca Generales,,"CX43+5XH, San Juan, 00923, Puerto Rico",18.4053911,-66.0449995,Ciales,Coffee Shops
Hacienda San Pedro,,"211 Av. Ing. Manuel Domenech, San Juan, 00918, Puerto Rico",18.4151705,-66.0601792,Ciales,Coffee Shops
Sin Prisa Coffee Shop,,"1804 C. Loíza, San Juan, 00911, Puerto Rico",18.4514175,-66.05944769999999,Ciales,Coffee Shops
EmpanadisimasPR,,"GK-44, Av. Roberto Sánchez Vilella, Carolina, 00982, Puerto Rico",18.4126819,-65.9982888,Ciales,Coffee Shops
La taza Criolla,,"51 Cll Jose De Diego, Ciales, 00638, Puerto Rico",18.3346334,-66.4680418,Ciales,Coffee Shops
Hacienda San Pedro,,"1350 Ashford Ave, San Juan, 00907, Puerto Rico",18.4550466,-66.0690455,Ciales,Coffee Shops
Gustos Coffee,,"CXPV+97M, Arrivals Ave, Carolina, 00979, Puerto Rico",18.4360159,-66.0072387,Ciales,Coffee Shops
Panismo,,"1054 C. González, San Juan, 00925, Puerto Rico",18.4001112,-66.05302859999999,Ciales,Coffee Shops
Espresso Lab Coffee Shop,,"8020 Tartak St Hyatt Centric San Juan, Lobby, 8020 José M. Tartak Ave, Carolina, 00979, Puerto Rico",18.4406718,-66.02198229999999,Ciales,Coffee Shops
Hazel Bar,,"1000 122 The Mall of San Juan Blvd, San Juan, 00926, Puerto Rico",18.4124925,-66.02525179999999,Ciales,Coffee Shops
Los Gustitos de Danny y el Gordito,,"8GRJ+XMX, PR-6685, Ciales, 00638, Puerto Rico",18.3423696,-66.4680971,Ciales,Coffee Shops
Salón Café - Av. Domenech,,"Las Américas Professional Center 400 Ave Domenech 104 A-B, San Juan, 00918, Puerto Rico",18.4126423,-66.0692876,Ciales,Coffee Shops
Finca Cialitos,,"267 C. de San Francisco, San Juan, 00901, Puerto Rico",18.4660199,-66.1144925,Ciales,Coffee Shops
Hacienda San Pedro,,"318 Avenida José de Diego, San Juan, 00923, Puerto Rico",18.4469101,-66.0679083,Ciales,Coffee Shops
Starbene Caffe,,"4008 The Mall of San Juan Blvd #1000, San Juan, 00924, Puerto Rico",18.4124832,-66.0258967,Ciales,Coffee Shops
Paolo's Coffee,,"401 C. del Parque, San Juan, 00912, Puerto Rico",18.4452617,-66.0658325,Ciales,Coffee Shops
Café Comunión,,"1616 PR-25, San Juan, 00909, Puerto Rico",18.4439231,-66.0657765,Ciales,Coffee Shops
Don Carlos Restaurant,,"Carretera 149, Ciales, 00638, Puerto Rico",18.3451919,-66.4676576,Ciales,Restaurantes
Cafeto,,"#k103, 1000 The Mall of San Juan Blvd, San Juan, 00924, Puerto Rico",18.4123507,-66.0260881,Ciales,Coffee Shops
Hornofino Coffee Shop,,"Cupey Professional Mall, C. San Claudio, San Juan, 00926, Puerto Rico",18.3796425,-66.05394559999999,Ciales,Coffee Shops
Hacienda San Pedro,,"CWGR+MP3 Popular Center, Av. Luis Muñoz Rivera, San Juan, 00917, Puerto Rico",18.4266438,-66.05819629999999,Ciales,Coffee Shops
Casa Vieja,,"Km, 26 PR-149, Ciales, 00638, Puerto Rico",18.2745186,-66.5137897,Ciales,Coffee Shops
La Casa De Barista En Turno Hato Rey,,"Av. Luis Muñoz Rivera, Hato Rey Central, San Juan 00918, Puerto Rico",18.416696,-66.05654729999999,Ciales,Coffee Shops
Pasajero 17 @ EnBeta,,"5 Esquina, 1135 C. 2 Suite 1, San Juan, 00927, Puerto Rico",18.3909641,-66.0693564,Ciales,Coffee Shops
El Brother Café,,"777-779 Av. Roberto Sánchez Vilella, San Juan, 00924, Puerto Rico",18.4090009,-66.00070939999999,Ciales,Coffee Shops
Paseo Coffee Shop,,"154 P.º de Diego, San Juan, 00925, Puerto Rico",18.3982305,-66.0476094,Ciales,Coffee Shops
"Pitirre Cafe Miramar, San Juan",,"FW3C+XG8, San Juan, 00907, Puerto Rico",18.4547222,-66.0785782,Ciales,Coffee Shops
Cuela Coffee Shop - Guaynabo Pueblo,,"46 Carazo St, Guaynabo, 00969, Puerto Rico",18.3601149,-66.11079529999999,Ciales,Coffee Shops
El Caney Restaurant,,"Carr. 149 Bo. Pesas Km 21, 6, Ciales 00638, Puerto Rico",18.2960735,-66.4962884,Ciales,Restaurantes
Panadería y Repostería La Pesa,,"Bo. Jaguas Carr. 149, Ciales, 00638, Puerto Rico",18.316428,-66.47251700000001,Ciales,Coffee Shops
The Nutty Kitchen,,"203 Av. Ing. Manuel Domenech, San Juan, 00918, Puerto Rico",18.4153685,-66.0596889,Ciales,Coffee Shops
IUPICOOP Café,,"Centro de Estudiantes, Av. Universidad, San Juan, 00925, Puerto Rico",18.4044689,-66.04720429999999,Ciales,Coffee Shops
Tierra Adentro Coffee Shop,,"Calle Sta. Águeda, San Juan, 00926, Puerto Rico",18.3740435,-66.0543423,Ciales,Coffee Shops
La Terrazita D’ Ana,,"8GFG+637, Ciales, 00638, Puerto Rico",18.3235549,-66.4755716,Ciales,Coffee Shops
Cafe Riaza,,"555 Av. Barbosa, San Juan, 00917, Puerto Rico",18.4161247,-66.0429252,Ciales,Coffee Shops
Koffee Cups Café GM Plaza,,"1590 C. Juan Ponce de León, San Juan, 00926, Puerto Rico",18.380742,-66.0686963,Ciales,Coffee Shops
Cabrera Cafetería y Mini Market,,"103 Av. Universidad #105, San Juan, 00925, Puerto Rico",18.4031076,-66.05382,Ciales,Coffee Shops
Café La Estación,,"Ave. 65 Infanteria. Km 6.8 Int. PR-887 San Anton, Carolina, 00985, Puerto Rico",18.3979982,-65.9894111,Ciales,Coffee Shops
Jaguas Bakery,,"Carr. 149, Bo KM 14.5, Ciales, 00638, Puerto Rico",18.3276786,-66.47413089999999,Ciales,Panaderías
Panadería y Repostería La Pesa,,"Bo. Jaguas Carr. 149, Ciales, 00638, Puerto Rico",18.316428,-66.47251700000001,Ciales,Panaderías
Mary's Bakery,,"Hc 2 box 7571, Ciales, 00638, Puerto Rico",18.3048718,-66.52983429999999,Ciales,Panaderías
El Bakery,,"8GC5+WQ, Ciales, 00638, Puerto Rico",18.3222883,-66.49060639999999,Ciales,Panaderías
Codilia Bakery II,,"2 Calle Palmer, Ciales, 00638, Puerto Rico",18.3370781,-66.4686661,Ciales,Panaderías
Panaderia Codilia,,"panaderia codilia carr 643, Manatí 00674, Puerto Rico",18.3807661,-66.4690279,Ciales,Panaderías
Panadería Y Repostería,,"7GW4+P86, Carretera 149, Ciales, 00638, Puerto Rico",18.2966731,-66.49480729999999,Ciales,Panaderías
"Algo Lindo Restaurant, Bar & Grill",,"Bo, Ciales, 00638, Puerto Rico",18.3374599,-66.46493389999999,Ciales,Jangueo
Casa Vieja,,"Km, 26 PR-149, Ciales, 00638, Puerto Rico",18.2745186,-66.5137897,Ciales,Jangueo
Cialeños Pizza & Pub,,"Carretera 149, Ciales, 00638, Puerto Rico",18.3030382,-66.47922969999999,Ciales,Jangueo
La Terrazita D’ Ana,,"8GFG+637, Ciales, 00638, Puerto Rico",18.3235549,-66.4755716,Ciales,Jangueo
El Bohío,,"8GC5+XQR, Ciales, 00638, Puerto Rico",18.3224874,-66.49061329999999,Ciales,Jangueo
El Caney Restaurant,,"Carr. 149 Bo. Pesas Km 21, 6, Ciales 00638, Puerto Rico",18.2960735,-66.4962884,Ciales,Restaurantes
Don Carlos Restaurant,,"Carretera 149, Ciales, 00638, Puerto Rico",18.3451919,-66.4676576,Ciales,Restaurantes
aBú Ciales Kitchen/Penúltima,,"KM 19.0 Carr 149 Barrio, Ciales, 00638, Puerto Rico",18.3037079,-66.4787518,Ciales,Jangueo
La Rumba Sports Bar,,"8G8G+CXH, Ciales, 00638, Puerto Rico",18.316074,-66.47250439999999,Ciales,Jangueo
The Orphan's Grocery Bar,,"7F6W+P84, Ciales, 00638, Puerto Rico",18.2617523,-66.5041744,Ciales,Jangueo
Casa Roja Bar&Grill,,"Carr.#149, Km18.3 interior sect.la linea, Jaguas, Ciales 00638, Puerto Rico",18.302327,-66.4673495,Ciales,Jangueo
Rancho El Desahogo,,"Carrera #145 km 0.9 Bo, Ciales, 00638, Puerto Rico",18.3354588,-66.4639582,Ciales,Jangueo
Locos De Remate,,"8G38+29C, Carretera 149, Ciales, 00638, Puerto Rico",18.3019888,-66.482956,Ciales,Jangueo
La Frontera Colmado Bar,,"PR-6615, Ciales 00638, Puerto Rico",18.2497714,-66.4750035,Ciales,Jangueo
El Mata Plátano Bar & Grill,,"9G5C+6X3, PR-6685, Ciales, 00638, Puerto Rico",18.3580121,-66.4775691,Ciales,Jangueo
The Shark Cave,,"PR-149 km. 14.1, Ciales, 00638, Puerto Rico",18.3304535,-66.47010519999999,Ciales,Jangueo
Brisas de Kaliche,,"8GWH+X5X, PR-6685, Ciales, 00638, Puerto Rico",18.3474921,-66.4720229,Ciales,Jangueo
Abolengo Rest. & Bar,,"Carr.614 km1, Ciales, 00638, Puerto Rico",18.2854918,-66.5149148,Ciales,Jangueo
Rancho Rico,,"3 Calle Palmer, Ciales, 00638, Puerto Rico",18.3360281,-66.46848969999999,Ciales,Jangueo
Doña Flor,,"8GXH+45W, PR-6685, Ciales, 00638, Puerto Rico",18.3478527,-66.4720555,Ciales,Jangueo
El Ultimo Brinco de Lolo,,"Carretera 149, Ciales, 00638, Puerto Rico",18.275309,-66.5125578,Ciales,Jangueo
Chalan's Restaurant Carnes y Mariscos,,"9G4H+8W2, Carretera 149, Ciales, 00638, Puerto Rico",18.3557653,-66.47024259999999,Ciales,Restaurantes
El Nuevo Timbiriche de Juanito,,"36 Calle Palmer, Ciales, 00638, Puerto Rico",18.3343868,-66.4684628,Ciales,Jangueo
Terraza Sport Bar,,"Ciales, 00638, Puerto Rico",18.3070625,-66.4754375,Ciales,Jangueo
Pollos Neco,,"5 Carretera 149 Km. 15.6, Ciales, 00638, Puerto Rico",18.3242112,-66.4755899,Ciales,Jangueo
Expreso Beer and More,,"Carretera 149, Manatí, 00674, Puerto Rico",18.383665,-66.4837368,Ciales,Jangueo
Asao,,"Barrio Pesas Km. 18.5PR-149, KM. 18.5, Int. PR-615 | Intersection Road 615, Ciales 00638, Carretera 149, Ciales, 00638, Puerto Rico",18.3026364,-66.4796865,Ciales,Jangueo
Ruta Taina,,"Carretera 149 km 24.8, Ciales, 00638, Puerto Rico",18.2824331,-66.50996289999999,Ciales,Jangueo
Pal Campo Rest 146,,"8F32+33G, PR-146, Ciales, 00638, Puerto Rico",18.3023252,-66.5493551,Ciales,Jangueo
La Estación del Chinchorreo,,"9G7F+5JG, Hato Viejo, Ciales 00638, Puerto Rico",18.3629295,-66.4759088,Ciales,Jangueo
Vista Las Cañas Bar & Restaurant,,"Puerto Rico 149 Km 23.5, Ciales, 00638, Puerto Rico",18.2903396,-66.50908489999999,Ciales,Restaurantes
The Lelolai Bar & Cuisine,,"Pr 149 Km 21.1 Bo, Ciales, 00638, Puerto Rico",18.2981669,-66.4920368,Ciales,Jangueo
The Flight Park,,"CXPQ+R5G, Carolina, 00979, Puerto Rico",18.4370595,-66.01203989999999,Ciales,Jangueo
Bar-Bon,,"42 Calle Palmer, Ciales, 00638, Puerto Rico",18.3347041,-66.4686847,Ciales,Jangueo
Pal' Kala,,"8GVM+V3P, Ciales, 00638, Puerto Rico",18.3447125,-66.46729690000001,Ciales,Jangueo
Alcaldía Sport Bar,,"1006 Av. Juan Ponce de León, San Juan, 00924, Puerto Rico",18.4009876,-66.05229510000001,Ciales,Jangueo
La Mexkla,,"PR-149 km 19.2, Ciales, 00638, Puerto Rico",18.3025576,-66.4813419,Ciales,Jangueo
El Túnel Lucky Cash,,"El Tunel Car Wash, Av. 65 de Infantería, San Juan, 00926, Puerto Rico",18.3943359,-66.03405130000002,Ciales,Jangueo
Gagus's Cafe Sport & Bar,,"9G7W+9F8, PR-633, Ciales, Morovis 00687, Puerto Rico",18.3635745,-66.4552813,Ciales,Jangueo
Colmado Bar la Ultima Copa,,"5151 Carretera 149, Ciales, 00638, Puerto Rico",18.3228776,-66.47495990000002,Ciales,Jangueo
Choky's Pincho,,"Bo. Jaguas Carr. 149, Cll 4 KM 15.1, Ciales, 00638, Puerto Rico",18.3233609,-66.4759408,Ciales,Jangueo
"Willy's Pinchos ""El Original""",,"8GRJ+MJ5, PR-146, Ciales, 00638, Puerto Rico",18.3416381,-66.468402,Ciales,Jangueo
Restaurant Campamento,,"9G9F+FJJ, Carretera 149, Manatí, 00674, Puerto Rico",18.3687072,-66.4759893,Ciales,Restaurantes
Chinchorro San Jose,,"44 Carretera 149, Ciales, 00638, Puerto Rico",18.3184932,-66.4721131,Ciales,Jangueo
Sabor D'qui,,"Calle Lina R Corretger, Ciales, 00638, Puerto Rico",18.3379713,-66.46886769999999,Ciales,Jangueo
The Chinese Palace,,"Carr PR-149 km 12.6, Bo Hato Viejo Ciales, PR 00638, Carretera 149, Ciales, 00638, Puerto Rico",18.3461609,-66.4673366,Ciales,Jangueo
Restaurante Arturito,,"Carr.149 km. 18.3 Interior, Sector La Línea, Ciales, 00638, Puerto Rico",18.3024802,-66.4681756,Ciales,Restaurantes
La Esquina de Diego,,"553 Calle de Diego, San Juan, 00901, Puerto Rico",18.3977908,-66.0311442,Ciales,Jangueo
El Ocho de Rio,,"102 Av. Universidad, San Juan, 00925, Puerto Rico",18.4029734,-66.05471949999999,Ciales,Jangueo
Yoly's Café,,"C288+4P2, PR-190, Carolina, 00983, Puerto Rico",18.4152575,-65.98323429999999,Ciales,Jangueo
El Mercadito de Luly,,"World Plaza, 268 Av. Luis Muñoz Rivera, San Juan, 00919, Puerto Rico",18.4241186,-66.0588422,Ciales,Jangueo
Refill Sport Bar,,"990 C. Eider, San Juan, 00924, Puerto Rico",18.4043149,-66.00402679999999,Ciales,Jangueo
Studio 54,,"C298+3R9, Carolina, 00983, Puerto Rico",18.4176681,-65.9828899,Ciales,Jangueo
El CAPORAL,,"9XWJ+M53, San Juan, 00924, Puerto Rico",18.3966413,-66.01958619999999,Ciales,Jangueo
Hot Dog el Gato,,"Ciales, 00638, Puerto Rico",18.3474657,-66.4659412,Ciales,Jangueo
El Punto 8 Sport Bar,,"901 Cll Hypolais, San Juan, 00924, Puerto Rico",18.4083342,-66.0077283,Ciales,Jangueo
Piel Kanela,,"Parcelas Hill Brother, 375 Calle 11, Río Piedras, San Juan 00924, Puerto Rico",18.3945066,-66.0215245,Ciales,Jangueo
Vagabundo Social Speakeasy,,"1265 C. Marginal Villamar, Carolina, 00979, Puerto Rico",18.4431544,-66.028471,Ciales,Jangueo
Suso's Bar & Rest.,,"219 Av. Eleanor Roosevelt, San Juan, 00918, Puerto Rico",18.4205049,-66.0609972,Ciales,Jangueo
Sabor D'qui,,"Calle Lina R Corretger, Ciales, 00638, Puerto Rico",18.3379713,-66.46886769999999,Ciales,Food Trucks
Chef On The Street Smoke & Grill,,"15 Calle Palmer, Ciales, 00638, Puerto Rico",18.3423462,-66.46736369999999,Ciales,Food Trucks
FELO'S FOOD TRUCK,,"playa, Vega Baja 00693, Puerto Rico",18.4897406,-66.3989244,Ciales,Food Trucks
Bebes Food Truck,,"8GQM+77C, Ciales, 00638, Puerto Rico",18.3382204,-66.4667903,Ciales,Food Trucks
Frappe Tropical,,"15 Calle Palmer, Ciales, 00638, Puerto Rico",18.342137,-66.4671867,Ciales,Postres
Jaguas Bakery,,"Carr. 149, Bo KM 14.5, Ciales, 00638, Puerto Rico",18.3276786,-66.47413089999999,Ciales,Postres
Panadería y Repostería La Pesa,,"Bo. Jaguas Carr. 149, Ciales, 00638, Puerto Rico",18.316428,-66.47251700000001,Ciales,Postres
La Rumba Sports Bar,,"8G8G+CXH, Ciales, 00638, Puerto Rico",18.316074,-66.47250439999999,Ciales,Jangueo
"Algo Lindo Restaurant, Bar & Grill",,"Bo, Ciales, 00638, Puerto Rico",18.3374599,-66.46493389999999,Ciales,Jangueo
Casa Vieja,,"Km, 26 PR-149, Ciales, 00638, Puerto Rico",18.2745186,-66.5137897,Ciales,Jangueo
Cialeños Pizza & Pub,,"Carretera 149, Ciales, 00638, Puerto Rico",18.3030382,-66.47922969999999,Ciales,Jangueo
El Caney Restaurant,,"Carr. 149 Bo. Pesas Km 21, 6, Ciales 00638, Puerto Rico",18.2960735,-66.4962884,Ciales,Restaurantes
The Orphan's Grocery Bar,,"7F6W+P84, Ciales, 00638, Puerto Rico",18.2617523,-66.5041744,Ciales,Jangueo
Rancho El Desahogo,,"Carrera #145 km 0.9 Bo, Ciales, 00638, Puerto Rico",18.3354588,-66.4639582,Ciales,Jangueo
Casa Roja Bar&Grill,,"Carr.#149, Km18.3 interior sect.la linea, Jaguas, Ciales 00638, Puerto Rico",18.302327,-66.4673495,Ciales,Jangueo
Chalan's Restaurant Carnes y Mariscos,,"9G4H+8W2, Carretera 149, Ciales, 00638, Puerto Rico",18.3557653,-66.47024259999999,Ciales,Restaurantes
aBú Ciales Kitchen/Penúltima,,"KM 19.0 Carr 149 Barrio, Ciales, 00638, Puerto Rico",18.3037079,-66.4787518,Ciales,Jangueo
Don Carlos Restaurant,,"Carretera 149, Ciales, 00638, Puerto Rico",18.3451919,-66.4676576,Ciales,Restaurantes
Rancho Rico,,"3 Calle Palmer, Ciales, 00638, Puerto Rico",18.3360281,-66.46848969999999,Ciales,Jangueo
La Frontera Colmado Bar,,"PR-6615, Ciales 00638, Puerto Rico",18.2497714,-66.4750035,Ciales,Jangueo
Pal' Kala,,"8GVM+V3P, Ciales, 00638, Puerto Rico",18.3447125,-66.46729690000001,Ciales,Jangueo
Don Carlos Restaurant,,"Carretera 149, Ciales, 00638, Puerto Rico",18.3451919,-66.4676576,Ciales,Restaurantes
El Caney Restaurant,,"Carr. 149 Bo. Pesas Km 21, 6, Ciales 00638, Puerto Rico",18.2960735,-66.4962884,Ciales,Restaurantes
aBú Ciales Kitchen/Penúltima,,"KM 19.0 Carr 149 Barrio, Ciales, 00638, Puerto Rico",18.3037079,-66.4787518,Ciales,Jangueo
El Bohío,,"8GC5+XQR, Ciales, 00638, Puerto Rico",18.3224874,-66.49061329999999,Ciales,Jangueo
"Algo Lindo Restaurant, Bar & Grill",,"Bo, Ciales, 00638, Puerto Rico",18.3374599,-66.46493389999999,Ciales,Jangueo
Casa Vieja,,"Km, 26 PR-149, Ciales, 00638, Puerto Rico",18.2745186,-66.5137897,Ciales,Jangueo
Choky's Pincho,,"Bo. Jaguas Carr. 149, Cll 4 KM 15.1, Ciales, 00638, Puerto Rico",18.3233609,-66.4759408,Ciales,Jangueo
Rancho El Desahogo,,"Carrera #145 km 0.9 Bo, Ciales, 00638, Puerto Rico",18.3354588,-66.4639582,Ciales,Jangueo
Asao,,"Barrio Pesas Km. 18.5PR-149, KM. 18.5, Int. PR-615 | Intersection Road 615, Ciales 00638, Carretera 149, Ciales, 00638, Puerto Rico",18.3026364,-66.4796865,Ciales,Jangueo
Cialeños Pizza & Pub,,"Carretera 149, Ciales, 00638, Puerto Rico",18.3030382,-66.47922969999999,Ciales,Jangueo
Chalan's Restaurant Carnes y Mariscos,,"9G4H+8W2, Carretera 149, Ciales, 00638, Puerto Rico",18.3557653,-66.47024259999999,Ciales,Restaurantes
Bohiques Rest & Bar,,"58 Cll Hatillo, San Juan, 00918, Puerto Rico",18.4108905,-66.0550689,Ciales,Jangueo
DESARROPE BY Vidy's,,"104 Av. Universidad, San Juan, 00925, Puerto Rico",18.4029816,-66.0548271,Ciales,Jangueo
Casa Roja Bar&Grill,,"Carr.#149, Km18.3 interior sect.la linea, Jaguas, Ciales 00638, Puerto Rico",18.302327,-66.4673495,Ciales,Jangueo
Abolengo Rest. & Bar,,"Carr.614 km1, Ciales, 00638, Puerto Rico",18.2854918,-66.5149148,Ciales,Jangueo
El Timbre,,"CW9V+892, San Juan, 00918, Puerto Rico",18.4182657,-66.0566158,Ciales,Jangueo
Corali's Place,,"1521 C. Juan Ponce de León, San Juan, 00926, Puerto Rico",18.3864922,-66.0638019,Ciales,Jangueo
La Terraza de Bonanza,,"CWVP+QX5, Av. Eduardo Conde, San Juan, 00912, Puerto Rico",18.4443753,-66.0625064,Ciales,Jangueo
The Lelolai Bar & Cuisine,,"Pr 149 Km 21.1 Bo, Ciales, 00638, Puerto Rico",18.2981669,-66.4920368,Ciales,Jangueo
Our House Rest & Bar,,"100 Av. San Patricio ST-10, Guaynabo, 00968, Puerto Rico",18.4081776,-66.1058065,Ciales,Jangueo
The Shark Cave,,"PR-149 km. 14.1, Ciales, 00638, Puerto Rico",18.3304535,-66.47010519999999,Ciales,Jangueo
Pal Campo Rest 146,,"8F32+33G, PR-146, Ciales, 00638, Puerto Rico",18.3023252,-66.5493551,Ciales,Jangueo
Locos De Remate,,"8G38+29C, Carretera 149, Ciales, 00638, Puerto Rico",18.3019888,-66.482956,Ciales,Jangueo
El Punto 8 Sport Bar,,"901 Cll Hypolais, San Juan, 00924, Puerto Rico",18.4083342,-66.0077283,Ciales,Jangueo
The Flight Park,,"CXPQ+R5G, Carolina, 00979, Puerto Rico",18.4370595,-66.01203989999999,Ciales,Jangueo
Pollos Neco,,"5 Carretera 149 Km. 15.6, Ciales, 00638, Puerto Rico",18.3242112,-66.4755899,Ciales,Jangueo
La Terrazita D’ Ana,,"8GFG+637, Ciales, 00638, Puerto Rico",18.3235549,-66.4755716,Ciales,Jangueo
El CAPORAL,,"9XWJ+M53, San Juan, 00924, Puerto Rico",18.3966413,-66.01958619999999,Ciales,Jangueo
El Cabo,,"PR-187, Carolina, Loíza 00772, Puerto Rico",18.4569308,-65.98541159999999,Ciales,Jangueo
"Bonding Food & Beer Garden - Carolina, Puerto Rico",,"65 Infantería Km.10.7 Carolina Industrial Park, Carolina, 00987, Puerto Rico",18.3760454,-65.9562345,Ciales,Jangueo
El Escondite Sport Bar,,"9XC7+G5M, Cll Acuario, San Juan, 00926, Puerto Rico",18.3713417,-66.0370748,Ciales,Jangueo
El Ultimo Brinco de Lolo,,"Carretera 149, Ciales, 00638, Puerto Rico",18.275309,-66.5125578,Ciales,Jangueo
El Ocho de Rio,,"102 Av. Universidad, San Juan, 00925, Puerto Rico",18.4029734,-66.05471949999999,Ciales,Jangueo
Rancho Rico,,"3 Calle Palmer, Ciales, 00638, Puerto Rico",18.3360281,-66.46848969999999,Ciales,Jangueo
Sabor D'qui,,"Calle Lina R Corretger, Ciales, 00638, Puerto Rico",18.3379713,-66.46886769999999,Ciales,Jangueo
Zona 9 Bar & Grill + Billiards,,"1128B Av. Américo Miranda, San Juan, 00921, Puerto Rico",18.4008798,-66.07909339999999,Ciales,Jangueo
El Mata Plátano Bar & Grill,,"9G5C+6X3, PR-6685, Ciales, 00638, Puerto Rico",18.3580121,-66.4775691,Ciales,Jangueo
Ruta Taina,,"Carretera 149 km 24.8, Ciales, 00638, Puerto Rico",18.2824331,-66.50996289999999,Ciales,Jangueo
La Rumba Sports Bar,,"8G8G+CXH, Ciales, 00638, Puerto Rico",18.316074,-66.47250439999999,Ciales,Jangueo
Oasis Tapas & Lounge,,"Puerto Rico 6, 4 Condado Ave, San Juan, 00907, Puerto Rico",18.4567519,-66.0714175,Ciales,Jangueo
La Medica Barra de Cafe By Zinnia,,"L 583 Ave Pontezuela, Carolina, 00983, Puerto Rico",18.4265051,-65.9829383,Ciales,Jangueo
Vista Las Cañas Bar & Restaurant,,"Puerto Rico 149 Km 23.5, Ciales, 00638, Puerto Rico",18.2903396,-66.50908489999999,Ciales,Restaurantes
Zul Rooftop,,"7 C. Gardenia, Carolina, 00979, Puerto Rico",18.4449426,-66.0164176,Ciales,Jangueo
The Orphan's Grocery Bar,,"7F6W+P84, Ciales, 00638, Puerto Rico",18.2617523,-66.5041744,Ciales,Jangueo
Kalaloo Pizza,,"Carr 6685, Bo, PR-149, Ciales, 00638, Puerto Rico",18.3365888,-66.4647542,Ciales,Jangueo
Modelos Bar,,"Cll América, San Juan, 00917, Puerto Rico",18.4239632,-66.05048459999999,Ciales,Jangueo
Restaurante Arturito,,"Carr.149 km. 18.3 Interior, Sector La Línea, Ciales, 00638, Puerto Rico",18.3024802,-66.4681756,Ciales,Restaurantes
La Wueltita,,"357 C. Roberts, San Juan, 00901, Puerto Rico",18.4503678,-66.0701267,Ciales,Jangueo
Suso's Bar & Rest.,,"219 Av. Eleanor Roosevelt, San Juan, 00918, Puerto Rico",18.4205049,-66.0609972,Ciales,Jangueo
BOSCO,,"1918 C. Loíza Unit #3, San Juan, 00911, Puerto Rico",18.4509274,-66.05636059999999,Ciales,Jangueo
Restaurant Campamento,,"9G9F+FJJ, Carretera 149, Manatí, 00674, Puerto Rico",18.3687072,-66.4759893,Ciales,Restaurantes
Rafi's Restaurant Bar & Grill,,"187, km 4.5, Loíza, 00772, Puerto Rico",18.457347,-65.9855128,Ciales,Jangueo
La Mexkla,,"PR-149 km 19.2, Ciales, 00638, Puerto Rico",18.3025576,-66.4813419,Ciales,Jangueo
El Refugio,,"CW3W+XHJ, Calle, San Juan, 00925, Puerto Rico",18.4049632,-66.05361200000002,Ciales,Jangueo
Café Borikén,,"52 Av. Universidad, San Juan, 00925, Puerto Rico",18.4029826,-66.054282,Ciales,Jangueo
Las Palmas Bar and Rest.,,"corner, Av. Las Palmas & Cll Ernesto Cerra, CWX9+CRC, San Juan, 00907, Puerto Rico",18.4485654,-66.0804722,Ciales,Jangueo
Echate Pa'k Bar & Grill,,"1-9 Cll 15, Carolina, 00985, Puerto Rico",18.3912089,-65.9669011,Ciales,Jangueo
La Estación del Chinchorreo,,"9G7F+5JG, Hato Viejo, Ciales 00638, Puerto Rico",18.3629295,-66.4759088,Ciales,Jangueo
Arte de Jíbaro,,"Carr.615, Bo Km.8.5, Ciales 00638, Puerto Rico",18.2656814,-66.48329489999999,Ciales,Jangueo
Platanutre Bar & Grill,,"PR-900, Yabucoa, 00767, Puerto Rico",18.0489401,-65.88473069999999,Yabucoa,Jangueo
El Nuevo Horizonte,,"8 PR-901, Yabucoa, 00767, Puerto Rico",18.0229611,-65.8503127,Yabucoa,Restaurantes
Buen Rato Bar & Restaurant,,"Carr 9914, Al lado de la rotonda, Bo km .01, Yabucoa, 00767, Puerto Rico",18.0443895,-65.85067529999999,Yabucoa,Restaurantes
Rancho el Campo restaurant,,"Hc #5 box, 5230 Sector El Tamarindo, Yabucoa, 00767, Puerto Rico",18.0343317,-65.8477939,Yabucoa,Restaurantes
Taqueria del Pueblo,,"59 Cll Cristobal Colon, Yabucoa, 00767, Puerto Rico",18.0472441,-65.87868139999999,Yabucoa,Restaurantes
Helecho's Restaurant,,"PR-181, km13.2 Bo, Yabucoa 00767, Puerto Rico",18.0674381,-65.9919045,Yabucoa,Restaurantes
La Casita de Roldi,,"PR-900, Yabucoa, 00767, Puerto Rico",18.0577288,-65.93249810000002,Yabucoa,Restaurantes
La carreta,,"PR-901, El Negro, Yabucoa 00767, Puerto Rico",18.0229281,-65.8429403,Yabucoa,Restaurantes
Georgie's Pizza Place Yabucoa,,"2 PR-901, Yabucoa, 00767, Puerto Rico",18.0447541,-65.87206379999999,Yabucoa,Restaurantes
Delicia China,,"24VJ+W39, Cll L, Yabucoa, 00767, Puerto Rico",18.044782,-65.8697616,Yabucoa,Restaurantes
The Morrillo,,"carretera 901 bo, Yabucoa, 00767, Puerto Rico",18.0291731,-65.83238639999999,Yabucoa,Restaurantes
Restaurante El Panorámico,,"336J+GPP, PR-182, Yabucoa, 00767, Puerto Rico",18.0613298,-65.9181844,Yabucoa,Restaurantes
Pizzeria The Relative #1,,"64 Cll Cristobal Colon, Yabucoa, 00767, Puerto Rico",18.0462276,-65.87854159999999,Yabucoa,Restaurantes
Kiosko La Frescura,,"357M+9GM, Yabucoa 00767, Puerto Rico",18.0634681,-65.816197,Yabucoa,Restaurantes
"Coconut Mar, Yabucoa",,"PR-9911, Yabucoa, 00767, Puerto Rico",18.039885,-65.8346486,Yabucoa,Restaurantes
Cafetín Los Panchos,,"4423+2J2, PR-9903, Yabucoa, 00767, Puerto Rico",18.1000181,-65.8959745,Yabucoa,Restaurantes
Sammy's Pizza #1,,"105-115 C. Luis Muñoz Rivera, Yabucoa, 00767, Puerto Rico",18.0498385,-65.8824716,Yabucoa,Restaurantes
La central Café,,"24WG+4H5, PR-901, Yabucoa, 00767, Puerto Rico",18.0452911,-65.873502,Yabucoa,Coffee Shops
Café Don Mario,,"8 PR-901, Yabucoa, 00767, Puerto Rico",18.0222972,-65.8514557,Yabucoa,Coffee Shops
Ortiz Bakery,,"342F+X83, C. Luis Muñoz Rivera, Yabucoa, 00767, Puerto Rico",18.0523985,-65.8766922,Yabucoa,Coffee Shops
Mr. Waffle,,"24WG+4H5, PR-901, Yabucoa, 00767, Puerto Rico",18.0452911,-65.873502,Yabucoa,Coffee Shops
The Point,,"24VQ+G2, Yabucoa, 00767, Puerto Rico",18.0438135,-65.8624773,Yabucoa,Coffee Shops
Bit of Sugar,,"PR-901, Yabucoa, 00767, Puerto Rico",18.040108,-65.8471729,Yabucoa,Coffee Shops
Panadería & Repostería Deli Dulce Arte,,"25Q4+C5J, PR-901, Yabucoa, 00767, Puerto Rico",18.04052,-65.84770569999999,Yabucoa,Coffee Shops
Guachitos Bake and Deli,,"1, 3344 Cll Cristobal Colon Suite 2, Yabucoa, 00767, Puerto Rico",18.0503455,-65.8796887,Yabucoa,Coffee Shops
Cafetería Johanna’s Mini-Market,,"1 Cll Catalina Morales, Yabucoa, 00767, Puerto Rico",18.0496347,-65.8823061,Yabucoa,Coffee Shops
Panadería y Repostería El Maná,,"PR-3, Yabucoa, 00767, Puerto Rico",18.0902759,-65.8476909,Yabucoa,Coffee Shops
El MANÁ Azucarera,,"24VG+XVJ, PR-901, Yabucoa, 00767, Puerto Rico",18.044961,-65.8728647,Yabucoa,Coffee Shops
The Sweetest Things,,"Urb. Jardines de Yabucoa Lote A1, Yabucoa, 00767, Puerto Rico",18.0464,-65.8752196,Yabucoa,Coffee Shops
Sin Prisa Coffee Shop,,"1804 C. Loíza, San Juan, 00911, Puerto Rico",18.4514175,-66.05944769999999,Yabucoa,Coffee Shops
Luna Coffee & Latin Kitchen,,"352 Av. Américo Miranda, San Juan, 00927, Puerto Rico",18.3996731,-66.0681191,Yabucoa,Coffee Shops
Café del Niño,,"Palacio Rojo, 54 C. de la Fortaleza, San Juan, 00901, Puerto Rico",18.4639733,-66.1184928,Yabucoa,Coffee Shops
Buen Rato Bar & Restaurant,,"Carr 9914, Al lado de la rotonda, Bo km .01, Yabucoa, 00767, Puerto Rico",18.0443895,-65.85067529999999,Yabucoa,Restaurantes
Naturola Health Food,,"Urb Mendez Blq. A-1, Ste. 2, Yabucoa, 00971, Puerto Rico",18.0446893,-65.8721405,Yabucoa,Coffee Shops
City Bowl Yabucoa,,"2 PR-901, Yabucoa, 00767, Puerto Rico",18.0437871,-65.8660258,Yabucoa,Coffee Shops
Espresso Lab Coffee Shop,,"8020 Tartak St Hyatt Centric San Juan, Lobby, 8020 José M. Tartak Ave, Carolina, 00979, Puerto Rico",18.4406718,-66.02198229999999,Yabucoa,Coffee Shops
Creaciones Dulce,,"Carr 3, sector la villa km 97.5, Yabucoa, 00767, Puerto Rico",18.0399205,-65.8720663,Yabucoa,Coffee Shops
Morena Coffee Express,,"PR-176 KM 1.4, San Juan, 00926, Puerto Rico",18.3808964,-66.0557651,Yabucoa,Coffee Shops
Hacienda San Pedro,,"211 Av. Ing. Manuel Domenech, San Juan, 00918, Puerto Rico",18.4151705,-66.0601792,Yabucoa,Coffee Shops
Tierra Adentro Coffee Shop,,"Calle Sta. Águeda, San Juan, 00926, Puerto Rico",18.3740435,-66.0543423,Yabucoa,Coffee Shops
Paseos Café,,"Caguas, 00725, Puerto Rico",18.2314603,-66.035455,Yabucoa,Coffee Shops
"Coconut Mar, Yabucoa",,"PR-9911, Yabucoa, 00767, Puerto Rico",18.039885,-65.8346486,Yabucoa,Coffee Shops
Paolo's Coffee,,"401 C. del Parque, San Juan, 00912, Puerto Rico",18.4452617,-66.0658325,Yabucoa,Coffee Shops
Hacienda San Pedro,,"1350 Ashford Ave, San Juan, 00907, Puerto Rico",18.4550466,-66.0690455,Yabucoa,Coffee Shops
Blessed nutrition club,,"37-25 PR-9910, Yabucoa, 00767, Puerto Rico",18.0486634,-65.8790063,Yabucoa,Coffee Shops
Delicia China,,"24VJ+W39, Cll L, Yabucoa, 00767, Puerto Rico",18.044782,-65.8697616,Yabucoa,Coffee Shops
Café Consciente,,"171 C. O'Neill, San Juan, 00918, Puerto Rico",18.4229816,-66.0624776,Yabucoa,Coffee Shops
Georgie's Pizza Place Yabucoa,,"2 PR-901, Yabucoa, 00767, Puerto Rico",18.0447541,-65.87206379999999,Yabucoa,Coffee Shops
Hacienda San Pedro,,"318 Avenida José de Diego, San Juan, 00923, Puerto Rico",18.4469101,-66.0679083,Yabucoa,Coffee Shops
@Fresco Coffee Bar & Bistro,,"Calle 1 lote 15 Metro Office Park, Guaynabo, 00969, Puerto Rico",18.4161364,-66.1046902,Yabucoa,Coffee Shops
Supermercado Econo,,"4 Cll Catalina Morales, Yabucoa, 00767, Puerto Rico",18.0479891,-65.8827754,Yabucoa,Coffee Shops
Café Comunión,,"1616 PR-25, San Juan, 00909, Puerto Rico",18.4439231,-66.0657765,Yabucoa,Coffee Shops
Hornofino Coffee Shop,,"Cupey Professional Mall, C. San Claudio, San Juan, 00926, Puerto Rico",18.3796425,-66.05394559999999,Yabucoa,Coffee Shops
Martinez Coffee Shop,,"Bo, PR-182, Yabucoa, 00767, Puerto Rico",18.0586912,-65.9046594,Yabucoa,Coffee Shops
Platanutre Bar & Grill,,"PR-900, Yabucoa, 00767, Puerto Rico",18.0489401,-65.88473069999999,Yabucoa,Jangueo
Rodriguez Food Market,,"I3 Cll 1, Yabucoa, 00767, Puerto Rico",18.0482764,-65.8854644,Yabucoa,Coffee Shops
Gustos Coffee,,"CXPV+97M, Arrivals Ave, Carolina, 00979, Puerto Rico",18.4360159,-66.0072387,Yabucoa,Coffee Shops
Boca Boca Generales,,"CX43+5XH, San Juan, 00923, Puerto Rico",18.4053911,-66.0449995,Yabucoa,Coffee Shops
Cafe Doña Malen,,"4455+C6, Martorell, Yabucoa 00767, Puerto Rico",18.1091192,-65.8925404,Yabucoa,Coffee Shops
Pasajero 17 @ EnBeta,,"5 Esquina, 1135 C. 2 Suite 1, San Juan, 00927, Puerto Rico",18.3909641,-66.0693564,Yabucoa,Coffee Shops
Don Ruiz Coffee - Freshmart,,"201 Calle Juan Kalaf, San Juan, 00918, Puerto Rico",18.4265331,-66.0709703,Yabucoa,Coffee Shops
All Ways 99,,"Ste 20, 4 Cll Catalina Morales, Yabucoa, 00767, Puerto Rico",18.0482123,-65.8831996,Yabucoa,Coffee Shops
Grandma's Fried Foods,,"24VQ+H2, Yabucoa, 00767, Puerto Rico",18.043896,-65.862414,Yabucoa,Coffee Shops
Escobar Latte Art,,"Edificio Ila, 1055 Marginal Kennedy, San Juan, 00907, Puerto Rico",18.4330498,-66.086891,Yabucoa,Coffee Shops
Taqueria del Pueblo,,"59 Cll Cristobal Colon, Yabucoa, 00767, Puerto Rico",18.0472441,-65.87868139999999,Yabucoa,Coffee Shops
La Rumba Bar & Rest.,,"25Q6+69J, Yabucoa 00767, Puerto Rico",18.0380758,-65.8390948,Yabucoa,Coffee Shops
Nocturnal Creole,,"2 PR-901, Yabucoa, 00767, Puerto Rico",18.0430541,-65.8662001,Yabucoa,Coffee Shops
Baruch,,"C2FC+6JM, Esq. Calle 11 Ave Galicia, Carolina, 00984, Puerto Rico",18.4230806,-65.9785206,Yabucoa,Coffee Shops
"Pitirre Cafe Miramar, San Juan",,"FW3C+XG8, San Juan, 00907, Puerto Rico",18.4547222,-66.0785782,Yabucoa,Coffee Shops
EmpanadisimasPR,,"GK-44, Av. Roberto Sánchez Vilella, Carolina, 00982, Puerto Rico",18.4126819,-65.9982888,Yabucoa,Coffee Shops
El Cielo Coffee Shop,,"2250 Calle Celestial, Carolina, 00979, Puerto Rico",18.4316011,-66.00585749999999,Yabucoa,Coffee Shops
Starbene Caffe,,"4008 The Mall of San Juan Blvd #1000, San Juan, 00924, Puerto Rico",18.4124832,-66.0258967,Yabucoa,Coffee Shops
D’Frozz,,"103 C. Muñoz Rivera, Vieques, 00765, Puerto Rico",18.1487803,-65.4420533,Yabucoa,Coffee Shops
Café La Estación,,"Ave. 65 Infanteria. Km 6.8 Int. PR-887 San Anton, Carolina, 00985, Puerto Rico",18.3979982,-65.9894111,Yabucoa,Coffee Shops
El Nuevo Horizonte,,"8 PR-901, Yabucoa, 00767, Puerto Rico",18.0229611,-65.8503127,Yabucoa,Coffee Shops
Rellenas Full Throttle,,"24VM+JJF, PR-901, Yabucoa, 00767, Puerto Rico",18.0440725,-65.86595489999999,Yabucoa,Coffee Shops
Ortiz Bakery,,"342F+X83, C. Luis Muñoz Rivera, Yabucoa, 00767, Puerto Rico",18.0523985,-65.8766922,Yabucoa,Panaderías
Guachitos Bake and Deli,,"1, 3344 Cll Cristobal Colon Suite 2, Yabucoa, 00767, Puerto Rico",18.0503455,-65.8796887,Yabucoa,Panaderías
El MANÁ Azucarera,,"24VG+XVJ, PR-901, Yabucoa, 00767, Puerto Rico",18.044961,-65.8728647,Yabucoa,Panaderías
Panadería & Repostería Deli Dulce Arte,,"25Q4+C5J, PR-901, Yabucoa, 00767, Puerto Rico",18.04052,-65.84770569999999,Yabucoa,Panaderías
Panadería y Repostería El Maná,,"PR-3, Yabucoa, 00767, Puerto Rico",18.0902759,-65.8476909,Yabucoa,Panaderías
Creaciones Dulce,,"Carr 3, sector la villa km 97.5, Yabucoa, 00767, Puerto Rico",18.0399205,-65.8720663,Yabucoa,Panaderías
Respostería Yolanda,,"4429+275, PR-9905, Yabucoa 00767, Puerto Rico",18.1000236,-65.881759,Yabucoa,Panaderías
Panadería Las Delicias Calabaza,,"Parcelas Villa Kily calabaza Yabucoa, Yabucoa, 00767, Puerto Rico",18.0583842,-65.9069255,Yabucoa,Panaderías
La Terraza de Juanita,,"25Q4+27G, PR-901, Yabucoa, 00767, Puerto Rico",18.0375504,-65.8442972,Yabucoa,Jangueo
The Morrillo,,"carretera 901 bo, Yabucoa, 00767, Puerto Rico",18.0291731,-65.83238639999999,Yabucoa,Jangueo
"Coconut Mar, Yabucoa",,"PR-9911, Yabucoa, 00767, Puerto Rico",18.039885,-65.8346486,Yabucoa,Jangueo
Pa Casa Dua Bar And Rest,,"24QH+X3H, Yabucoa, 00767, Puerto Rico",18.0398824,-65.87227829999999,Yabucoa,Jangueo
Buen Rato Bar & Restaurant,,"Carr 9914, Al lado de la rotonda, Bo km .01, Yabucoa, 00767, Puerto Rico",18.0443895,-65.85067529999999,Yabucoa,Restaurantes
El Bullpen,,"52 Cll Cristobal Colon #52, Yabucoa, 00767, Puerto Rico",18.0476098,-65.8791133,Yabucoa,Jangueo
El Caobo Bar & Grill,,"24RH+GW3, Yabucoa, 00767, Puerto Rico",18.0412512,-65.8701897,Yabucoa,Jangueo
La Rumba Bar & Rest.,,"25Q6+69J, Yabucoa 00767, Puerto Rico",18.0380758,-65.8390948,Yabucoa,Jangueo
The Tivoli,,"Cll 12, Yabucoa, 00767, Puerto Rico",18.0399077,-65.846925,Yabucoa,Jangueo
El Hangover Sport Bar,,"PR-900, Playita, Yabucoa 00767, Puerto Rico",18.0464714,-65.9203663,Yabucoa,Jangueo
Platanutre Bar & Grill,,"PR-900, Yabucoa, 00767, Puerto Rico",18.0489401,-65.88473069999999,Yabucoa,Jangueo
Los Tres Robles Bar & Grill,,"PR-9902, Yabucoa 00767, Puerto Rico",18.1091324,-65.91874609999999,Yabucoa,Jangueo
La Frontera Yabucoeña,,"24CV+3Q, El Negro, Yabucoa 00767, Puerto Rico",18.020174,-65.8555772,Yabucoa,Jangueo
La Carcajada De Rafilin Sport Bar,,"19-57 C. Luis Muñoz Rivera, Yabucoa, 00767, Puerto Rico",18.0526847,-65.8767476,Yabucoa,Jangueo
Agencia Hípica 295 - El Décimo Inning,,"2 PR-901, Yabucoa, 00767, Puerto Rico",18.0447106,-65.87220549999999,Yabucoa,Jangueo
The New Fun,,"24VX+WCQ, PR-9914, Yabucoa 00767, Puerto Rico",18.0448288,-65.8513876,Yabucoa,Jangueo
La Cantina del Tejano,,"4429+P7X, PR-905, Yabucoa, 00767, Puerto Rico",18.1018506,-65.88177929999999,Yabucoa,Jangueo
El Tirijala Sport Bar,,"44C6+C7V, Martorell, Yabucoa 00767, Puerto Rico",18.1211217,-65.8893231,Yabucoa,Jangueo
La Burbu,,"PR-901, Yabucoa, 00767, Puerto Rico",18.0424475,-65.850713,Yabucoa,Jangueo
Georgie's Pizza Place Yabucoa,,"2 PR-901, Yabucoa, 00767, Puerto Rico",18.0447541,-65.87206379999999,Yabucoa,Jangueo
El Nuevo Horizonte,,"8 PR-901, Yabucoa, 00767, Puerto Rico",18.0229611,-65.8503127,Yabucoa,Jangueo
Delicia China,,"24VJ+W39, Cll L, Yabucoa, 00767, Puerto Rico",18.044782,-65.8697616,Yabucoa,Jangueo
La Pica,,"24Q7+F8, Yabucoa, 00767, Puerto Rico",18.038689,-65.88671699999999,Yabucoa,Jangueo
Pizzeria The Relative #1,,"64 Cll Cristobal Colon, Yabucoa, 00767, Puerto Rico",18.0462276,-65.87854159999999,Yabucoa,Jangueo
Taqueria del Pueblo,,"59 Cll Cristobal Colon, Yabucoa, 00767, Puerto Rico",18.0472441,-65.87868139999999,Yabucoa,Jangueo
La carreta,,"PR-901, El Negro, Yabucoa 00767, Puerto Rico",18.0229281,-65.8429403,Yabucoa,Jangueo
The Center LLC Horse Racing Agency #144,,"Calle Cristobal Colon #33Yabucoa, Yabucoa, 00767, Puerto Rico",18.048445,-65.8788914,Yabucoa,Jangueo
The Flight Park,,"CXPQ+R5G, Carolina, 00979, Puerto Rico",18.4370595,-66.01203989999999,Yabucoa,Jangueo
La Placita de Santurce,,"300 C. dos Hermanos, San Juan, 00909, Puerto Rico",18.4504555,-66.0705457,Yabucoa,Jangueo
Kiosko La Frescura,,"357M+9GM, Yabucoa 00767, Puerto Rico",18.0634681,-65.816197,Yabucoa,Jangueo
El Túnel Lucky Cash,,"El Tunel Car Wash, Av. 65 de Infantería, San Juan, 00926, Puerto Rico",18.3943359,-66.03405130000002,Yabucoa,Jangueo
Sammy's Pizza #1,,"105-115 C. Luis Muñoz Rivera, Yabucoa, 00767, Puerto Rico",18.0498385,-65.8824716,Yabucoa,Jangueo
Alcaldía Sport Bar,,"1006 Av. Juan Ponce de León, San Juan, 00924, Puerto Rico",18.4009876,-66.05229510000001,Yabucoa,Jangueo
LA GRAN PARADA,,"BO, SECTOR, PR-3 KL 105.2a 3, Yabucoa, 00767, Puerto Rico",18.0390881,-65.89152159999999,Yabucoa,Jangueo
Bar el cruce,,"24WC+PGF, Yabucoa, 00767, Puerto Rico",18.046812,-65.8787084,Yabucoa,Jangueo
La Esquina de Diego,,"553 Calle de Diego, San Juan, 00901, Puerto Rico",18.3977908,-66.0311442,Yabucoa,Jangueo
El Ocho de Rio,,"102 Av. Universidad, San Juan, 00925, Puerto Rico",18.4029734,-66.05471949999999,Yabucoa,Jangueo
The Mar Azul,,"577 calle germa riekhoff, Vieques, 00765, Puerto Rico",18.151083,-65.4429109,Yabucoa,Jangueo
El Mercadito de Luly,,"World Plaza, 268 Av. Luis Muñoz Rivera, San Juan, 00919, Puerto Rico",18.4241186,-66.0588422,Yabucoa,Jangueo
THE NEW PARE PUB,,"335Q+6HW, Cll 3, Yabucoa, 00767, Puerto Rico",18.0581587,-65.9111356,Yabucoa,Jangueo
Yoly's Café,,"C288+4P2, PR-190, Carolina, 00983, Puerto Rico",18.4152575,-65.98323429999999,Yabucoa,Jangueo
HighlevelSportbar,,"825 Ave Iturregui, San Juan, 00924, Puerto Rico",18.411787,-66.009216,Yabucoa,Jangueo
Yabucoa Harbor Boulevard,,"3529+26G, Yabucoa 00767, Puerto Rico",18.0500615,-65.8319168,Yabucoa,Jangueo
Mojitos Solution Bar & Rest.,,"796 Av. Roberto Sánchez Vilella, San Juan, 00924, Puerto Rico",18.4080781,-66.0017149,Yabucoa,Jangueo
El CAPORAL,,"9XWJ+M53, San Juan, 00924, Puerto Rico",18.3966413,-66.01958619999999,Yabucoa,Jangueo
Piel Kanela,,"Parcelas Hill Brother, 375 Calle 11, Río Piedras, San Juan 00924, Puerto Rico",18.3945066,-66.0215245,Yabucoa,Jangueo
El Punto 8 Sport Bar,,"901 Cll Hypolais, San Juan, 00924, Puerto Rico",18.4083342,-66.0077283,Yabucoa,Jangueo
La Factoría,,"51 C. de San José, San Juan, 00901, Puerto Rico",18.4672058,-66.1175368,Yabucoa,Jangueo
Triángulo,,"75 C. Arzuaga, San Juan, 00925, Puerto Rico",18.3979964,-66.05010109999999,Yabucoa,Jangueo
Refill Sport Bar,,"990 C. Eider, San Juan, 00924, Puerto Rico",18.4043149,-66.00402679999999,Yabucoa,Jangueo
Vivo Beach Club,,"7000 Carr. 187 RR2, Carolina, 00979, Puerto Rico",18.4469466,-66.00006739999999,Yabucoa,Jangueo
Vicky Sport Bar,,"-989 Puerto Rico, 955 Cll Mirlo, San Juan, 00924, Puerto Rico",18.4077325,-66.0019002,Yabucoa,Jangueo
Restaurante Paisajes Curet,,"PR-3, Maunabo, 00707, Puerto Rico",17.9803662,-65.9103954,Yabucoa,Restaurantes
The Limbers of Rey,,"35J5+7RH, PR-906, Comunas, Yabucoa 00767, Puerto Rico",18.0808041,-65.8400214,Yabucoa,Jangueo
The Play's Pub,,"622 C. Mónaco #3634, Carolina, 00982, Puerto Rico",18.3989421,-65.98728299999999,Yabucoa,Jangueo
Perico's Pub,,"CW2F+FMP, Av. Américo Miranda, San Juan, 00921, Puerto Rico",18.4012161,-66.075802,Yabucoa,Jangueo
Bryant Cafe Sport Bar,,"368 Cll Blanes, San Juan, 00923, Puerto Rico",18.4223105,-66.0384469,Yabucoa,Jangueo
Casita Hato Rey,,"159 Av. Quisqueya, Caño Martin Peña, San Juan 00918, Puerto Rico",18.4272935,-66.0520452,Yabucoa,Jangueo
Suso's Bar & Rest.,,"219 Av. Eleanor Roosevelt, San Juan, 00918, Puerto Rico",18.4205049,-66.0609972,Yabucoa,Jangueo
Con-Tenedores Food Truck Park,,"45WP+3RH, Bo, Humacao, 00791, Puerto Rico",18.1451794,-65.8128978,Yabucoa,Food Trucks
Paseo boricua food truck,,"24VX+6P5, Yabucoa 00767, Puerto Rico",18.0430118,-65.8506364,Yabucoa,Food Trucks
La Flaca Family FoodTruck,,"35J5+4XR, Yabucoa, 00767, Puerto Rico",18.0804666,-65.8402517,Yabucoa,Food Trucks
La carreta,,"PR-901, El Negro, Yabucoa 00767, Puerto Rico",18.0229281,-65.8429403,Yabucoa,Food Trucks
Promises of Life Food Truck,,"BO, PR-901 KM,1.6, Yabucoa, 00767, Puerto Rico",18.0441323,-65.8618536,Yabucoa,Food Trucks
Mr. Waffle,,"24WG+4H5, PR-901, Yabucoa, 00767, Puerto Rico",18.0452911,-65.873502,Yabucoa,Postres
Bit of Sugar,,"PR-901, Yabucoa, 00767, Puerto Rico",18.040108,-65.8471729,Yabucoa,Postres
Frappeletados Yabucoa,,"24WF+GWG, Yabucoa, 00767, Puerto Rico",18.0463176,-65.87515669999999,Yabucoa,Postres
Creaciones Dulce,,"Carr 3, sector la villa km 97.5, Yabucoa, 00767, Puerto Rico",18.0399205,-65.8720663,Yabucoa,Postres
Don Chano Fruit Bowl,,"24VX+CP5, PR-901, Yabucoa, 00767, Puerto Rico",18.0435028,-65.85063389999999,Yabucoa,Postres
Panadería & Repostería Deli Dulce Arte,,"25Q4+C5J, PR-901, Yabucoa, 00767, Puerto Rico",18.04052,-65.84770569999999,Yabucoa,Postres
Ortiz Bakery,,"342F+X83, C. Luis Muñoz Rivera, Yabucoa, 00767, Puerto Rico",18.0523985,-65.8766922,Yabucoa,Postres
Guachitos Bake and Deli,,"1, 3344 Cll Cristobal Colon Suite 2, Yabucoa, 00767, Puerto Rico",18.0503455,-65.8796887,Yabucoa,Postres
Panadería y Repostería El Maná,,"PR-3, Yabucoa, 00767, Puerto Rico",18.0902759,-65.8476909,Yabucoa,Postres
Mi Trabajo Cakes,,"m4 Calle 7, Yabucoa, 00767, Puerto Rico",18.0483582,-65.8875876,Yabucoa,Postres
The Limbers of Rey,,"35J5+7RH, PR-906, Comunas, Yabucoa 00767, Puerto Rico",18.0808041,-65.8400214,Yabucoa,Postres
Respostería Yolanda,,"4429+275, PR-9905, Yabucoa 00767, Puerto Rico",18.1000236,-65.881759,Yabucoa,Postres
Café Don Mario,,"8 PR-901, Yabucoa, 00767, Puerto Rico",18.0222972,-65.8514557,Yabucoa,Postres
La carreta,,"PR-901, El Negro, Yabucoa 00767, Puerto Rico",18.0229281,-65.8429403,Yabucoa,Postres
El MANÁ Azucarera,,"24VG+XVJ, PR-901, Yabucoa, 00767, Puerto Rico",18.044961,-65.8728647,Yabucoa,Postres
La Rumba Bar & Rest.,,"25Q6+69J, Yabucoa 00767, Puerto Rico",18.0380758,-65.8390948,Yabucoa,Jangueo
La Placita de Santurce,,"300 C. dos Hermanos, San Juan, 00909, Puerto Rico",18.4504555,-66.0705457,Yabucoa,Jangueo
La Frontera Yabucoeña,,"24CV+3Q, El Negro, Yabucoa 00767, Puerto Rico",18.020174,-65.8555772,Yabucoa,Jangueo
El Tirijala Sport Bar,,"44C6+C7V, Martorell, Yabucoa 00767, Puerto Rico",18.1211217,-65.8893231,Yabucoa,Jangueo
Buen Rato Bar & Restaurant,,"Carr 9914, Al lado de la rotonda, Bo km .01, Yabucoa, 00767, Puerto Rico",18.0443895,-65.85067529999999,Yabucoa,Restaurantes
The Tivoli,,"Cll 12, Yabucoa, 00767, Puerto Rico",18.0399077,-65.846925,Yabucoa,Jangueo
El Hangover Sport Bar,,"PR-900, Playita, Yabucoa 00767, Puerto Rico",18.0464714,-65.9203663,Yabucoa,Jangueo
The Morrillo,,"carretera 901 bo, Yabucoa, 00767, Puerto Rico",18.0291731,-65.83238639999999,Yabucoa,Jangueo
Agencia Hípica 295 - El Décimo Inning,,"2 PR-901, Yabucoa, 00767, Puerto Rico",18.0447106,-65.87220549999999,Yabucoa,Jangueo
The Mar Azul,,"577 calle germa riekhoff, Vieques, 00765, Puerto Rico",18.151083,-65.4429109,Yabucoa,Jangueo
La Factoría,,"51 C. de San José, San Juan, 00901, Puerto Rico",18.4672058,-66.1175368,Yabucoa,Jangueo
Azure Lounge,,"1309 Ashford Ave, San Juan, 00907, Puerto Rico",18.4560851,-66.0704198,Yabucoa,Jangueo
La Respuesta,,"1600 Av. Manuel Fernández Juncos, San Juan, 00909, Puerto Rico",18.4431578,-66.0675803,Yabucoa,Jangueo
La carreta,,"PR-901, El Negro, Yabucoa 00767, Puerto Rico",18.0229281,-65.8429403,Yabucoa,Jangueo
Platanutre Bar & Grill,,"PR-900, Yabucoa, 00767, Puerto Rico",18.0489401,-65.88473069999999,Yabucoa,Jangueo
El Nuevo Horizonte,,"8 PR-901, Yabucoa, 00767, Puerto Rico",18.0229611,-65.8503127,Yabucoa,Jangueo
Bar La Nasa,,"107 Calle Flamboyan, Vieques, 00765, Puerto Rico",18.0950504,-65.4731824,Yabucoa,Jangueo
Bar Catedral Rooftop | Old San Juan,,"106 C. de San José, San Juan, 00901, Puerto Rico",18.46614,-66.117471,Yabucoa,Jangueo
Nuestro Bar & Restaurant,,"Carr.#2 km 120.7, Aguadilla, 00603, Puerto Rico",18.4491748,-67.10554499999999,Yabucoa,Restaurantes
Yabucoa Quick Bar & Mexican Food,,"Calle El sol Bo Jagüeyes, 34VV+M62, Yabucoa, 00767, Puerto Rico",18.0941303,-65.8569931,Yabucoa,Jangueo
Delicia China,,"24VJ+W39, Cll L, Yabucoa, 00767, Puerto Rico",18.044782,-65.8697616,Yabucoa,Jangueo
Caicu Bar,,"6000 Blvd. Río Mar, Río Grande, 00745, Puerto Rico",18.3880989,-65.7553997,Yabucoa,Jangueo
Vivo Beach Club,,"7000 Carr. 187 RR2, Carolina, 00979, Puerto Rico",18.4469466,-66.00006739999999,Yabucoa,Jangueo
Taqueria del Pueblo,,"59 Cll Cristobal Colon, Yabucoa, 00767, Puerto Rico",18.0472441,-65.87868139999999,Yabucoa,Jangueo
Georgie's Pizza Place Yabucoa,,"2 PR-901, Yabucoa, 00767, Puerto Rico",18.0447541,-65.87206379999999,Yabucoa,Jangueo
La Casa De Los Pastelillos,,"Carretera 7710 KM 4.0 Barrio, Calle Pozuelo, Guayama, 00784, Puerto Rico",17.936273,-66.18313230000001,Yabucoa,Jangueo
Kiosko La Frescura,,"357M+9GM, Yabucoa 00767, Puerto Rico",18.0634681,-65.816197,Yabucoa,Jangueo
Pizzeria The Relative #1,,"64 Cll Cristobal Colon, Yabucoa, 00767, Puerto Rico",18.0462276,-65.87854159999999,Yabucoa,Jangueo
Platanutre Bar & Grill,,"PR-900, Yabucoa, 00767, Puerto Rico",18.0489401,-65.88473069999999,Yabucoa,Jangueo
Buen Rato Bar & Restaurant,,"Carr 9914, Al lado de la rotonda, Bo km .01, Yabucoa, 00767, Puerto Rico",18.0443895,-65.85067529999999,Yabucoa,Restaurantes
The Morrillo,,"carretera 901 bo, Yabucoa, 00767, Puerto Rico",18.0291731,-65.83238639999999,Yabucoa,Jangueo
El Nuevo Horizonte,,"8 PR-901, Yabucoa, 00767, Puerto Rico",18.0229611,-65.8503127,Yabucoa,Jangueo
La Frontera Yabucoeña,,"24CV+3Q, El Negro, Yabucoa 00767, Puerto Rico",18.020174,-65.8555772,Yabucoa,Jangueo
"Coconut Mar, Yabucoa",,"PR-9911, Yabucoa, 00767, Puerto Rico",18.039885,-65.8346486,Yabucoa,Jangueo
El Caobo Bar & Grill,,"24RH+GW3, Yabucoa, 00767, Puerto Rico",18.0412512,-65.8701897,Yabucoa,Jangueo
Pa Casa Dua Bar And Rest,,"24QH+X3H, Yabucoa, 00767, Puerto Rico",18.0398824,-65.87227829999999,Yabucoa,Jangueo
La carreta,,"PR-901, El Negro, Yabucoa 00767, Puerto Rico",18.0229281,-65.8429403,Yabucoa,Jangueo
Yabucoa Quick Bar & Mexican Food,,"Calle El sol Bo Jagüeyes, 34VV+M62, Yabucoa, 00767, Puerto Rico",18.0941303,-65.8569931,Yabucoa,Jangueo
Rancho el Campo restaurant,,"Hc #5 box, 5230 Sector El Tamarindo, Yabucoa, 00767, Puerto Rico",18.0343317,-65.8477939,Yabucoa,Restaurantes
Georgie's Pizza Place Yabucoa,,"2 PR-901, Yabucoa, 00767, Puerto Rico",18.0447541,-65.87206379999999,Yabucoa,Jangueo
La Casita de Roldi,,"PR-900, Yabucoa, 00767, Puerto Rico",18.0577288,-65.93249810000002,Yabucoa,Jangueo
Dinghy Dock Restaurant,,"372 Calle Fulladoza, Culebra, 00775, Puerto Rico",18.3022135,-65.2993188,Culebra,Restaurantes
La Cocina del Navegante,,"33 Cll Pedro Marquez, Culebra, 00775, Puerto Rico",18.3033035,-65.2998336,Culebra,Restaurantes
Zaco's Tacos Restaurant,,"21 Cll Pedro Marquez, Culebra, 00775, Puerto Rico",18.3032117,-65.3003098,Culebra,Restaurantes
Harspoon's,,"99, solar, 40 Cll Luis Muñoz Marin, Culebra, 00775, Puerto Rico",18.3084441,-65.3046209,Culebra,Restaurantes
La Jíbara - Pizzería Creativa,,"8M2X+P32, Cll Pedro Marquez, Culebra, 00775, Puerto Rico",18.3017446,-65.30256539999999,Culebra,Restaurantes
JJ Grill & Bar,,"10 Cll Pedro Marquez, Culebra, 00775, Puerto Rico",18.3018377,-65.3021225,Culebra,Restaurantes
Mamacita's Restaurant and Bar,,"Isla De Culebra, Culebra, 00775, Puerto Rico",18.3020819,-65.3002362,Culebra,Restaurantes
Treasure Bay Restaurant,,"Apartado 766, Culebra, 00775, Puerto Rico",18.3030522,-65.30112919999999,Culebra,Restaurantes
Susie's,,"PR250 Km 2.6, Lote#6 Sector Las Delicias, Culebra, 00775, Puerto Rico",18.3123585,-65.29201239999999,Culebra,Restaurantes
La Pista Cafe Restaurante,,"Culebra, 00775, Puerto Rico",18.3118458,-65.3046252,Culebra,Restaurantes
Kiosko La Pica,,"PR-250, Culebra, 00775, Puerto Rico",18.3117529,-65.29219669999999,Culebra,Restaurantes
Heather's Pizza,,"Cll Pedro Marquez, Culebra, 00775, Puerto Rico",18.3019966,-65.3018274,Culebra,Restaurantes
Rolls of Heaven,,"26 Cll Pedro Marquez, Culebra, 00775, Puerto Rico",18.3024388,-65.3013805,Culebra,Restaurantes
El Batey,,"Culebra, 00775, Puerto Rico",18.3058719,-65.3025111,Culebra,Restaurantes
Come y Vete,,"F-9 Cll 1, Culebra, 00775, Puerto Rico",18.3155132,-65.30848569999999,Culebra,Restaurantes
Blac Flamingo Coffee,,"PR-250, C19 Sector La Romana, Culebra, 00775, Puerto Rico",18.3103929,-65.2949963,Culebra,Restaurantes
El Navegante de Culebra,,"Cll Pedro Marquez, Culebra, 00775, Puerto Rico",18.3031122,-65.29992190000002,Culebra,Restaurantes
Moncho’s BBQ,,"PR-252, Culebra, 00775, Puerto Rico",18.3028154,-65.3010041,Culebra,Restaurantes
Nina's Restaurant - Puerto Rican Kitchen “ Good Home Made Food “🥰,,"250 St, Culebra, 00775, Puerto Rico",18.3099549,-65.3029437,Culebra,Restaurantes
Mamacitas Guest House,,"64 Cll Castelar, Culebra, 00775, Puerto Rico",18.3022136,-65.3002822,Culebra,Restaurantes
Blac Flamingo Coffee,,"PR-250, C19 Sector La Romana, Culebra, 00775, Puerto Rico",18.3103929,-65.2949963,Culebra,Coffee Shops
Culebra Coffee,,"2 Cll Pedro Marquez, Culebra, 00775, Puerto Rico",18.301804,-65.30217499999999,Culebra,Coffee Shops
Pan Café,,"#17 Puerto Rico, Cll Pedro Marquez, Culebra, 00775, Puerto Rico",18.3028236,-65.3008936,Culebra,Coffee Shops
Rolls of Heaven,,"26 Cll Pedro Marquez, Culebra, 00775, Puerto Rico",18.3024388,-65.3013805,Culebra,Coffee Shops
Boca Boca Generales,,"CX43+5XH, San Juan, 00923, Puerto Rico",18.4053911,-66.0449995,Culebra,Coffee Shops
Kiosko La Pica,,"PR-250, Culebra, 00775, Puerto Rico",18.3117529,-65.29219669999999,Culebra,Coffee Shops
Luna Coffee & Latin Kitchen,,"352 Av. Américo Miranda, San Juan, 00927, Puerto Rico",18.3996731,-66.0681191,Culebra,Coffee Shops
Hacienda San Pedro,,"211 Av. Ing. Manuel Domenech, San Juan, 00918, Puerto Rico",18.4151705,-66.0601792,Culebra,Coffee Shops
Latitud perfecta,,"kiosko #4, Plaza del Mercado, Culebra, 00775, Puerto Rico",18.3027839,-65.30123429999999,Culebra,Coffee Shops
Hacienda San Pedro,,"1350 Ashford Ave, San Juan, 00907, Puerto Rico",18.4550466,-66.0690455,Culebra,Coffee Shops
Sin Prisa Coffee Shop,,"1804 C. Loíza, San Juan, 00911, Puerto Rico",18.4514175,-66.05944769999999,Culebra,Coffee Shops
EmpanadisimasPR,,"GK-44, Av. Roberto Sánchez Vilella, Carolina, 00982, Puerto Rico",18.4126819,-65.9982888,Culebra,Coffee Shops
Espresso Lab Coffee Shop,,"8020 Tartak St Hyatt Centric San Juan, Lobby, 8020 José M. Tartak Ave, Carolina, 00979, Puerto Rico",18.4406718,-66.02198229999999,Culebra,Coffee Shops
Gustos Coffee,,"CXPV+97M, Arrivals Ave, Carolina, 00979, Puerto Rico",18.4360159,-66.0072387,Culebra,Coffee Shops
Pan Café,,"#17 Puerto Rico, Cll Pedro Marquez, Culebra, 00775, Puerto Rico",18.3028236,-65.3008936,Culebra,Panaderías
Dinghy Dock Restaurant,,"372 Calle Fulladoza, Culebra, 00775, Puerto Rico",18.3022135,-65.2993188,Culebra,Restaurantes
Sandbar.Culebra,,"6 Cll Pedro Marquez, Culebra, 00775, Puerto Rico",18.3012894,-65.3020963,Culebra,Jangueo
La Lobina,,"8M2X+WG4, Cll Pedro Marquez, Culebra, 00775, Puerto Rico",18.3022577,-65.3011624,Culebra,Jangueo
JJ Grill & Bar,,"10 Cll Pedro Marquez, Culebra, 00775, Puerto Rico",18.3018377,-65.3021225,Culebra,Jangueo
El Batey,,"Culebra, 00775, Puerto Rico",18.3058719,-65.3025111,Culebra,Jangueo
Happy Landing,,"PR-250, Culebra, 00775, Puerto Rico",18.3112506,-65.3025512,Culebra,Jangueo
The Spot,,"Cll Pedro Marquez, Culebra, 00775, Puerto Rico",18.3020613,-65.3018511,Culebra,Jangueo
Mamacita's Restaurant and Bar,,"Isla De Culebra, Culebra, 00775, Puerto Rico",18.3020819,-65.3002362,Culebra,Restaurantes
Treasure Bay Restaurant,,"Apartado 766, Culebra, 00775, Puerto Rico",18.3030522,-65.30112919999999,Culebra,Restaurantes
Zaco's Tacos Restaurant,,"21 Cll Pedro Marquez, Culebra, 00775, Puerto Rico",18.3032117,-65.3003098,Culebra,Restaurantes
The Flight Park,,"CXPQ+R5G, Carolina, 00979, Puerto Rico",18.4370595,-66.01203989999999,Culebra,Jangueo
Harspoon's,,"99, solar, 40 Cll Luis Muñoz Marin, Culebra, 00775, Puerto Rico",18.3084441,-65.3046209,Culebra,Jangueo
La Cocina del Navegante,,"33 Cll Pedro Marquez, Culebra, 00775, Puerto Rico",18.3033035,-65.2998336,Culebra,Jangueo
The Mar Azul,,"577 calle germa riekhoff, Vieques, 00765, Puerto Rico",18.151083,-65.4429109,Culebra,Jangueo
Moncho’s BBQ,,"PR-252, Culebra, 00775, Puerto Rico",18.3028154,-65.3010041,Culebra,Jangueo
Mamacitas Guest House,,"64 Cll Castelar, Culebra, 00775, Puerto Rico",18.3022136,-65.3002822,Culebra,Jangueo
DomiRico Flavor Food Truck,,"Culebra Pueblo, Culebra, 00775, Puerto Rico",18.3023208,-65.3097815,Culebra,Food Trucks
Rolls of Heaven,,"26 Cll Pedro Marquez, Culebra, 00775, Puerto Rico",18.3024388,-65.3013805,Culebra,Postres
Yamira's Limber,,"99, solar, 40 Cll Luis Muñoz Marin, Culebra, 00775, Puerto Rico",18.3083457,-65.3048295,Culebra,Postres
Pan Café,,"#17 Puerto Rico, Cll Pedro Marquez, Culebra, 00775, Puerto Rico",18.3028236,-65.3008936,Culebra,Postres
Blac Flamingo Coffee,,"PR-250, C19 Sector La Romana, Culebra, 00775, Puerto Rico",18.3103929,-65.2949963,Culebra,Postres
Tres,,"Bda La Romana, Culebra, 00775, Puerto Rico",18.3095849,-65.2925971,Culebra,Postres
Culebra Coffee,,"2 Cll Pedro Marquez, Culebra, 00775, Puerto Rico",18.301804,-65.30217499999999,Culebra,Postres
Kiosko La Pica,,"PR-250, Culebra, 00775, Puerto Rico",18.3117529,-65.29219669999999,Culebra,Postres
The Spot,,"Cll Pedro Marquez, Culebra, 00775, Puerto Rico",18.3020613,-65.3018511,Culebra,Jangueo
Sandbar.Culebra,,"6 Cll Pedro Marquez, Culebra, 00775, Puerto Rico",18.3012894,-65.3020963,Culebra,Jangueo
La Lobina,,"8M2X+WG4, Cll Pedro Marquez, Culebra, 00775, Puerto Rico",18.3022577,-65.3011624,Culebra,Jangueo
Happy Landing,,"PR-250, Culebra, 00775, Puerto Rico",18.3112506,-65.3025512,Culebra,Jangueo
El Batey,,"Culebra, 00775, Puerto Rico",18.3058719,-65.3025111,Culebra,Jangueo
Dinghy Dock Restaurant,,"372 Calle Fulladoza, Culebra, 00775, Puerto Rico",18.3022135,-65.2993188,Culebra,Restaurantes
Zaco's Tacos Restaurant,,"21 Cll Pedro Marquez, Culebra, 00775, Puerto Rico",18.3032117,-65.3003098,Culebra,Restaurantes
Harspoon's,,"99, solar, 40 Cll Luis Muñoz Marin, Culebra, 00775, Puerto Rico",18.3084441,-65.3046209,Culebra,Jangueo
Club Seabourne,,"Rte. 250, Culebra, 00775, Puerto Rico",18.2905573,-65.2893351,Culebra,Jangueo
La Jíbara - Pizzería Creativa,,"8M2X+P32, Cll Pedro Marquez, Culebra, 00775, Puerto Rico",18.3017446,-65.30256539999999,Culebra,Jangueo
Treasure Bay Restaurant,,"Apartado 766, Culebra, 00775, Puerto Rico",18.3030522,-65.30112919999999,Culebra,Restaurantes
Come y Vete,,"F-9 Cll 1, Culebra, 00775, Puerto Rico",18.3155132,-65.30848569999999,Culebra,Jangueo
La Placita de Santurce,,"300 C. dos Hermanos, San Juan, 00909, Puerto Rico",18.4504555,-66.0705457,Culebra,Jangueo
Mamacita's Restaurant and Bar,,"Isla De Culebra, Culebra, 00775, Puerto Rico",18.3020819,-65.3002362,Culebra,Restaurantes
Sandbar.Culebra,,"6 Cll Pedro Marquez, Culebra, 00775, Puerto Rico",18.3012894,-65.3020963,Culebra,Jangueo
Dinghy Dock Restaurant,,"372 Calle Fulladoza, Culebra, 00775, Puerto Rico",18.3022135,-65.2993188,Culebra,Restaurantes
Treasure Bay Restaurant,,"Apartado 766, Culebra, 00775, Puerto Rico",18.3030522,-65.30112919999999,Culebra,Restaurantes
Mamacita's Restaurant and Bar,,"Isla De Culebra, Culebra, 00775, Puerto Rico",18.3020819,-65.3002362,Culebra,Restaurantes
La Cocina del Navegante,,"33 Cll Pedro Marquez, Culebra, 00775, Puerto Rico",18.3033035,-65.2998336,Culebra,Jangueo
El Batey,,"Culebra, 00775, Puerto Rico",18.3058719,-65.3025111,Culebra,Jangueo
JJ Grill & Bar,,"10 Cll Pedro Marquez, Culebra, 00775, Puerto Rico",18.3018377,-65.3021225,Culebra,Jangueo
La Lobina,,"8M2X+WG4, Cll Pedro Marquez, Culebra, 00775, Puerto Rico",18.3022577,-65.3011624,Culebra,Jangueo
Come y Vete,,"F-9 Cll 1, Culebra, 00775, Puerto Rico",18.3155132,-65.30848569999999,Culebra,Jangueo
Zaco's Tacos Restaurant,,"21 Cll Pedro Marquez, Culebra, 00775, Puerto Rico",18.3032117,-65.3003098,Culebra,Restaurantes
Kiosko La Pica,,"PR-250, Culebra, 00775, Puerto Rico",18.3117529,-65.29219669999999,Culebra,Jangueo
Moncho’s BBQ,,"PR-252, Culebra, 00775, Puerto Rico",18.3028154,-65.3010041,Culebra,Jangueo
Happy Landing,,"PR-250, Culebra, 00775, Puerto Rico",18.3112506,-65.3025512,Culebra,Jangueo
Harspoon's,,"99, solar, 40 Cll Luis Muñoz Marin, Culebra, 00775, Puerto Rico",18.3084441,-65.3046209,Culebra,Jangueo
Heather's Pizza,,"Cll Pedro Marquez, Culebra, 00775, Puerto Rico",18.3019966,-65.3018274,Culebra,Jangueo
DomiRico Flavor Food Truck,,"Culebra Pueblo, Culebra, 00775, Puerto Rico",18.3023208,-65.3097815,Culebra,Jangueo
Rolls of Heaven,,"26 Cll Pedro Marquez, Culebra, 00775, Puerto Rico",18.3024388,-65.3013805,Culebra,Jangueo
La Jíbara - Pizzería Creativa,,"8M2X+P32, Cll Pedro Marquez, Culebra, 00775, Puerto Rico",18.3017446,-65.30256539999999,Culebra,Jangueo
Mamacitas Guest House,,"64 Cll Castelar, Culebra, 00775, Puerto Rico",18.3022136,-65.3002822,Culebra,Jangueo
El Navegante de Culebra,,"Cll Pedro Marquez, Culebra, 00775, Puerto Rico",18.3031122,-65.29992190000002,Culebra,Jangueo
Lechonera La Criolla en Culebra,,"Cll Escudero Carr 250, Culebra, 00775, Puerto Rico",18.3081047,-65.3027196,Culebra,Jangueo
La Pista Cafe Restaurante,,"Culebra, 00775, Puerto Rico",18.3118458,-65.3046252,Culebra,Restaurantes
Le Deli Bleu,,"6 Cll Pedro Marquez, Culebra, 00775, Puerto Rico",18.3012907,-65.3021101,Culebra,Jangueo
Susie's,,"PR250 Km 2.6, Lote#6 Sector Las Delicias, Culebra, 00775, Puerto Rico",18.3123585,-65.29201239999999,Culebra,Jangueo
Bananas Beach Bar and Guesthouse,,"142 Calle Flamboyan, Esperanza, Vieques 00765, Puerto Rico",18.0953161,-65.4732511,Culebra,Jangueo
Openbar Barra Móvil | Coctelería,,"6 Calle Diego Zalduondo, Fajardo, 00738, Puerto Rico",18.3255316,-65.6534503,Culebra,Jangueo
The Mar Azul,,"577 calle germa riekhoff, Vieques, 00765, Puerto Rico",18.151083,-65.4429109,Culebra,Jangueo
Blac Flamingo Coffee,,"PR-250, C19 Sector La Romana, Culebra, 00775, Puerto Rico",18.3103929,-65.2949963,Culebra,Jangueo
Trasiego Sea Food Restaurant,,"Esperanza idrach, Av. Esperanza Idrach, Guánica, 00653, Puerto Rico",17.9653316,-66.9067845,Guánica,Restaurantes
El Desafío Bar & Grill,,"49 Av. Esperanza Idrach, Guánica, 00653, Puerto Rico",17.9651227,-66.9054009,Guánica,Jangueo
Lucas Spot Guánica,,"X39V+V35, 49-57 Calle Prolongacion Santa Rosa, Guánica, 00653, Puerto Rico",17.9698501,-66.90694979999999,Guánica,Restaurantes
Parrilla Playera,,"Kiosko comercial#3 carretera 325 frente al antigua Central, Guánica, 00647, Puerto Rico",17.9669479,-66.9310448,Guánica,Restaurantes
Umami Restaurant,,"Bo. Salinas Providencia Playa Santa, Guánica, 00647, Puerto Rico",17.9388447,-66.95379729999999,Guánica,Restaurantes
Bocados Tamara y Algo Más,,"Carretera 333 Km,0.9, Guánica, 00653, Puerto Rico",17.971364,-66.9037211,Guánica,Restaurantes
Caños Pizza,,"75-85 C. 25 de Julio, Guánica, 00653, Puerto Rico",17.9711938,-66.9075359,Guánica,Restaurantes
El Turpial,,"X3F9+MCR, Guánica 00647, Puerto Rico",17.9742258,-66.9314931,Guánica,Restaurantes
Al Son De Carol Bar & Restaurant,,"esquina 13 de Marzo, C. 25 de Julio, Guánica, 00653, Puerto Rico",17.9715233,-66.9075163,Guánica,Restaurantes
Rincon Tropical,,"PR-325 km 0.3, Guánica, 00647, Puerto Rico",17.9668643,-66.9310904,Guánica,Restaurantes
Ajúa! Mexican Grill,,"Calle Buenaventura Quiñones Esquina, 31 Calle Dr. Veve, Guánica, 00653, Puerto Rico",17.9736407,-66.90804109999999,Guánica,Restaurantes
Treasure of the Seas,,"Ancla Salinas Providencia Playa Santa, Calle, Guánica, 00643, Puerto Rico",17.9365625,-66.9543125,Guánica,Restaurantes
Trankilandia Bar & Cuisine,,"X389+RHV, Guánica, 00647, Puerto Rico",17.9671059,-66.93109079999999,Guánica,Restaurantes
Esperanza idrach,,"X38V+26C, Av. Esperanza Idrach, Guánica, 00653, Puerto Rico",17.9650716,-66.9069971,Guánica,Restaurantes
Mar Adentro Bar & Restaurant,,"W2PW+C43, Guánica, 00647, Puerto Rico",17.93601,-66.954717,Guánica,Restaurantes
El Badén,,"W2PW+85H, Calle La Montalua, Guánica, 00647, Puerto Rico",17.9358215,-66.95450939999999,Guánica,Restaurantes
"Restaurante El Turrumote, Club Nautico de La Parguera",,"Club Nautico La Parguera, Lajas, 00667, Puerto Rico",17.9728701,-67.03872249999999,Guánica,Restaurantes
Q'lantro,,"100 Blvd. Jimmy Torres Cintrón, Yauco, 00698, Puerto Rico",18.0235877,-66.855381,Guánica,Restaurantes
Parador Guánica 1929,,"Km 2.5 Los Veterano Avenue, PR-3116, Guánica, 00647, Puerto Rico",17.9718268,-66.927512,Guánica,Restaurantes
Tajadas Coffee Bar,,"21 Av. los Veteranos, Guánica, 00647, Puerto Rico",17.9694291,-66.93218139999999,Guánica,Coffee Shops
SourDOU Pan Artesanal,,"Bo, PR-116 Km 24.7, Guánica, 00653, Puerto Rico",17.9957371,-66.8916699,Guánica,Coffee Shops
Sazón con flow,,"2 Cll Brandon, Guánica, 00647, Puerto Rico",17.9673793,-66.9341297,Guánica,Coffee Shops
Tinta Coffee House,,"Yauco Plaza shopping, Calle E Local #5, Yauco, 00698, Puerto Rico",18.0251057,-66.8582798,Guánica,Coffee Shops
Parrilla Playera,,"Kiosko comercial#3 carretera 325 frente al antigua Central, Guánica, 00647, Puerto Rico",17.9669479,-66.9310448,Guánica,Coffee Shops
Al Son De Carol Bar & Restaurant,,"esquina 13 de Marzo, C. 25 de Julio, Guánica, 00653, Puerto Rico",17.9715233,-66.9075163,Guánica,Restaurantes
Carajillo Coffee House,,"35 Calle 25 de Julio, Yauco, 00698, Puerto Rico",18.0305995,-66.85492839999999,Guánica,Coffee Shops
Lucas Spot Guánica,,"X39V+V35, 49-57 Calle Prolongacion Santa Rosa, Guánica, 00653, Puerto Rico",17.9698501,-66.90694979999999,Guánica,Coffee Shops
El Café de Marta,,"2, 10 Calle Pacheco, Yauco, 00698, Puerto Rico",18.0337471,-66.85149009999999,Guánica,Coffee Shops
Sin Prisa Coffee Shop,,"1804 C. Loíza, San Juan, 00911, Puerto Rico",18.4514175,-66.05944769999999,Guánica,Coffee Shops
Frappe Rumba Guanica,,"2426+XCJ, Puetro Rico 326, Guánica, 00653, Puerto Rico",18.0031299,-66.88796549999999,Guánica,Coffee Shops
El Desafío Bar & Grill,,"49 Av. Esperanza Idrach, Guánica, 00653, Puerto Rico",17.9651227,-66.9054009,Guánica,Jangueo
Café Don Luis Coffee Bar,,"Calle Santiago Vivaldi, Esquina, Calle Baldorioty, Yauco, 00698, Puerto Rico",18.0339393,-66.84991169999999,Guánica,Coffee Shops
TSN Healthy Fuel - Club Herbalife ( nutrition / nutricion),,"22 C. 25 de Julio, Guánica, 00653, Puerto Rico",17.9743262,-66.9073027,Guánica,Coffee Shops
Colmado y Cafeteria La Amistad,,"1 Cll 13 De Marzo, Guánica, 00653, Puerto Rico",17.9717218,-66.9099419,Guánica,Coffee Shops
Luna Coffee & Latin Kitchen,,"352 Av. Américo Miranda, San Juan, 00927, Puerto Rico",18.3996731,-66.0681191,Guánica,Coffee Shops
Panadería y Repostería L.A. Rivera,,"X399+J2P, State Rte 3116, Guánica, 00647, Puerto Rico",17.9690968,-66.9324178,Guánica,Coffee Shops
Hacienda San Pedro,,"1350 Ashford Ave, San Juan, 00907, Puerto Rico",18.4550466,-66.0690455,Guánica,Coffee Shops
Trankilandia Bar & Cuisine,,"X389+RHV, Guánica, 00647, Puerto Rico",17.9671059,-66.93109079999999,Guánica,Coffee Shops
Café Cola'o,,"C. Marina, San Juan, 00901, Puerto Rico",18.463489,-66.1129937,Guánica,Coffee Shops
Hacienda San Pedro,,"211 Av. Ing. Manuel Domenech, San Juan, 00918, Puerto Rico",18.4151705,-66.0601792,Guánica,Coffee Shops
Colmado/ Cafeteria El Bodegón de Tito,,"PR-325, Guánica, 00647, Puerto Rico",17.9410338,-66.9504944,Guánica,Coffee Shops
Espresso Lab Coffee Shop,,"8020 Tartak St Hyatt Centric San Juan, Lobby, 8020 José M. Tartak Ave, Carolina, 00979, Puerto Rico",18.4406718,-66.02198229999999,Guánica,Coffee Shops
Boca Boca Generales,,"CX43+5XH, San Juan, 00923, Puerto Rico",18.4053911,-66.0449995,Guánica,Coffee Shops
Morena Coffee Express,,"PR-176 KM 1.4, San Juan, 00926, Puerto Rico",18.3808964,-66.0557651,Guánica,Coffee Shops
Gustos Coffee,,"CXPV+97M, Arrivals Ave, Carolina, 00979, Puerto Rico",18.4360159,-66.0072387,Guánica,Coffee Shops
Hacienda San Pedro,,"318 Avenida José de Diego, San Juan, 00923, Puerto Rico",18.4469101,-66.0679083,Guánica,Coffee Shops
Supermercado Econo,,"X3GV+X5W, PR-332, Guánica, 00653, Puerto Rico",17.9774762,-66.90705679999999,Guánica,Coffee Shops
PanCafé El Buren,,"18, 757546 281520, -66, Utuado, 00641, Puerto Rico",18.281565,-66.7575659,Guánica,Coffee Shops
Baruch,,"C2FC+6JM, Esq. Calle 11 Ave Galicia, Carolina, 00984, Puerto Rico",18.4230806,-65.9785206,Guánica,Coffee Shops
Panadería Rivera,,"38-48 PR-116R, Guánica, 00653, Puerto Rico",17.9744651,-66.90782659999999,Guánica,Coffee Shops
Café Comunión,,"1616 PR-25, San Juan, 00909, Puerto Rico",18.4439231,-66.0657765,Guánica,Coffee Shops
Tierra Adentro Coffee Shop,,"Calle Sta. Águeda, San Juan, 00926, Puerto Rico",18.3740435,-66.0543423,Guánica,Coffee Shops
Don Ruiz Coffee - Freshmart,,"201 Calle Juan Kalaf, San Juan, 00918, Puerto Rico",18.4265331,-66.0709703,Guánica,Coffee Shops
Paolo's Coffee,,"401 C. del Parque, San Juan, 00912, Puerto Rico",18.4452617,-66.0658325,Guánica,Coffee Shops
Café Consciente,,"171 C. O'Neill, San Juan, 00918, Puerto Rico",18.4229816,-66.0624776,Guánica,Coffee Shops
1 Stop Minimarket pr,,"85 Av. Esperanza Idrach, Guánica, 00653, Puerto Rico",17.9647624,-66.9053748,Guánica,Coffee Shops
Trasiego Sea Food Restaurant,,"Esperanza idrach, Av. Esperanza Idrach, Guánica, 00653, Puerto Rico",17.9653316,-66.9067845,Guánica,Restaurantes
Dolche Salao,,"26 Calle Mattei Lluveras, Yauco, 00698, Puerto Rico",18.0357941,-66.8479145,Guánica,Coffee Shops
Café La Estación,,"Ave. 65 Infanteria. Km 6.8 Int. PR-887 San Anton, Carolina, 00985, Puerto Rico",18.3979982,-65.9894111,Guánica,Coffee Shops
Caños Pizza,,"75-85 C. 25 de Julio, Guánica, 00653, Puerto Rico",17.9711938,-66.9075359,Guánica,Coffee Shops
Colmado Ramos,,"C. Roberto Clemente, Guánica, 00647, Puerto Rico",17.9657419,-66.9436767,Guánica,Coffee Shops
El Cielo Coffee Shop,,"2250 Calle Celestial, Carolina, 00979, Puerto Rico",18.4316011,-66.00585749999999,Guánica,Coffee Shops
Salón Café - Av. Domenech,,"Las Américas Professional Center 400 Ave Domenech 104 A-B, San Juan, 00918, Puerto Rico",18.4126423,-66.0692876,Guánica,Coffee Shops
Tostado* San Patricio,,"Cll Tabonuco, Guaynabo, 00968, Puerto Rico",18.4069273,-66.1067561,Guánica,Coffee Shops
Hornofino Coffee Shop,,"Cupey Professional Mall, C. San Claudio, San Juan, 00926, Puerto Rico",18.3796425,-66.05394559999999,Guánica,Coffee Shops
Hacienda Tres Ángeles,,"129 km. 38.4, Adjuntas 00601, Puerto Rico",18.2276419,-66.8068904,Guánica,Coffee Shops
Esperanza idrach,,"X38V+26C, Av. Esperanza Idrach, Guánica, 00653, Puerto Rico",17.9650716,-66.9069971,Guánica,Coffee Shops
Hacienda San Pedro,,"CWGR+MP3 Popular Center, Av. Luis Muñoz Rivera, San Juan, 00917, Puerto Rico",18.4266438,-66.05819629999999,Guánica,Coffee Shops
Starbene Caffe,,"4008 The Mall of San Juan Blvd #1000, San Juan, 00924, Puerto Rico",18.4124832,-66.0258967,Guánica,Coffee Shops
Bocado Market Rio Piedras,,"9WXX+JCQ, C. Brumbaugh, San Juan, 00925, Puerto Rico",18.399025,-66.0513832,Guánica,Coffee Shops
Café Aficionado,,"504 Av. Luis Muñoz Rivera, San Juan, 00919, Puerto Rico",18.423912,-66.0584934,Guánica,Coffee Shops
Hacienda San Pedro Jayuya,,"US, Carretera 144 Km 8.4, Jayuya, 00664, Puerto Rico",18.213744,-66.56579099999999,Guánica,Coffee Shops
Cafeto,,"#k103, 1000 The Mall of San Juan Blvd, San Juan, 00924, Puerto Rico",18.4123507,-66.0260881,Guánica,Coffee Shops
"Pitirre Cafe Miramar, San Juan",,"FW3C+XG8, San Juan, 00907, Puerto Rico",18.4547222,-66.0785782,Guánica,Coffee Shops
El Brother Café,,"777-779 Av. Roberto Sánchez Vilella, San Juan, 00924, Puerto Rico",18.4090009,-66.00070939999999,Guánica,Coffee Shops
The Breakroom Food Space,,"252 Av. Juan Ponce de León SUITE 101, San Juan, 00918, Puerto Rico",18.4254867,-66.05783149999999,Guánica,Coffee Shops
La Medica Barra de Cafe By Zinnia,,"L 583 Ave Pontezuela, Carolina, 00983, Puerto Rico",18.4265051,-65.9829383,Guánica,Coffee Shops
Café Tres Picachos,,"PR-144, Ramal 539 Kilometro 2.7, Jayuya, 00664, Puerto Rico",18.1892855,-66.56183,Guánica,Coffee Shops
Hazel Bar,,"1000 122 The Mall of San Juan Blvd, San Juan, 00926, Puerto Rico",18.4124925,-66.02525179999999,Guánica,Coffee Shops
Panadería y Repostería L.A. Rivera,,"X399+J2P, State Rte 3116, Guánica, 00647, Puerto Rico",17.9690968,-66.9324178,Guánica,Panaderías
Belgica's Bakery,,"Guánica, 00653, Puerto Rico",18.0058819,-66.8984543,Guánica,Panaderías
SourDOU Pan Artesanal,,"Bo, PR-116 Km 24.7, Guánica, 00653, Puerto Rico",17.9957371,-66.8916699,Guánica,Panaderías
Panadería Rivera,,"38-48 PR-116R, Guánica, 00653, Puerto Rico",17.9744651,-66.90782659999999,Guánica,Panaderías
D' Paninni Panaderia,,"B.O., 2426+R6M, Calle Belgica, Guánica, 00647, Puerto Rico",18.0020991,-66.889449,Guánica,Panaderías
La Amistad Mini Market & Bakery,,"1 Cll 13 De Marzo, Guánica, 00653, Puerto Rico",17.9717218,-66.9099419,Guánica,Panaderías
Colmado y Cafeteria La Amistad,,"1 Cll 13 De Marzo, Guánica, 00653, Puerto Rico",17.9717218,-66.9099419,Guánica,Panaderías
Lucas Spot Guánica,,"X39V+V35, 49-57 Calle Prolongacion Santa Rosa, Guánica, 00653, Puerto Rico",17.9698501,-66.90694979999999,Guánica,Jangueo
Parrilla Playera,,"Kiosko comercial#3 carretera 325 frente al antigua Central, Guánica, 00647, Puerto Rico",17.9669479,-66.9310448,Guánica,Jangueo
El Desafío Bar & Grill,,"49 Av. Esperanza Idrach, Guánica, 00653, Puerto Rico",17.9651227,-66.9054009,Guánica,Jangueo
Trankilandia Bar & Cuisine,,"X389+RHV, Guánica, 00647, Puerto Rico",17.9671059,-66.93109079999999,Guánica,Jangueo
EL 2ble Tranque,,"X39W+8VW, Carretera ochoa#82, Guánica, 00653, Puerto Rico",17.9683557,-66.90281139999999,Guánica,Jangueo
THE TINGLAO,,"Carretera 116 Kilometro 21.1, Guánica, 00647, Puerto Rico",17.9737262,-66.9144309,Guánica,Jangueo
Toñin y Malen,,"PR-332, Guánica, 00653, Puerto Rico",18.0223561,-66.9081404,Guánica,Jangueo
Mojito2Go,,"Malecon Playa Santa, Guánica 00647, Puerto Rico",17.9364324,-66.9548691,Guánica,Jangueo
Rincon Tropical,,"PR-325 km 0.3, Guánica, 00647, Puerto Rico",17.9668643,-66.9310904,Guánica,Jangueo
El Jibarito en Playa,,"Av. Esperanza Idrach, Guánica, 00653, Puerto Rico",17.9647294,-66.9051843,Guánica,Jangueo
Cafetin de Plo,,"44 Calle Belgica, Guánica, 00653, Puerto Rico",17.9666719,-66.93288609999999,Guánica,Jangueo
El Fogon Familiar,,"W3X6+27C, Guánica, 00647, Puerto Rico",17.9475503,-66.9393461,Guánica,Jangueo
Oceano Sport Bar,,"X4V5+V98, PR-116, Guánica, 00653, Puerto Rico",17.994653,-66.89153999999999,Guánica,Jangueo
Ancla Flotante,,"W2PW+H3X, Guánica, 00647, Puerto Rico",17.9364888,-66.9547704,Guánica,Jangueo
Caños Pizza,,"75-85 C. 25 de Julio, Guánica, 00653, Puerto Rico",17.9711938,-66.9075359,Guánica,Jangueo
Ochoa,,"X35V+GC8, PR-333, Guánica, 00653, Puerto Rico",17.9587803,-66.90641269999999,Guánica,Jangueo
El Mongo Tree,,"X365+9MF, Calle Maguelles, Guánica, 00647, Puerto Rico",17.9609472,-66.94082709999999,Guánica,Jangueo
El Quisqueyano,,"X37W+P8P, Carr Caña Gorda, Guánica, 00653, Puerto Rico",17.9648509,-66.9040004,Guánica,Jangueo
Triángulo,,"75 C. Arzuaga, San Juan, 00925, Puerto Rico",18.3979964,-66.05010109999999,Guánica,Jangueo
Trasiego Sea Food Restaurant,,"Esperanza idrach, Av. Esperanza Idrach, Guánica, 00653, Puerto Rico",17.9653316,-66.9067845,Guánica,Restaurantes
El Badén,,"W2PW+85H, Calle La Montalua, Guánica, 00647, Puerto Rico",17.9358215,-66.95450939999999,Guánica,Jangueo
Al Son De Carol Bar & Restaurant,,"esquina 13 de Marzo, C. 25 de Julio, Guánica, 00653, Puerto Rico",17.9715233,-66.9075163,Guánica,Restaurantes
Barbarazo,,"17 Calle 2, Guánica, 00653, Puerto Rico",17.969919,-66.9033366,Guánica,Jangueo
Exyrius Sport Bar & Grill,,"Carretera ochoa 333, KM 1.04, Guánica, 00653, Puerto Rico",17.9676818,-66.90306029999999,Guánica,Jangueo
Esperanza idrach,,"X38V+26C, Av. Esperanza Idrach, Guánica, 00653, Puerto Rico",17.9650716,-66.9069971,Guánica,Jangueo
The Flight Park,,"CXPQ+R5G, Carolina, 00979, Puerto Rico",18.4370595,-66.01203989999999,Guánica,Jangueo
Alcaldía Sport Bar,,"1006 Av. Juan Ponce de León, San Juan, 00924, Puerto Rico",18.4009876,-66.05229510000001,Guánica,Jangueo
El Túnel Lucky Cash,,"El Tunel Car Wash, Av. 65 de Infantería, San Juan, 00926, Puerto Rico",18.3943359,-66.03405130000002,Guánica,Jangueo
El Refugio,,"CW3W+XHJ, Calle, San Juan, 00925, Puerto Rico",18.4049632,-66.05361200000002,Guánica,Jangueo
Umami Restaurant,,"Bo. Salinas Providencia Playa Santa, Guánica, 00647, Puerto Rico",17.9388447,-66.95379729999999,Guánica,Restaurantes
La Esquina de Diego,,"553 Calle de Diego, San Juan, 00901, Puerto Rico",18.3977908,-66.0311442,Guánica,Jangueo
COPAS Restobar,,"Country Club Shopping Plaza Local 7, Av. Roberto Sánchez Vilella, Carolina, 00983, Puerto Rico",18.4150108,-65.9907248,Guánica,Jangueo
Yoly's Café,,"C288+4P2, PR-190, Carolina, 00983, Puerto Rico",18.4152575,-65.98323429999999,Guánica,Jangueo
El CAPORAL,,"9XWJ+M53, San Juan, 00924, Puerto Rico",18.3966413,-66.01958619999999,Guánica,Jangueo
Studio 54,,"C298+3R9, Carolina, 00983, Puerto Rico",18.4176681,-65.9828899,Guánica,Jangueo
Cruz Sport Bar,,"X3CW+8F9, Carretera 333, Guánica, 00653, Puerto Rico",17.9707876,-66.90376739999999,Guánica,Jangueo
El Punto 8 Sport Bar,,"901 Cll Hypolais, San Juan, 00924, Puerto Rico",18.4083342,-66.0077283,Guánica,Jangueo
Mojito to Go,,"323 C. del Recinto Sur, San Juan, 00901, Puerto Rico",18.4646887,-66.1131615,Guánica,Jangueo
La Calle 4,,"74 C. Pedro Vargas Rodríguez, Guánica, 00653, Puerto Rico",17.9707415,-66.9094564,Guánica,Jangueo
Refill Sport Bar,,"990 C. Eider, San Juan, 00924, Puerto Rico",18.4043149,-66.00402679999999,Guánica,Jangueo
Piel Kanela,,"Parcelas Hill Brother, 375 Calle 11, Río Piedras, San Juan 00924, Puerto Rico",18.3945066,-66.0215245,Guánica,Jangueo
El Ocho de Rio,,"102 Av. Universidad, San Juan, 00925, Puerto Rico",18.4029734,-66.05471949999999,Guánica,Jangueo
Café Borikén,,"52 Av. Universidad, San Juan, 00925, Puerto Rico",18.4029826,-66.054282,Guánica,Jangueo
Mojitos Solution Bar & Rest.,,"796 Av. Roberto Sánchez Vilella, San Juan, 00924, Puerto Rico",18.4080781,-66.0017149,Guánica,Jangueo
Vicky Sport Bar,,"-989 Puerto Rico, 955 Cll Mirlo, San Juan, 00924, Puerto Rico",18.4077325,-66.0019002,Guánica,Jangueo
Suso's Bar & Rest.,,"219 Av. Eleanor Roosevelt, San Juan, 00918, Puerto Rico",18.4205049,-66.0609972,Guánica,Jangueo
Bryant Cafe Sport Bar,,"368 Cll Blanes, San Juan, 00923, Puerto Rico",18.4223105,-66.0384469,Guánica,Jangueo
La Cantina Karaoke Bar & Restaurant,,"304 Av. Juan Ponce de León, San Juan, 00918, Puerto Rico",18.4245107,-66.0577606,Guánica,Restaurantes
Vagabundo Social Speakeasy,,"1265 C. Marginal Villamar, Carolina, 00979, Puerto Rico",18.4431544,-66.028471,Guánica,Jangueo
Don Carmelo / El Comandante Sport Bar & Grill,,"Calle Carmen Hernández Esq, Av. Antonio Luciano, San Juan, 00924, Puerto Rico",18.402642,-65.994197,Guánica,Jangueo
Casita Hato Rey,,"159 Av. Quisqueya, Caño Martin Peña, San Juan 00918, Puerto Rico",18.4272935,-66.0520452,Guánica,Jangueo
El Columpio,,"185 Av. Lic. Eugenio María de Hostos, San Juan, 00918, Puerto Rico",18.408788,-66.057581,Guánica,Jangueo
HighlevelSportbar,,"825 Ave Iturregui, San Juan, 00924, Puerto Rico",18.411787,-66.009216,Guánica,Jangueo
Ven Pa' Qué Gozes,,"1003 Calle Los Angeles, San Juan, 00923, Puerto Rico",18.4003697,-66.03720489999999,Guánica,Jangueo
El Mercadito de Luly,,"World Plaza, 268 Av. Luis Muñoz Rivera, San Juan, 00919, Puerto Rico",18.4241186,-66.0588422,Guánica,Jangueo
The Play's Pub,,"622 C. Mónaco #3634, Carolina, 00982, Puerto Rico",18.3989421,-65.98728299999999,Guánica,Jangueo
Cafetín El Taino,,"Bo, sector Fuig, 228 Cll 1, Guánica, 00647, Puerto Rico",17.9843059,-66.9126043,Guánica,Jangueo
Scryer Rum & Café - Río Piedras,,"107 Av. Universidad, San Juan, 00925, Puerto Rico",18.4032043,-66.0549582,Guánica,Jangueo
El Rincon de la Picadera,,"921 C. Eider, San Juan, 00924, Puerto Rico",18.4049189,-66.008436,Guánica,Jangueo
The Sand Bar,,"BO, PR-325 KM 5.1, Ensenada, Guánica 00647, Puerto Rico",17.9357615,-66.9547309,Guánica,Jangueo
"""Street Food"" truck",,"Industrial Park, Road 116 km 2.1, Lajas, 00667, Puerto Rico",18.0363132,-67.0513804,Guánica,Food Trucks
Marea (FoodTruck) Playa Santa,,"W2PW+J6P, Unnamed Road, Guánica 00647, Puerto Rico",17.9365821,-66.95440649999999,Guánica,Food Trucks
Parrilla Playera,,"Kiosko comercial#3 carretera 325 frente al antigua Central, Guánica, 00647, Puerto Rico",17.9669479,-66.9310448,Guánica,Food Trucks
Bocados Tamara y Algo Más,,"Carretera 333 Km,0.9, Guánica, 00653, Puerto Rico",17.971364,-66.9037211,Guánica,Food Trucks
FELO'S FOOD TRUCK,,"playa, Vega Baja 00693, Puerto Rico",18.4897406,-66.3989244,Guánica,Food Trucks
Cupey Food Truck Park,,"PR-176, antes calle Tejas, Ave Victor M Labiosa, San Juan, 00926, Puerto Rico",18.375297,-66.05441569999999,Guánica,Food Trucks
Las Guaguitas 102,,"Carretera 102, Km 36.8, Bo, San Germán, 00683, Puerto Rico",18.0790866,-67.0011688,Guánica,Food Trucks
Pa’l Yunque Food Park,,"96CJ+583, 34 1 min, Palmer, Río Grande 00745, Puerto Rico",18.3704101,-65.7692679,Guánica,Food Trucks
Tripleta El Famoso Food Truck,,"Km 79.2, PR-3, Humacao, 00791, Puerto Rico",18.145546,-65.8132372,Guánica,Food Trucks
Mi Pequeño Guavate Food Truck,,"Comunidad David Mendez, Sabana Grande, 00637, Puerto Rico",18.0778458,-66.9687556,Guánica,Food Trucks
Rico y pico...foodtruck,,"26M4+35M, Guayanilla 00656, Puerto Rico",18.0327137,-66.7945642,Guánica,Food Trucks
Miramar Food Truck Park,,"1006 Av. de la Constitución, San Juan, 00907, Puerto Rico",18.4531242,-66.07851149999999,Guánica,Food Trucks
Leña Eh Food Truck,,"1006 PR-25, San Juan, 00901, Puerto Rico",18.4530985,-66.0785191,Guánica,Food Trucks
Con-Tenedores Food Truck Park,,"45WP+3RH, Bo, Humacao, 00791, Puerto Rico",18.1451794,-65.8128978,Guánica,Food Trucks
Cangrejeros Food Truck Park,,"154 C. Eugenio Benítez Castaño, San Juan, 00911, Puerto Rico",18.4483937,-66.0572605,Guánica,Food Trucks
Las Jibaritas Food Truck,,"Expreso Trujillo Alto, #181 Urb. Lago Alto, San Juan, Trujillo Alto 00926, Puerto Rico",18.3649428,-66.00714839999999,Guánica,Food Trucks
El Turpial,,"X3F9+MCR, Guánica 00647, Puerto Rico",17.9742258,-66.9314931,Guánica,Food Trucks
Treasure of the Seas,,"Ancla Salinas Providencia Playa Santa, Calle, Guánica, 00643, Puerto Rico",17.9365625,-66.9543125,Guánica,Food Trucks
Rincon Tropical,,"PR-325 km 0.3, Guánica, 00647, Puerto Rico",17.9668643,-66.9310904,Guánica,Food Trucks
Birimbao Food Truck,,"Carr. 181 Km. 23.6, Gurabo, 00778, Puerto Rico",18.2633669,-65.9651748,Guánica,Food Trucks
Ajúa! Mexican Grill,,"Calle Buenaventura Quiñones Esquina, 31 Calle Dr. Veve, Guánica, 00653, Puerto Rico",17.9736407,-66.90804109999999,Guánica,Food Trucks
Caguas Food Park,,"190 Ave Bairoa, Caguas, 00725, Puerto Rico",18.2587044,-66.0382711,Guánica,Food Trucks
Lupita's Mexican Food Truck,,"95G7+V87, PR-3, Río Grande, 00745, Puerto Rico",18.3775548,-65.8370163,Guánica,Food Trucks
Food Truck Park,,"166 PR-199, Guaynabo, 00969, Puerto Rico",18.3610604,-66.11528609999999,Guánica,Food Trucks
La Zafra Burgers,,"PR-325 KM 0.2, Ensenada, Guánica 00647, Puerto Rico",17.9678548,-66.93129929999999,Guánica,Food Trucks
La Guagua de las Mazorcas,,"Plaza publica manuel jimenez, Guánica, 00653, Puerto Rico",17.9726601,-66.9078289,Guánica,Food Trucks
Food Trucks,,"C. Comercio, San Juan, 00902, Puerto Rico",18.4636504,-66.114226,Guánica,Food Trucks
Georgie's Jr. Pinchos,,"85 Av. Esperanza Idrach, Guánica, 00653, Puerto Rico",17.9646611,-66.9051434,Guánica,Food Trucks
SourDOU Pan Artesanal,,"Bo, PR-116 Km 24.7, Guánica, 00653, Puerto Rico",17.9957371,-66.8916699,Guánica,Postres
Panadería y Repostería L.A. Rivera,,"X399+J2P, State Rte 3116, Guánica, 00647, Puerto Rico",17.9690968,-66.9324178,Guánica,Postres
Bocados Tamara y Algo Más,,"Carretera 333 Km,0.9, Guánica, 00653, Puerto Rico",17.971364,-66.9037211,Guánica,Postres
Tajadas Coffee Bar,,"21 Av. los Veteranos, Guánica, 00647, Puerto Rico",17.9694291,-66.93218139999999,Guánica,Postres
Belgica's Bakery,,"Guánica, 00653, Puerto Rico",18.0058819,-66.8984543,Guánica,Postres
Parrilla Playera,,"Kiosko comercial#3 carretera 325 frente al antigua Central, Guánica, 00647, Puerto Rico",17.9669479,-66.9310448,Guánica,Postres
Sabrosas Donas,,"23FV+XGF, PR-332, Guánica, 00653, Puerto Rico",18.0249255,-66.9062112,Guánica,Postres
El Desafío Bar & Grill,,"49 Av. Esperanza Idrach, Guánica, 00653, Puerto Rico",17.9651227,-66.9054009,Guánica,Jangueo
Arianela's Cake & Bakery shop,,"Guánica, 00653, Puerto Rico",17.9957208,-66.8917859,Guánica,Postres
D' Paninni Panaderia,,"B.O., 2426+R6M, Calle Belgica, Guánica, 00647, Puerto Rico",18.0020991,-66.889449,Guánica,Postres
Forever Flavor,,"2426+P85, PR-116, Guánica, 00653, Puerto Rico",18.0017658,-66.8891309,Guánica,Postres
La Amistad Mini Market & Bakery,,"1 Cll 13 De Marzo, Guánica, 00653, Puerto Rico",17.9717218,-66.9099419,Guánica,Postres
Panadería Rivera,,"38-48 PR-116R, Guánica, 00653, Puerto Rico",17.9744651,-66.90782659999999,Guánica,Postres
Caños Pizza,,"75-85 C. 25 de Julio, Guánica, 00653, Puerto Rico",17.9711938,-66.9075359,Guánica,Postres
Trasiego Sea Food Restaurant,,"Esperanza idrach, Av. Esperanza Idrach, Guánica, 00653, Puerto Rico",17.9653316,-66.9067845,Guánica,Restaurantes
Umami Restaurant,,"Bo. Salinas Providencia Playa Santa, Guánica, 00647, Puerto Rico",17.9388447,-66.95379729999999,Guánica,Restaurantes
Colmado y Cafeteria La Amistad,,"1 Cll 13 De Marzo, Guánica, 00653, Puerto Rico",17.9717218,-66.9099419,Guánica,Postres
Esperanza idrach,,"X38V+26C, Av. Esperanza Idrach, Guánica, 00653, Puerto Rico",17.9650716,-66.9069971,Guánica,Postres
King's Cream,,"9223 Marina, Ponce, 00730, Puerto Rico",18.0114533,-66.61334599999999,Guánica,Postres
Heladería Lares,,"10 Cll Vilella, Lares, 00669, Puerto Rico",18.294859,-66.8774056,Guánica,Postres
Georgetti Heladería,,"Puerto Rico, 14 C. Georgetti, San Juan, 00925, Puerto Rico",18.3974821,-66.0520878,Guánica,Postres
Parador Guánica 1929,,"Km 2.5 Los Veterano Avenue, PR-3116, Guánica, 00647, Puerto Rico",17.9718268,-66.927512,Guánica,Postres
Club Puertorriqueño Ensenada Guanica,,"X3C9+956, Calle 2, Guánica, 00647, Puerto Rico",17.9709084,-66.9320999,Guánica,Jangueo
Lucas Spot Guánica,,"X39V+V35, 49-57 Calle Prolongacion Santa Rosa, Guánica, 00653, Puerto Rico",17.9698501,-66.90694979999999,Guánica,Jangueo
THE TINGLAO,,"Carretera 116 Kilometro 21.1, Guánica, 00647, Puerto Rico",17.9737262,-66.9144309,Guánica,Jangueo
Mojito to Go,,"323 C. del Recinto Sur, San Juan, 00901, Puerto Rico",18.4646887,-66.1131615,Guánica,Jangueo
Parrilla Playera,,"Kiosko comercial#3 carretera 325 frente al antigua Central, Guánica, 00647, Puerto Rico",17.9669479,-66.9310448,Guánica,Jangueo
El Desafío Bar & Grill,,"49 Av. Esperanza Idrach, Guánica, 00653, Puerto Rico",17.9651227,-66.9054009,Guánica,Jangueo
Rincon Tropical,,"PR-325 km 0.3, Guánica, 00647, Puerto Rico",17.9668643,-66.9310904,Guánica,Jangueo
Mojito2Go,,"Malecon Playa Santa, Guánica 00647, Puerto Rico",17.9364324,-66.9548691,Guánica,Jangueo
Lucas Spot Guánica,,"X39V+V35, 49-57 Calle Prolongacion Santa Rosa, Guánica, 00653, Puerto Rico",17.9698501,-66.90694979999999,Guánica,Jangueo
Parrilla Playera,,"Kiosko comercial#3 carretera 325 frente al antigua Central, Guánica, 00647, Puerto Rico",17.9669479,-66.9310448,Guánica,Jangueo
El Desafío Bar & Grill,,"49 Av. Esperanza Idrach, Guánica, 00653, Puerto Rico",17.9651227,-66.9054009,Guánica,Jangueo
Trasiego Sea Food Restaurant,,"Esperanza idrach, Av. Esperanza Idrach, Guánica, 00653, Puerto Rico",17.9653316,-66.9067845,Guánica,Restaurantes
Bocados Tamara y Algo Más,,"Carretera 333 Km,0.9, Guánica, 00653, Puerto Rico",17.971364,-66.9037211,Guánica,Jangueo
Mar Adentro Bar & Restaurant,,"W2PW+C43, Guánica, 00647, Puerto Rico",17.93601,-66.954717,Guánica,Restaurantes
Trankilandia Bar & Cuisine,,"X389+RHV, Guánica, 00647, Puerto Rico",17.9671059,-66.93109079999999,Guánica,Jangueo
El Badén,,"W2PW+85H, Calle La Montalua, Guánica, 00647, Puerto Rico",17.9358215,-66.95450939999999,Guánica,Jangueo
Al Son De Carol Bar & Restaurant,,"esquina 13 de Marzo, C. 25 de Julio, Guánica, 00653, Puerto Rico",17.9715233,-66.9075163,Guánica,Restaurantes
El Turpial,,"X3F9+MCR, Guánica 00647, Puerto Rico",17.9742258,-66.9314931,Guánica,Jangueo
Rincon Tropical,,"PR-325 km 0.3, Guánica, 00647, Puerto Rico",17.9668643,-66.9310904,Guánica,Jangueo
Treasure of the Seas,,"Ancla Salinas Providencia Playa Santa, Calle, Guánica, 00643, Puerto Rico",17.9365625,-66.9543125,Guánica,Jangueo
Entra y Sale Restaurant & Mini Market,,"CX6H+PPM, Av. Simón Madera, San Juan, 00924, Puerto Rico",18.4118284,-66.0207052,Guánica,Restaurantes
Umami Restaurant,,"Bo. Salinas Providencia Playa Santa, Guánica, 00647, Puerto Rico",17.9388447,-66.95379729999999,Guánica,Restaurantes
Mojito to Go,,"323 C. del Recinto Sur, San Juan, 00901, Puerto Rico",18.4646887,-66.1131615,Guánica,Jangueo
Ancla Flotante,,"W2PW+H3X, Guánica, 00647, Puerto Rico",17.9364888,-66.9547704,Guánica,Jangueo
THE TINGLAO,,"Carretera 116 Kilometro 21.1, Guánica, 00647, Puerto Rico",17.9737262,-66.9144309,Guánica,Jangueo
Caños Pizza,,"75-85 C. 25 de Julio, Guánica, 00653, Puerto Rico",17.9711938,-66.9075359,Guánica,Jangueo
Esperanza idrach,,"X38V+26C, Av. Esperanza Idrach, Guánica, 00653, Puerto Rico",17.9650716,-66.9069971,Guánica,Jangueo
Sazón con flow,,"2 Cll Brandon, Guánica, 00647, Puerto Rico",17.9673793,-66.9341297,Guánica,Jangueo
El Punto 8 Sport Bar,,"901 Cll Hypolais, San Juan, 00924, Puerto Rico",18.4083342,-66.0077283,Guánica,Jangueo
Rancho Viejo,,"Car 144 K1, H1 BO Caricaboa, Jayuya, 00664, Puerto Rico",18.2166965,-66.5858776,Guánica,Jangueo
Bella Vista,,"Ave Pk Gdns, San Juan, 00983, Puerto Rico",18.3889173,-66.0316184,Guánica,Jangueo
El Desvío Sports Bar and Restaurant,,"6CG4+4GW, PR-5141, Jayuya, 00664, Puerto Rico",18.2253608,-66.5936694,Guánica,Restaurantes
El Sabor Jayuyano,,"6C96+M9G, Paseo Los Maestros, Jayuya, 00664, Puerto Rico",18.219175,-66.5890403,Guánica,Jangueo
La Casita Restaurant by Chef Javier,,"Coabey, Jayuya 00664, Puerto Rico",18.2166817,-66.5844249,Guánica,Restaurantes
Hazel Bar,,"1000 122 The Mall of San Juan Blvd, San Juan, 00926, Puerto Rico",18.4124925,-66.02525179999999,Guánica,Jangueo
Carlos BBQ,,"6W28+QP7, Caguas, 00727, Puerto Rico",18.2019138,-66.08319279999999,Guánica,Jangueo
Patria Mia,,"loma massini, Cll Eucalipto, Jayuya, 00664, Puerto Rico",18.2207517,-66.591478,Guánica,Jangueo
Mil Amores Mexican Bar & Grill,,"922 C. Eider, San Juan, 00924, Puerto Rico",18.4045407,-66.0084293,Guánica,Jangueo
La Bibliotek Bar de libros,,"46 Cll Guillermo Esteves, Jayuya, 00664, Puerto Rico",18.2202205,-66.5897066,Guánica,Jangueo
La Cantina Karaoke Bar & Restaurant,,"304 Av. Juan Ponce de León, San Juan, 00918, Puerto Rico",18.4245107,-66.0577606,Guánica,Restaurantes
Oceano Sport Bar,,"X4V5+V98, PR-116, Guánica, 00653, Puerto Rico",17.994653,-66.89153999999999,Guánica,Jangueo
El Guacamayo Pool Bar & Grill,,"6550 Av. Isla Verde, Carolina, 00979, Puerto Rico",18.4412676,-66.0161383,Guánica,Jangueo
Ochoa,,"X35V+GC8, PR-333, Guánica, 00653, Puerto Rico",17.9587803,-66.90641269999999,Guánica,Jangueo
Mojito2Go,,"Malecon Playa Santa, Guánica 00647, Puerto Rico",17.9364324,-66.9548691,Guánica,Jangueo
Chandelier Bar,,"6063 Isla Verde Avenue, Carolina, 00979, Puerto Rico",18.4433954,-66.01761239999999,Guánica,Jangueo
La Placita de Plamira,,"X399+M4Q, Guánica, 00647, Puerto Rico",17.9692534,-66.9322079,Guánica,Jangueo
Cafetin de Plo,,"44 Calle Belgica, Guánica, 00653, Puerto Rico",17.9666719,-66.93288609999999,Guánica,Jangueo
JOTO's Sport Bar,,"PR-527, Jayuya, 00664, Puerto Rico",18.2144708,-66.5818135,Guánica,Jangueo
El Mongo Tree,,"X365+9MF, Calle Maguelles, Guánica, 00647, Puerto Rico",17.9609472,-66.94082709999999,Guánica,Jangueo
Munchealo by Chris,,"C. Libertad, Jayuya, 00664, Puerto Rico",18.218565,-66.5907028,Guánica,Jangueo
Dylu Restaurant,,"49 C. Libertad, Jayuya, 00664, Puerto Rico",18.2191441,-66.59036669999999,Guánica,Restaurantes
Turku Kebabb,,"6CC5+8XP, Jayuya, 00664, Puerto Rico",18.2208378,-66.59005379999999,Guánica,Jangueo
Azúkar y Mas by Aryta,,"PR-144, Jayuya, 00664, Puerto Rico",18.2175065,-66.58853739999999,Guánica,Jangueo
Gran Canaria Puerto Rico,,"6CC5+8XP, Jayuya, 00664, Puerto Rico",18.2208399,-66.5900539,Guánica,Jangueo
Q'lantro,,"100 Blvd. Jimmy Torres Cintrón, Yauco, 00698, Puerto Rico",18.0235877,-66.855381,Guánica,Jangueo
El deportivo,,"6CC5+8WQ, Jayuya, 00664, Puerto Rico",18.220833,-66.590149,Guánica,Jangueo
Dulce Tentación Jayuya,,"Paseo Los Maestros Kiosko #3, Jayuya, 00664, Puerto Rico",18.2198525,-66.5885191,Guánica,Jangueo
Pikoteo Bar,,"699X+2X9, PR-144, Jayuya, 00664, Puerto Rico",18.2175454,-66.6000166,Guánica,Jangueo
Parador Guánica 1929,,"Km 2.5 Los Veterano Avenue, PR-3116, Guánica, 00647, Puerto Rico",17.9718268,-66.927512,Guánica,Jangueo
Kioskos Turísticos,,"X389+QH5, PR-325, Guánica, 00647, Puerto Rico",17.9668949,-66.9310304,Guánica,Jangueo
Supermercado Econo,,"X3GV+X5W, PR-332, Guánica, 00653, Puerto Rico",17.9774762,-66.90705679999999,Guánica,Jangueo
Panadería y Repostería L.A. Rivera,,"X399+J2P, State Rte 3116, Guánica, 00647, Puerto Rico",17.9690968,-66.9324178,Guánica,Jangueo
Bako,,"33 Cll Guillermo Esteves, Jayuya, 00664, Puerto Rico",18.2201127,-66.5896243,Guánica,Jangueo
Supermax magnolia bayamon,,"6CC5+8WQ, Jayuya, 00664, Puerto Rico",18.220833,-66.590149,Guánica,Jangueo
PintuThakro,,"6CC5+8WQ, Jayuya, 00664, Puerto Rico",18.220833,-66.590149,Guánica,Jangueo
Pothencode Panchayath Office,,"PR water associat water supply, Jayuya, 00664, Puerto Rico",18.220833,-66.590149,Guánica,Jangueo
Pescadería Bahia Guánica,,"Guánica, 00653, Puerto Rico",17.9639293,-66.9052748,Guánica,Jangueo
El Colorao Sports Bar,,"63 Cll Guillermo Esteves, Jayuya, 00664, Puerto Rico",18.2193632,-66.5905732,Guánica,Jangueo
The Black Steak House Lajas,,"5 Calle 65 De Infanteria, Lajas, 00667, Puerto Rico",18.0491604,-67.0590394,Lajas,Restaurantes
Isla Cueva,,"Street 304 KM 3.2, Lajas, 00667, Puerto Rico",17.9739084,-67.0488972,Lajas,Restaurantes
Puerto Parguera,,"XXF2+FQJ, C. Ángel Luis López, La Parguera, Lajas 00667, Puerto Rico",17.973708,-67.04812439999999,Lajas,Restaurantes
Restaurante El Karacol,,"XXF2+9JX, La Parguera, Lajas 00667, Puerto Rico",17.9734975,-67.0483927,Lajas,Restaurantes
"Restaurante El Turrumote, Club Nautico de La Parguera",,"Club Nautico La Parguera, Lajas, 00667, Puerto Rico",17.9728701,-67.03872249999999,Lajas,Restaurantes
El Patio de La Jamaca - La Parguera,,"Reparto Laborde, La Parguera, Lajas 00667, Puerto Rico",17.9781727,-67.05432019999999,Lajas,Restaurantes
La Parguera Rooftop,,"Plaza San Pedro 304, Lajas, 00667, Puerto Rico",17.973701,-67.0489718,Lajas,Restaurantes
Fogata,,"XXF2+GPP, La Parguera, Lajas 00667, Puerto Rico",17.9738311,-67.0481789,Lajas,Restaurantes
Reserva 304,,"Street 304 KM 3.2, Lajas, 00667, Puerto Rico",17.9739851,-67.04890569999999,Lajas,Restaurantes
Aquamarina Restaurant,,"Carretera 304 km 3.3, La Parguera, Lajas 00667, Puerto Rico",17.9737387,-67.0499744,Lajas,Restaurantes
Brújula,,"KM 3.2 Carretera 304, Lajas, 00667, Puerto Rico",17.9739468,-67.0497654,Lajas,Restaurantes
Yolanda's Bar and Grill,,"XXF2+MH4, La Parguera, Lajas 00667, Puerto Rico",17.9741386,-67.0485564,Lajas,Jangueo
Coco's Pizza,,"PR-116, Lajas, 00667, Puerto Rico",18.0378529,-67.05211369999999,Lajas,Restaurantes
Reef Pop,,"Carretera 304 Km 3.2, La Parguera, Lajas 00667, Puerto Rico",17.9738912,-67.04871159999999,Lajas,Restaurantes
Moorings Beach Club & Restaurant,,"Ave los Pescadores, Lajas, 00667, Puerto Rico",17.9762768,-67.0498673,Lajas,Restaurantes
Pal’agua Meat and Wine Shop,,"Carretera 304 km 3.3, La Parguera, Lajas 00667, Puerto Rico",17.9744371,-67.0515776,Lajas,Restaurantes
Violeta's Restaurant,,"Public Parking Area, C. Ángel Luis López, La Parguera, Lajas 00667, Puerto Rico",17.9735185,-67.0480401,Lajas,Restaurantes
Lola Coffee Bar,,"Carr 304, centro comercial El Muelle Mall, 2 Ave los Pescadores km 3.2, int, La Parguera, Lajas 00667, Puerto Rico",17.9752969,-67.0496934,Lajas,Coffee Shops
Nuestro Pan Bakery,,"Carreterra 117, Bo km 2.1, Lajas, 00667, Puerto Rico",18.050266,-67.0384461,Lajas,Coffee Shops
Kelly's Coffee & Wine Bar,,"Parguera Plaza Hotel, Km 3.2, Carretera 304, Lajas, 00667, Puerto Rico",17.9740421,-67.0496789,Lajas,Coffee Shops
El Barril Coffee Shop,,"PR-116 km 0.3, Lajas, 00667, Puerto Rico",18.0505209,-67.0551868,Lajas,Coffee Shops
Friend's Café,,"Carretera 304, La Parguera, Lajas 00667, Puerto Rico",17.973717,-67.04892819999999,Lajas,Coffee Shops
Mercado's Bakery Lajas,,"2WVR+8G5, Lajas, 00667, Puerto Rico",18.0432673,-67.0586335,Lajas,Coffee Shops
Vida Social,,"25 Calle Amistad, Lajas, 00667, Puerto Rico",18.0496063,-67.05871619999999,Lajas,Coffee Shops
Me latte un pocillo,,"Plaza Francisco Mariano Quiñones, San Germán, 00683, Puerto Rico",18.0824064,-67.0431747,Lajas,Coffee Shops
Cafe Del Caney,,"3W2R+536, PR-1101, Lajas, 00667, Puerto Rico",18.0504163,-67.05985489999999,Lajas,Coffee Shops
Tai Gourmet Meat & Coffee,,"2W4X+JW, Lajas, 00667, Puerto Rico",18.0066057,-67.0501677,Lajas,Coffee Shops
Pizzerias,,"3W2R+72H, Lajas, 00667, Puerto Rico",18.0506938,-67.0598893,Lajas,Coffee Shops
Panadería Monsegur,,"2WHX+RRC, PR-116, Lajas, 00667, Puerto Rico",18.0296567,-67.050504,Lajas,Coffee Shops
Sandwich House,,"3 Calle 65 De Infanteria, Lajas, 00667, Puerto Rico",18.0493596,-67.05910949999999,Lajas,Coffee Shops
Hacienda San Pedro,,"211 Av. Ing. Manuel Domenech, San Juan, 00918, Puerto Rico",18.4151705,-66.0601792,Lajas,Coffee Shops
Hacienda San Pedro,,"1350 Ashford Ave, San Juan, 00907, Puerto Rico",18.4550466,-66.0690455,Lajas,Coffee Shops
Luna Coffee & Latin Kitchen,,"352 Av. Américo Miranda, San Juan, 00927, Puerto Rico",18.3996731,-66.0681191,Lajas,Coffee Shops
El Tamarindo Bar,,"2XPQ+XPJ, Lajas Arriba, Lajas 00667, Puerto Rico",18.0374662,-67.01072549999999,Lajas,Coffee Shops
Sin Prisa Coffee Shop,,"1804 C. Loíza, San Juan, 00911, Puerto Rico",18.4514175,-66.05944769999999,Lajas,Coffee Shops
Brújula,,"KM 3.2 Carretera 304, Lajas, 00667, Puerto Rico",17.9739468,-67.0497654,Lajas,Coffee Shops
Isla Cueva,,"Street 304 KM 3.2, Lajas, 00667, Puerto Rico",17.9739084,-67.0488972,Lajas,Coffee Shops
Café Don Juan,,"380 Calle Juan Kalaf, San Juan, 00918, Puerto Rico",18.4266183,-66.0703588,Lajas,Coffee Shops
Panadería La Francesa,,"PR-101, Lajas, 00667, Puerto Rico",18.0475212,-67.0673312,Lajas,Coffee Shops
Carajillo Coffee House,,"35 Calle 25 de Julio, Yauco, 00698, Puerto Rico",18.0305995,-66.85492839999999,Lajas,Coffee Shops
Hacienda San Pedro,,"318 Avenida José de Diego, San Juan, 00923, Puerto Rico",18.4469101,-66.0679083,Lajas,Coffee Shops
M&M Supermarket,,"XXF2+MM2, Carretera 304, Lajas, 00667, Puerto Rico",17.9741293,-67.0483502,Lajas,Coffee Shops
Espresso Lab Coffee Shop,,"8020 Tartak St Hyatt Centric San Juan, Lobby, 8020 José M. Tartak Ave, Carolina, 00979, Puerto Rico",18.4406718,-66.02198229999999,Lajas,Coffee Shops
D’ Glow Nutrition,,"42 Calle Amistad, Lajas, 00667, Puerto Rico",18.0503834,-67.0588914,Lajas,Coffee Shops
Trattoria Caffe,,"64 Calle Doctor Santiago Veve, San Germán, 00683, Puerto Rico",18.0817941,-67.0423605,Lajas,Coffee Shops
Boca Boca Generales,,"CX43+5XH, San Juan, 00923, Puerto Rico",18.4053911,-66.0449995,Lajas,Coffee Shops
Linda Vista Mini Market,,"2WWJ+XP5, C. Unión, Lajas, 00667, Puerto Rico",18.0473772,-67.0681494,Lajas,Coffee Shops
Paolo's Coffee,,"401 C. del Parque, San Juan, 00912, Puerto Rico",18.4452617,-66.0658325,Lajas,Coffee Shops
Café Cola'o,,"C. Marina, San Juan, 00901, Puerto Rico",18.463489,-66.1129937,Lajas,Coffee Shops
El Moroco Local Market,,"2W2J+WJG, Cam. El Fosforo, Lajas, 00667, Puerto Rico",18.0023209,-67.0684198,Lajas,Coffee Shops
Gustos Coffee,,"CXPV+97M, Arrivals Ave, Carolina, 00979, Puerto Rico",18.4360159,-66.0072387,Lajas,Coffee Shops
Café Cuatro Sombras,,"259 C. del Recinto Sur, San Juan, 00901, Puerto Rico",18.4643249,-66.114336,Lajas,Coffee Shops
La Parguera Rooftop,,"Plaza San Pedro 304, Lajas, 00667, Puerto Rico",17.973701,-67.0489718,Lajas,Coffee Shops
Tierra Adentro Coffee Shop,,"Calle Sta. Águeda, San Juan, 00926, Puerto Rico",18.3740435,-66.0543423,Lajas,Coffee Shops
Caipiriña Bar & Tapas,,"PR-101 Km 8.0, Palmarejo, Lajas 00667, Puerto Rico",18.0372338,-67.0767511,Lajas,Coffee Shops
Morena Coffee Express,,"PR-176 KM 1.4, San Juan, 00926, Puerto Rico",18.3808964,-66.0557651,Lajas,Coffee Shops
Café Comunión,,"1616 PR-25, San Juan, 00909, Puerto Rico",18.4439231,-66.0657765,Lajas,Coffee Shops
Don Ruiz Coffee,,"Cuartel de Ballaja, Calle Norzagaray Esq. Beneficiencia, San Juan, PR 00901, Puerto Rico",18.467621,-66.11955200000001,Lajas,Coffee Shops
Reef Pop,,"Carretera 304 Km 3.2, La Parguera, Lajas 00667, Puerto Rico",17.9738912,-67.04871159999999,Lajas,Coffee Shops
Yarula,,"2WXR+X7C, Lajas, 00667, Puerto Rico",18.0499492,-67.05934549999999,Lajas,Coffee Shops
Baruch,,"C2FC+6JM, Esq. Calle 11 Ave Galicia, Carolina, 00984, Puerto Rico",18.4230806,-65.9785206,Lajas,Coffee Shops
Café Consciente,,"171 C. O'Neill, San Juan, 00918, Puerto Rico",18.4229816,-66.0624776,Lajas,Coffee Shops
Hacienda San Pedro,,"CWGR+MP3 Popular Center, Av. Luis Muñoz Rivera, San Juan, 00917, Puerto Rico",18.4266438,-66.05819629999999,Lajas,Coffee Shops
Escobar Latte Art,,"Edificio Ila, 1055 Marginal Kennedy, San Juan, 00907, Puerto Rico",18.4330498,-66.086891,Lajas,Coffee Shops
Puerto Parguera,,"XXF2+FQJ, C. Ángel Luis López, La Parguera, Lajas 00667, Puerto Rico",17.973708,-67.04812439999999,Lajas,Coffee Shops
Flora by Bleu,,"PR-101 KM 3.1, Lajas, 00667, Puerto Rico",18.0632297,-67.0535843,Lajas,Coffee Shops
EmpanadisimasPR,,"GK-44, Av. Roberto Sánchez Vilella, Carolina, 00982, Puerto Rico",18.4126819,-65.9982888,Lajas,Coffee Shops
Vive Nutrition,,"116A Unión, Lajas, 00667, Puerto Rico",18.0499492,-67.05934549999999,Lajas,Coffee Shops
El Cielo Coffee Shop,,"2250 Calle Celestial, Carolina, 00979, Puerto Rico",18.4316011,-66.00585749999999,Lajas,Coffee Shops
Finca Cialitos,,"267 C. de San Francisco, San Juan, 00901, Puerto Rico",18.4660199,-66.1144925,Lajas,Coffee Shops
@Fresco Coffee Bar & Bistro,,"Calle 1 lote 15 Metro Office Park, Guaynabo, 00969, Puerto Rico",18.4161364,-66.1046902,Lajas,Coffee Shops
Café La Estación,,"Ave. 65 Infanteria. Km 6.8 Int. PR-887 San Anton, Carolina, 00985, Puerto Rico",18.3979982,-65.9894111,Lajas,Coffee Shops
"Pitirre Cafe Miramar, San Juan",,"FW3C+XG8, San Juan, 00907, Puerto Rico",18.4547222,-66.0785782,Lajas,Coffee Shops
Go Vampy Ice Cream & Deli Bar,,"PR-315, Lajas, 00667, Puerto Rico",18.0416016,-67.0534116,Lajas,Coffee Shops
Hornofino Coffee Shop,,"Cupey Professional Mall, C. San Claudio, San Juan, 00926, Puerto Rico",18.3796425,-66.05394559999999,Lajas,Coffee Shops
Cafeto,,"#k103, 1000 The Mall of San Juan Blvd, San Juan, 00924, Puerto Rico",18.4123507,-66.0260881,Lajas,Coffee Shops
Starbene Caffe,,"4008 The Mall of San Juan Blvd #1000, San Juan, 00924, Puerto Rico",18.4124832,-66.0258967,Lajas,Coffee Shops
The Black Steak House Lajas,,"5 Calle 65 De Infanteria, Lajas, 00667, Puerto Rico",18.0491604,-67.0590394,Lajas,Jangueo
El Refugio,,"3W65+9W9, Llanos, Lajas 00667, Puerto Rico",18.0609104,-67.0901477,Lajas,Jangueo
El Tamarindo Bar,,"2XPQ+XPJ, Lajas Arriba, Lajas 00667, Puerto Rico",18.0374662,-67.01072549999999,Lajas,Jangueo
El Ultimo Brinco Spot Bar,,"Calle Cementerio, Lajas, 00667, Puerto Rico",18.0424248,-67.0609185,Lajas,Jangueo
Isla Cueva,,"Street 304 KM 3.2, Lajas, 00667, Puerto Rico",17.9739084,-67.0488972,Lajas,Jangueo
Mar & Tierra Sport Bar,,"00667, La Parguera, Lajas 00667, Puerto Rico",17.9737359,-67.0486349,Lajas,Jangueo
La Parguera Rooftop,,"Plaza San Pedro 304, Lajas, 00667, Puerto Rico",17.973701,-67.0489718,Lajas,Jangueo
Yolanda's Bar and Grill,,"XXF2+MH4, La Parguera, Lajas 00667, Puerto Rico",17.9741386,-67.0485564,Lajas,Jangueo
La Ruta Del Peje,,"X2F2+V33, PR-324, Lajas, 00667, Puerto Rico",17.9746341,-66.9998423,Lajas,Jangueo
Road 116 Parguera,,"Solar C, Av. los Pescadores, La Parguera, Lajas 00667, Puerto Rico",17.9761035,-67.0499174,Lajas,Jangueo
"Restaurante El Turrumote, Club Nautico de La Parguera",,"Club Nautico La Parguera, Lajas, 00667, Puerto Rico",17.9728701,-67.03872249999999,Lajas,Restaurantes
Reef Pop,,"Carretera 304 Km 3.2, La Parguera, Lajas 00667, Puerto Rico",17.9738912,-67.04871159999999,Lajas,Jangueo
Reserva 304,,"Street 304 KM 3.2, Lajas, 00667, Puerto Rico",17.9739851,-67.04890569999999,Lajas,Jangueo
Fogata,,"XXF2+GPP, La Parguera, Lajas 00667, Puerto Rico",17.9738311,-67.0481789,Lajas,Jangueo
Restaurante El Karacol,,"XXF2+9JX, La Parguera, Lajas 00667, Puerto Rico",17.9734975,-67.0483927,Lajas,Restaurantes
Brújula,,"KM 3.2 Carretera 304, Lajas, 00667, Puerto Rico",17.9739468,-67.0497654,Lajas,Jangueo
Puerto Parguera,,"XXF2+FQJ, C. Ángel Luis López, La Parguera, Lajas 00667, Puerto Rico",17.973708,-67.04812439999999,Lajas,Jangueo
Pal’agua Meat and Wine Shop,,"Carretera 304 km 3.3, La Parguera, Lajas 00667, Puerto Rico",17.9744371,-67.0515776,Lajas,Jangueo
Violeta's Restaurant,,"Public Parking Area, C. Ángel Luis López, La Parguera, Lajas 00667, Puerto Rico",17.9735185,-67.0480401,Lajas,Restaurantes
"""Street Food"" truck",,"Industrial Park, Road 116 km 2.1, Lajas, 00667, Puerto Rico",18.0363132,-67.0513804,Lajas,Food Trucks
La Frutera,,"Carr.101 km 10.7, Bo. Llanos, Lajas, 00667, Puerto Rico",18.03009,-67.09611,Lajas,Postres
Mercado's Bakery Lajas,,"2WVR+8G5, Lajas, 00667, Puerto Rico",18.0432673,-67.0586335,Lajas,Postres
Lola Coffee Bar,,"Carr 304, centro comercial El Muelle Mall, 2 Ave los Pescadores km 3.2, int, La Parguera, Lajas 00667, Puerto Rico",17.9752969,-67.0496934,Lajas,Postres
Pargomar Bakery and Deli,,"La Parguera, Lajas 00667, Puerto Rico",17.9747308,-67.0481436,Lajas,Postres
Maya’s Bakery,,"PR-117, Lajas, 00667, Puerto Rico",18.0388004,-67.01113889999999,Lajas,Postres
Isla Cueva,,"Street 304 KM 3.2, Lajas, 00667, Puerto Rico",17.9739084,-67.0488972,Lajas,Postres
Luquillo Beach Bakery Brunch & Lunch,,"153 Calle Marginal, Playa Fortuna, Luquillo 00773, Puerto Rico",18.3795427,-65.743743,Lajas,Postres
Repostería Artesanal Laura,,"108 Cll Amador Brall, Camuy, 00627, Puerto Rico",18.4862283,-66.8469336,Lajas,Postres
La Parguera Rooftop,,"Plaza San Pedro 304, Lajas, 00667, Puerto Rico",17.973701,-67.0489718,Lajas,Postres
Brújula,,"KM 3.2 Carretera 304, Lajas, 00667, Puerto Rico",17.9739468,-67.0497654,Lajas,Postres
Puerto Parguera,,"XXF2+FQJ, C. Ángel Luis López, La Parguera, Lajas 00667, Puerto Rico",17.973708,-67.04812439999999,Lajas,Postres
"Restaurante El Turrumote, Club Nautico de La Parguera",,"Club Nautico La Parguera, Lajas, 00667, Puerto Rico",17.9728701,-67.03872249999999,Lajas,Restaurantes
Restaurante El Karacol,,"XXF2+9JX, La Parguera, Lajas 00667, Puerto Rico",17.9734975,-67.0483927,Lajas,Restaurantes
Rico Pan Bakery,,"Zarzal, Río Grande 00745, Puerto Rico",18.3759833,-65.7865388,Lajas,Postres
Reserva 304,,"Street 304 KM 3.2, Lajas, 00667, Puerto Rico",17.9739851,-67.04890569999999,Lajas,Postres
"Restaurante El Turrumote, Club Nautico de La Parguera",,"Club Nautico La Parguera, Lajas, 00667, Puerto Rico",17.9728701,-67.03872249999999,Lajas,Restaurantes
Reserva 304,,"Street 304 KM 3.2, Lajas, 00667, Puerto Rico",17.9739851,-67.04890569999999,Lajas,Jangueo
La Parguera Rooftop,,"Plaza San Pedro 304, Lajas, 00667, Puerto Rico",17.973701,-67.0489718,Lajas,Jangueo
Balcones Nightclub,,"Street 304 Km 3.2, La Parguera, Lajas 00667, Puerto Rico",17.9738939,-67.0490018,Lajas,Jangueo
The Beach House Rincón,,"PR-413 Km 2.8, Rincón, 00677, Puerto Rico",18.3593385,-67.2671826,Lajas,Jangueo
Isla Cueva,,"Street 304 KM 3.2, Lajas, 00667, Puerto Rico",17.9739084,-67.0488972,Lajas,Jangueo
Reef Pop,,"Carretera 304 Km 3.2, La Parguera, Lajas 00667, Puerto Rico",17.9738912,-67.04871159999999,Lajas,Jangueo
Brújula,,"KM 3.2 Carretera 304, Lajas, 00667, Puerto Rico",17.9739468,-67.0497654,Lajas,Jangueo
El Cubujon,,"15 Cll Ruiz Belvis, San Germán, 00683, Puerto Rico",18.0821247,-67.0430191,Lajas,Jangueo
The Black Steak House Lajas,,"5 Calle 65 De Infanteria, Lajas, 00667, Puerto Rico",18.0491604,-67.0590394,Lajas,Jangueo
La Casa del Dorado,,"Carr. #442 Sector Playa Bo. Espinar Aguada, P.R., Aguada 00602, Puerto Rico",18.4075704,-67.1705502,Lajas,Jangueo
El Patio de La Jamaca - La Parguera,,"Reparto Laborde, La Parguera, Lajas 00667, Puerto Rico",17.9781727,-67.05432019999999,Lajas,Jangueo
Violeta's Restaurant,,"Public Parking Area, C. Ángel Luis López, La Parguera, Lajas 00667, Puerto Rico",17.9735185,-67.0480401,Lajas,Restaurantes
Isla Cueva,,"Street 304 KM 3.2, Lajas, 00667, Puerto Rico",17.9739084,-67.0488972,Lajas,Jangueo
El Tamarindo Bar,,"2XPQ+XPJ, Lajas Arriba, Lajas 00667, Puerto Rico",18.0374662,-67.01072549999999,Lajas,Jangueo
Puerto Parguera,,"XXF2+FQJ, C. Ángel Luis López, La Parguera, Lajas 00667, Puerto Rico",17.973708,-67.04812439999999,Lajas,Jangueo
Brújula,,"KM 3.2 Carretera 304, Lajas, 00667, Puerto Rico",17.9739468,-67.0497654,Lajas,Jangueo
The Black Steak House Lajas,,"5 Calle 65 De Infanteria, Lajas, 00667, Puerto Rico",18.0491604,-67.0590394,Lajas,Jangueo
Restaurante El Karacol,,"XXF2+9JX, La Parguera, Lajas 00667, Puerto Rico",17.9734975,-67.0483927,Lajas,Restaurantes
Mercado's Bakery Lajas,,"2WVR+8G5, Lajas, 00667, Puerto Rico",18.0432673,-67.0586335,Lajas,Jangueo
Barra Y Cafetín Buena Vista,,"3W6C+Q6P, PR-312, Lajas, San Germán 00667, Puerto Rico",18.0619537,-67.07943089999999,Lajas,Jangueo
La Jamaca Hotel- La Parguera,,"Reparto Laborde, La Parguera, Lajas 00667, Puerto Rico",17.9780673,-67.05415339999999,Lajas,Jangueo
Reserva 304,,"Street 304 KM 3.2, Lajas, 00667, Puerto Rico",17.9739851,-67.04890569999999,Lajas,Jangueo
Yolanda's Bar and Grill,,"XXF2+MH4, La Parguera, Lajas 00667, Puerto Rico",17.9741386,-67.0485564,Lajas,Jangueo
La Parguera Rooftop,,"Plaza San Pedro 304, Lajas, 00667, Puerto Rico",17.973701,-67.0489718,Lajas,Jangueo
La Cueva Bar & Restaurant,,"13 Calle Carro, San Germán, 00683, Puerto Rico",18.0816653,-67.0424628,Lajas,Restaurantes
El Cabo,,"PR-187, Carolina, Loíza 00772, Puerto Rico",18.4569308,-65.98541159999999,Lajas,Jangueo
La Parguera Sport Bar,,"XXF2+FJP, C. Ángel Luis López, La Parguera, Lajas 00667, Puerto Rico",17.9737195,-67.0484173,Lajas,Jangueo
Pal’agua Meat and Wine Shop,,"Carretera 304 km 3.3, La Parguera, Lajas 00667, Puerto Rico",17.9744371,-67.0515776,Lajas,Jangueo
"Restaurante El Turrumote, Club Nautico de La Parguera",,"Club Nautico La Parguera, Lajas, 00667, Puerto Rico",17.9728701,-67.03872249999999,Lajas,Restaurantes
Our House Rest & Bar,,"100 Av. San Patricio ST-10, Guaynabo, 00968, Puerto Rico",18.4081776,-66.1058065,Lajas,Jangueo
Rest. Buen Provecho,,"2WRR+QXM, PR-315, Lajas, 00667, Puerto Rico",18.0419699,-67.057572,Lajas,Jangueo
Roosters Bar & Tapas,,"16 C. Luz Celenia Tirado, San Germán, 00683, Puerto Rico",18.0827706,-67.0411407,Lajas,Jangueo
Quarto'sPizza,,"Carr.318 Int 101 Bo, San Germán, 00683, Puerto Rico",18.0705857,-67.050966,Lajas,Jangueo
Bohiques Rest & Bar,,"58 Cll Hatillo, San Juan, 00918, Puerto Rico",18.4108905,-66.0550689,Lajas,Jangueo
El CAPORAL,,"9XWJ+M53, San Juan, 00924, Puerto Rico",18.3966413,-66.01958619999999,Lajas,Jangueo
El Nuevo Chorro Coli,,"Carr 101 Interior km 2.4, San Germán, 00683, Puerto Rico",18.069931,-67.0512329,Lajas,Jangueo
El Moroco Local Market,,"2W2J+WJG, Cam. El Fosforo, Lajas, 00667, Puerto Rico",18.0023209,-67.0684198,Lajas,Jangueo
Oasis Tapas & Lounge,,"Puerto Rico 6, 4 Condado Ave, San Juan, 00907, Puerto Rico",18.4567519,-66.0714175,Lajas,Jangueo
El Tamarindo Bar,,"Calle 65 De Infanteria, Lajas 00667, Puerto Rico",18.0631369,-67.0535395,Lajas,Jangueo
DESARROPE BY Vidy's,,"104 Av. Universidad, San Juan, 00925, Puerto Rico",18.4029816,-66.0548271,Lajas,Jangueo
Grampa’s Place,,"XXG4+5W8, Calle 8, Lajas, 00667, Puerto Rico",17.975416,-67.0426593,Lajas,Jangueo
Guacamole al Fresco,,"30 Av. Jesús Toribio Piñero, Las Piedras, 00771, Puerto Rico",18.1798235,-65.87071089999999,Las Piedras,Restaurantes
Ruta 183 Bar & Grill,,"Las Piedras, 00771, Puerto Rico",18.1741762,-65.89278639999999,Las Piedras,Jangueo
Refranes Café Bar and Lounge,,"9688 PR-183, Las Piedras, 00771, Puerto Rico",18.1738369,-65.89097559999999,Las Piedras,Restaurantes
Al Toque Bar & Restaurant,,"636F+8G, Juncos, Las Piedras 00777, Puerto Rico",18.1746026,-65.8596693,Las Piedras,Restaurantes
Tijuana's Las Piedras,,"PR-204, Las Piedras, 00771, Puerto Rico",18.1876346,-65.8877701,Las Piedras,Restaurantes
Costa Rican Cantina,,"Calle Leopoldo Figureroa, Las Piedras, 00771, Puerto Rico",18.182054,-65.8636497,Las Piedras,Restaurantes
Mocca's Restaurant,,"Bo, 183 km.hm 19.2 Carr. Principal, Las Piedras, 00771, Puerto Rico",18.1742815,-65.8927904,Las Piedras,Restaurantes
El Obrero,,"273 C. Robles, San Juan, 00923, Puerto Rico",18.4003188,-66.04319079999999,Las Piedras,Restaurantes
Açaí Express,,"120 Carretera 183, Las Piedras, 00771, Puerto Rico",18.1746447,-65.8782264,Las Piedras,Restaurantes
La Lata Río Piedras,,"51 Av. Universidad, San Juan, 00925, Puerto Rico",18.4030857,-66.0535356,Las Piedras,Restaurantes
El Mexicano,,"1001 Av. Luis Muñoz Rivera, San Juan, 00925, Puerto Rico",18.402085,-66.056158,Las Piedras,Restaurantes
La Cajita China 2,,"C. Amalia Marín 14 C, San Juan, 00925, Puerto Rico",18.4015499,-66.0533047,Las Piedras,Restaurantes
Flor De Parcha,,"3 C. Saldaña, San Juan, 00925, Puerto Rico",18.4005273,-66.0518266,Las Piedras,Restaurantes
El Ocho De Río,,"URB SANTA RITA 102, 2403 Av. Universidad, San Juan, 00925, Puerto Rico",18.4029988,-66.0547291,Las Piedras,Restaurantes
XFC Chicken,,"1071 C. Monseñor William Jones, San Juan, 00925, Puerto Rico",18.3985096,-66.0459346,Las Piedras,Restaurantes
Las Piedras Bakery,,"179 C. José Celso Barbosa, Las Piedras, 00771, Puerto Rico",18.1840882,-65.8711821,Las Piedras,Restaurantes
Kingdom Café,,"Las Piedras 00771, Puerto Rico",18.1743012,-65.87895999999999,Las Piedras,Restaurantes
El Castillo Criollo Rest.,,"Centro comercial park gardens,expresó Trujillo alto, San Juan, 00926, Puerto Rico",18.3893974,-66.0315636,Las Piedras,Restaurantes
7 Pizza & Bar,,"Cll Eulogio Reyes, Las Piedras, 00771, Puerto Rico",18.1727302,-65.87790869999999,Las Piedras,Restaurantes
Los Calvos,,"830-836 Av. Simón Madera, San Juan, 00924, Puerto Rico",18.406544,-66.01962329999999,Las Piedras,Restaurantes
Chinese Food Asahi Sushi Bar,,"Av. Universidad, San Juan, 00925, Puerto Rico",18.4029781,-66.05555389999999,Las Piedras,Restaurantes
La Cueva del Chicken Inn,,"507 Av. Juan Ponce de León, San Juan, 00917, Puerto Rico",18.4168216,-66.05537009999999,Las Piedras,Restaurantes
Puerta del Mar Restaurant Inc.,,"Caretera 187 k.m 4.4, Loíza, 00772, Puerto Rico",18.4599254,-65.99158539999999,Las Piedras,Restaurantes
El Hipopótamo,,"880 PR-1, San Juan, 00927, Puerto Rico",18.4049252,-66.0567013,Las Piedras,Restaurantes
La Casa de Margie's Pinchos,,"15902, United States, Carretera 198, Humacao, 00791, Puerto Rico",18.1599489,-65.8389959,Las Piedras,Restaurantes
Dumpling,,"CW3V+7RF, Av. Universidad, San Juan, 00925, Puerto Rico",18.4031774,-66.0554629,Las Piedras,Restaurantes
El Platanal,,"Av. 65 de Infantería, San Juan, Carolina 00987, Puerto Rico",18.3986935,-65.99408749999999,Las Piedras,Restaurantes
Alcaldía Sport Bar,,"1006 Av. Juan Ponce de León, San Juan, 00924, Puerto Rico",18.4009876,-66.05229510000001,Las Piedras,Restaurantes
La Barranka,,"55XP+X4C, PR-924, Humacao, 00791, Puerto Rico",18.1999451,-65.8147412,Las Piedras,Restaurantes
Cuchifritos a la Dominicana,,"9XJF+4JV, Av. Principal, San Juan, 00926, Puerto Rico",18.3803636,-66.0259655,Las Piedras,Restaurantes
México Rico,,"45W6+27Q, PR-908, Humacao, 00791, Puerto Rico",18.1450868,-65.8392613,Las Piedras,Restaurantes
La esquina de la Alegría,,"76-98 Calle de Diego, San Juan, 00925, Puerto Rico",18.3984189,-66.0498711,Las Piedras,Restaurantes
La Jamberguera,,"Av. Tte. César Luis González, San Juan, 00918, Puerto Rico",18.4138206,-66.0654587,Las Piedras,Restaurantes
DESARROPE BY Vidy's,,"104 Av. Universidad, San Juan, 00925, Puerto Rico",18.4029816,-66.0548271,Las Piedras,Restaurantes
The Mofongo King,,"CW6J+XQM, Sergio Cuevas Bustamante, San Juan, 00918, Puerto Rico",18.4124621,-66.068073,Las Piedras,Restaurantes
El Refugio,,"CW3W+XHJ, Calle, San Juan, 00925, Puerto Rico",18.4049632,-66.05361200000002,Las Piedras,Restaurantes
Café Paraíso,,"1057 C. González, San Juan, 00925, Puerto Rico",18.3996865,-66.0528984,Las Piedras,Restaurantes
Lechonera Junior,,"133 Calle de Diego, San Juan, 00925, Puerto Rico",18.3985699,-66.04771769999999,Las Piedras,Restaurantes
El Ocho de Rio,,"102 Av. Universidad, San Juan, 00925, Puerto Rico",18.4029734,-66.05471949999999,Las Piedras,Restaurantes
Panaderos Bakery & Deli,,"228 Cll Colon, San Juan, 00926, Puerto Rico",18.3940823,-66.04536230000001,Las Piedras,Restaurantes
Cafetería San Miguel San Juan PR,,"913 Cll Durbec, San Juan, 00924, Puerto Rico",18.4043134,-66.00894079999999,Las Piedras,Restaurantes
Adam y Eva Café,,"99 P.º de Diego, San Juan, 00925, Puerto Rico",18.3985656,-66.0503545,Las Piedras,Restaurantes
787 Coffee,,"1001 Av. Juan Ponce de León, San Juan, 00925, Puerto Rico",18.4012303,-66.0521105,Las Piedras,Coffee Shops
The Frappe Factory,,"107 C. José Celso Barbosa, Las Piedras, 00771, Puerto Rico",18.1832491,-65.8684418,Las Piedras,Coffee Shops
Kingdom Café,,"Las Piedras 00771, Puerto Rico",18.1743012,-65.87895999999999,Las Piedras,Coffee Shops
Gourmet Kaffee,,"159 C. José Celso Barbosa, Las Piedras, 00771, Puerto Rico",18.1837541,-65.87035519999999,Las Piedras,Coffee Shops
The Blessing Coffe,,"Carr. 921 km 0.6, Las Piedras, 00771, Puerto Rico",18.1753116,-65.8640827,Las Piedras,Coffee Shops
Bocado Market Rio Piedras,,"9WXX+JCQ, C. Brumbaugh, San Juan, 00925, Puerto Rico",18.399025,-66.0513832,Las Piedras,Coffee Shops
Orange Coffee LLC,,"Puerto Rico 9917, Las Piedras, 00771, Puerto Rico",18.1729895,-65.8783563,Las Piedras,Coffee Shops
Paseo Coffee Shop,,"154 P.º de Diego, San Juan, 00925, Puerto Rico",18.3982305,-66.0476094,Las Piedras,Coffee Shops
Necesito cafe,,"Las Piedras, 00771, Puerto Rico",18.1754764,-65.8627266,Las Piedras,Coffee Shops
Pa'l Café,,"Av. Juan Ponce de León, San Juan, 00931, Puerto Rico",18.4043613,-66.0523991,Las Piedras,Coffee Shops
Arrope Café,,"51 Consuelo Carbo, San Juan, 00925, Puerto Rico",18.4034854,-66.0545068,Las Piedras,Coffee Shops
Café Comunión,,"51 P.º de Diego, San Juan, 00925, Puerto Rico",18.3988279,-66.0512504,Las Piedras,Coffee Shops
Hacienda San Pedro,,"211 Av. Ing. Manuel Domenech, San Juan, 00918, Puerto Rico",18.4151705,-66.0601792,Las Piedras,Coffee Shops
IUPICOOP Café,,"Centro de Estudiantes, Av. Universidad, San Juan, 00925, Puerto Rico",18.4044689,-66.04720429999999,Las Piedras,Coffee Shops
Starbene Caffe,,"4008 The Mall of San Juan Blvd #1000, San Juan, 00924, Puerto Rico",18.4124832,-66.0258967,Las Piedras,Coffee Shops
Cafetería ABEL,,"Río Piedras, Area de Piscina de la UPR, San Juan, 00917, Puerto Rico",18.4071825,-66.04653809999999,Las Piedras,Coffee Shops
Café Comunión,,"1616 PR-25, San Juan, 00909, Puerto Rico",18.4439231,-66.0657765,Las Piedras,Coffee Shops
Panismo,,"1054 C. González, San Juan, 00925, Puerto Rico",18.4001112,-66.05302859999999,Las Piedras,Coffee Shops
Mucho Gusto (RIO PIEDRAS),,"C. del Carmen, Rio Piedras, San Juan 00926, Puerto Rico",18.3983466,-66.0507633,Las Piedras,Coffee Shops
Estacion Frappe,,"6599+CFV, Las Piedras, 00771, Puerto Rico",18.2186128,-65.83131829999999,Las Piedras,Coffee Shops
Espresso Lab Coffee Shop,,"8020 Tartak St Hyatt Centric San Juan, Lobby, 8020 José M. Tartak Ave, Carolina, 00979, Puerto Rico",18.4406718,-66.02198229999999,Las Piedras,Coffee Shops
The Green Basket Market & Deli,,"120 Carretera 183, Las Piedras, 00771, Puerto Rico",18.1756627,-65.8785979,Las Piedras,Coffee Shops
Kafe To Go,,"Las Piedras, 00771, Puerto Rico",18.1794942,-65.87142399999999,Las Piedras,Coffee Shops
Cabrera Cafetería y Mini Market,,"103 Av. Universidad #105, San Juan, 00925, Puerto Rico",18.4031076,-66.05382,Las Piedras,Coffee Shops
Las Piedras Bakery,,"179 C. José Celso Barbosa, Las Piedras, 00771, Puerto Rico",18.1840882,-65.8711821,Las Piedras,Coffee Shops
Hacienda San Pedro,,"318 Avenida José de Diego, San Juan, 00923, Puerto Rico",18.4469101,-66.0679083,Las Piedras,Coffee Shops
Hazel Bar,,"1000 122 The Mall of San Juan Blvd, San Juan, 00926, Puerto Rico",18.4124925,-66.02525179999999,Las Piedras,Coffee Shops
Tropi Acai To Go,,"Carr. 921, Las Piedras, 00771, Puerto Rico",18.1751692,-65.8635608,Las Piedras,Coffee Shops
Cafeto,,"#k103, 1000 The Mall of San Juan Blvd, San Juan, 00924, Puerto Rico",18.4123507,-66.0260881,Las Piedras,Coffee Shops
Hacienda San Pedro,,"1350 Ashford Ave, San Juan, 00907, Puerto Rico",18.4550466,-66.0690455,Las Piedras,Coffee Shops
Coffee Tag,,"990 Av. Luis Muñoz Rivera, San Juan, 00927, Puerto Rico",18.403081,-66.0566537,Las Piedras,Coffee Shops
Dulces Sentidos Cakes,,"Las Piedras, 00771, Puerto Rico",18.1718178,-65.87998879999999,Las Piedras,Coffee Shops
Mocca's Restaurant,,"Bo, 183 km.hm 19.2 Carr. Principal, Las Piedras, 00771, Puerto Rico",18.1742815,-65.8927904,Las Piedras,Restaurantes
Hacienda San Pedro,,"CWGR+MP3 Popular Center, Av. Luis Muñoz Rivera, San Juan, 00917, Puerto Rico",18.4266438,-66.05819629999999,Las Piedras,Coffee Shops
El Rincón del Sabor Criollo,,"205 Calle de Diego, San Juan, 00925, Puerto Rico",18.398492,-66.04555959999999,Las Piedras,Coffee Shops
Lamberty's Bakery,,"465 Av. Luis Muñiz Souffront, San Juan, 00923, Puerto Rico",18.4047281,-66.0343106,Las Piedras,Coffee Shops
Victor's Cafe,,"54PG+3J8, C. José Celso Barbosa, Las Piedras, 00771, Puerto Rico",18.1851742,-65.8734131,Las Piedras,Coffee Shops
Alborada Cafetería,,"9WVV+QVC, C. Juan Ponce de León, San Juan, 00926, Puerto Rico",18.3944458,-66.0553573,Las Piedras,Coffee Shops
Salón Café - Av. Domenech,,"Las Américas Professional Center 400 Ave Domenech 104 A-B, San Juan, 00918, Puerto Rico",18.4126423,-66.0692876,Las Piedras,Coffee Shops
AlmaDulce,,"Carretera 198, Las Piedras, 00771, Puerto Rico",18.1867817,-65.8765309,Las Piedras,Coffee Shops
Sabor Frappé - Las Piedras,,"Bo Montones, PR-183 Km 20.5, Las Piedras, 00771, Puerto Rico",18.1741044,-65.8794236,Las Piedras,Coffee Shops
Wood Doughnuts Las Piedras,,"Little Food Truck Park, Las Piedras, 00771, Puerto Rico",18.1748054,-65.8794637,Las Piedras,Coffee Shops
Sin Prisa Coffee Shop,,"1804 C. Loíza, San Juan, 00911, Puerto Rico",18.4514175,-66.05944769999999,Las Piedras,Coffee Shops
Paolo's Coffee,,"401 C. del Parque, San Juan, 00912, Puerto Rico",18.4452617,-66.0658325,Las Piedras,Coffee Shops
Café La Estación,,"Ave. 65 Infanteria. Km 6.8 Int. PR-887 San Anton, Carolina, 00985, Puerto Rico",18.3979982,-65.9894111,Las Piedras,Coffee Shops
Hornofino Coffee Shop,,"Cupey Professional Mall, C. San Claudio, San Juan, 00926, Puerto Rico",18.3796425,-66.05394559999999,Las Piedras,Coffee Shops
Boca Boca Naturales,,"CX33+JRV, San Juan, 00931, Puerto Rico",18.4041037,-66.0454547,Las Piedras,Coffee Shops
Cafetería Gonzalo,,"Plaza del mercado, San Juan, 00925, Puerto Rico",18.3995246,-66.0482813,Las Piedras,Coffee Shops
Piccolo Latte,,"986 Cll 42 SE, San Juan, 00921, Puerto Rico",18.3995922,-66.0740545,Las Piedras,Coffee Shops
Café Paraíso,,"1057 C. González, San Juan, 00925, Puerto Rico",18.3996865,-66.0528984,Las Piedras,Coffee Shops
El buen comer,,"CX78+M65, C. Dr. Rafael López Sicardo, San Juan, 00923, Puerto Rico",18.4141351,-66.0343771,Las Piedras,Coffee Shops
Café Cuatro Sombras,,"259 C. del Recinto Sur, San Juan, 00901, Puerto Rico",18.4643249,-66.114336,Las Piedras,Coffee Shops
El Dugout bar artesano,,"Carr 198 k 20.5 Bo arenales, Las Piedras, 00771, Puerto Rico",18.1939181,-65.8827529,Las Piedras,Coffee Shops
Dnuevo Coffee Specialty,,"Santiago Iglesias #1501, Guaynabo, 00966, Puerto Rico",18.3797821,-66.0998987,Las Piedras,Coffee Shops
El Family: Café y mercado,,"23 C. Julián E. Blanco, San Juan, 00925, Puerto Rico",18.397904,-66.054416,Las Piedras,Coffee Shops
El Brother Café,,"777-779 Av. Roberto Sánchez Vilella, San Juan, 00924, Puerto Rico",18.4090009,-66.00070939999999,Las Piedras,Coffee Shops
EmpanadisimasPR,,"GK-44, Av. Roberto Sánchez Vilella, Carolina, 00982, Puerto Rico",18.4126819,-65.9982888,Las Piedras,Coffee Shops
Jackeline's Cafe,,"162 Calle de Diego, San Juan, 00925, Puerto Rico",18.3983352,-66.0465597,Las Piedras,Coffee Shops
Cafetería Jardín Criollo,,"133 Calle de Diego, San Juan, 00925, Puerto Rico",18.3985316,-66.04790969999999,Las Piedras,Coffee Shops
Le Pastisseria,,"65 #18, Las Piedras, 00771, Puerto Rico",18.1753322,-65.8978067,Las Piedras,Coffee Shops
Las Piedras Bakery,,"179 C. José Celso Barbosa, Las Piedras, 00771, Puerto Rico",18.1840882,-65.8711821,Las Piedras,Panaderías
Kingdom Café,,"Las Piedras 00771, Puerto Rico",18.1743012,-65.87895999999999,Las Piedras,Panaderías
Las Piñas Bakery Las Piedras,,"53FX+WHJ, Las Piedras, 00771, Puerto Rico",18.1748337,-65.9011228,Las Piedras,Panaderías
Panadería Oriente Café,,"Calle Antonio Barcelo, Las Piedras 00771, Puerto Rico",18.1899222,-65.8799417,Las Piedras,Panaderías
Panadería Del Pueblo,,"1-41 Av. Jesús Toribio Piñero, Las Piedras, 00771, Puerto Rico",18.1835077,-65.8697631,Las Piedras,Panaderías
Panadería La Creación 2,,"54FR+JC9, C. Antonio Marquez, Las Piedras, 00771, Puerto Rico",18.1740298,-65.85890619999999,Las Piedras,Panaderías
Lamberty's Bakery,,"465 Av. Luis Muñiz Souffront, San Juan, 00923, Puerto Rico",18.4047281,-66.0343106,Las Piedras,Panaderías
Panaderos Bakery & Deli,,"228 Cll Colon, San Juan, 00926, Puerto Rico",18.3940823,-66.04536230000001,Las Piedras,Panaderías
La Taverna Social Bar,,"187 C. José Celso Barbosa, Las Piedras, 00771, Puerto Rico",18.1844009,-65.8716463,Las Piedras,Jangueo
La Vieja Escuela Bar & Grill,,"Carr 183, Km 22 Av. Jesús Toribio Piñero, Las Piedras, 00771, Puerto Rico",18.1797504,-65.8714057,Las Piedras,Jangueo
Ruta 183 Bar & Grill,,"Las Piedras, 00771, Puerto Rico",18.1741762,-65.89278639999999,Las Piedras,Jangueo
Costa Rican Cantina,,"Calle Leopoldo Figureroa, Las Piedras, 00771, Puerto Rico",18.182054,-65.8636497,Las Piedras,Jangueo
7 Pizza & Bar,,"Cll Eulogio Reyes, Las Piedras, 00771, Puerto Rico",18.1727302,-65.87790869999999,Las Piedras,Jangueo
Refranes Café Bar and Lounge,,"9688 PR-183, Las Piedras, 00771, Puerto Rico",18.1738369,-65.89097559999999,Las Piedras,Jangueo
Mocca's Restaurant,,"Bo, 183 km.hm 19.2 Carr. Principal, Las Piedras, 00771, Puerto Rico",18.1742815,-65.8927904,Las Piedras,Restaurantes
El Refugio,,"CW3W+XHJ, Calle, San Juan, 00925, Puerto Rico",18.4049632,-66.05361200000002,Las Piedras,Jangueo
Al Toque Bar & Restaurant,,"636F+8G, Juncos, Las Piedras 00777, Puerto Rico",18.1746026,-65.8596693,Las Piedras,Restaurantes
Tijuana's Las Piedras,,"PR-204, Las Piedras, 00771, Puerto Rico",18.1876346,-65.8877701,Las Piedras,Jangueo
Guacamole al Fresco,,"30 Av. Jesús Toribio Piñero, Las Piedras, 00771, Puerto Rico",18.1798235,-65.87071089999999,Las Piedras,Jangueo
PLACITA FOOD TRUCK,,"54GF+PGV, Las Piedras, 00771, Puerto Rico",18.1762195,-65.8757692,Las Piedras,Food Trucks
Little Town Food Truck Park,,"al lado de Walgreens, Carretera 183, Las Piedras, 00771, Puerto Rico",18.1740942,-65.87931739999999,Las Piedras,Food Trucks
El Socio Food Truck,,"45 Av. Jesús Toribio Piñero, Las Piedras, 00771, Puerto Rico",18.1803367,-65.87061899999999,Las Piedras,Food Trucks
Rellenas Nocturnas - Foodtruck,,"54FF+H7H, Las Piedras, 00771, Puerto Rico",18.1740477,-65.87671499999999,Las Piedras,Food Trucks
Tripleta El Famoso Food Truck,,"Km 79.2, PR-3, Humacao, 00791, Puerto Rico",18.145546,-65.8132372,Las Piedras,Food Trucks
Cupey Food Truck Park,,"PR-176, antes calle Tejas, Ave Victor M Labiosa, San Juan, 00926, Puerto Rico",18.375297,-66.05441569999999,Las Piedras,Food Trucks
Las Jibaritas Food Truck,,"Expreso Trujillo Alto, #181 Urb. Lago Alto, San Juan, Trujillo Alto 00926, Puerto Rico",18.3649428,-66.00714839999999,Las Piedras,Food Trucks
Chubi's Food truck,,"1004 C. Vallejo, San Juan, 00925, Puerto Rico",18.4010828,-66.0477709,Las Piedras,Food Trucks
Le Pastisseria,,"65 #18, Las Piedras, 00771, Puerto Rico",18.1753322,-65.8978067,Las Piedras,Postres
Mucho Gusto (RIO PIEDRAS),,"C. del Carmen, Rio Piedras, San Juan 00926, Puerto Rico",18.3983466,-66.0507633,Las Piedras,Postres
AlmaDulce,,"Carretera 198, Las Piedras, 00771, Puerto Rico",18.1867817,-65.8765309,Las Piedras,Postres
Las Piedras Bakery,,"179 C. José Celso Barbosa, Las Piedras, 00771, Puerto Rico",18.1840882,-65.8711821,Las Piedras,Postres
Panismo,,"1054 C. González, San Juan, 00925, Puerto Rico",18.4001112,-66.05302859999999,Las Piedras,Postres
Super Cake,,"Av. 65 de Infantería, San Juan, 00926, Puerto Rico",18.3944278,-66.03542589999999,Las Piedras,Postres
Dulces Sentidos Cakes,,"Las Piedras, 00771, Puerto Rico",18.1718178,-65.87998879999999,Las Piedras,Postres
Edielicious Cakes,,"Detrás del Correo de, Las Piedras, 00771, Puerto Rico",18.1796226,-65.8721813,Las Piedras,Postres
Kingdom Café,,"Las Piedras 00771, Puerto Rico",18.1743012,-65.87895999999999,Las Piedras,Postres
La Península Panadería y Repostería,,"408 Av. 65 de Infantería, San Juan, 00926, Puerto Rico",18.3943934,-66.03715009999999,Las Piedras,Postres
La Taverna Social Bar,,"187 C. José Celso Barbosa, Las Piedras, 00771, Puerto Rico",18.1844009,-65.8716463,Las Piedras,Jangueo
7 Pizza & Bar,,"Cll Eulogio Reyes, Las Piedras, 00771, Puerto Rico",18.1727302,-65.87790869999999,Las Piedras,Jangueo
Costa Rican Cantina,,"Calle Leopoldo Figureroa, Las Piedras, 00771, Puerto Rico",18.182054,-65.8636497,Las Piedras,Jangueo
Refranes Café Bar and Lounge,,"9688 PR-183, Las Piedras, 00771, Puerto Rico",18.1738369,-65.89097559999999,Las Piedras,Jangueo
Ruta 183 Bar & Grill,,"Las Piedras, 00771, Puerto Rico",18.1741762,-65.89278639999999,Las Piedras,Jangueo
Mocca's Restaurant,,"Bo, 183 km.hm 19.2 Carr. Principal, Las Piedras, 00771, Puerto Rico",18.1742815,-65.8927904,Las Piedras,Restaurantes
La Placita de Santurce,,"300 C. dos Hermanos, San Juan, 00909, Puerto Rico",18.4504555,-66.0705457,Las Piedras,Jangueo
Al Toque Bar & Restaurant,,"636F+8G, Juncos, Las Piedras 00777, Puerto Rico",18.1746026,-65.8596693,Las Piedras,Restaurantes
El Boricua,,"5 C. Saldaña, San Juan, 00925, Puerto Rico",18.4004908,-66.051732,Las Piedras,Jangueo
K´bitos Brothers Sport Bar,,"Carr 183 Bo KM 20.5, Las Piedras, 00771, Puerto Rico",18.1747396,-65.8792574,Las Piedras,Jangueo
Pa'l Bodegón Colmado & Sport Bar,,"Barrio Tejas Carr 908, Las Piedras 00771, Puerto Rico",18.1253116,-65.8758268,Las Piedras,Jangueo
Paraíso La Placita,,"252 C. dos Hermanos, San Juan, 00907, Puerto Rico",18.450398,-66.07092899999999,Las Piedras,Jangueo
Tulum La Placita,,"215 C. Canals, San Juan, 00907, Puerto Rico",18.4503123,-66.069675,Las Piedras,Jangueo
Tijuana's Las Piedras,,"PR-204, Las Piedras, 00771, Puerto Rico",18.1876346,-65.8877701,Las Piedras,Jangueo
Guacamole al Fresco,,"30 Av. Jesús Toribio Piñero, Las Piedras, 00771, Puerto Rico",18.1798235,-65.87071089999999,Las Piedras,Jangueo
Little Town Food Truck Park,,"al lado de Walgreens, Carretera 183, Las Piedras, 00771, Puerto Rico",18.1740942,-65.87931739999999,Las Piedras,Jangueo
Wagyu Burger by René,,"54FC+F8X, Cll Eulogio Reyes, Las Piedras, 00771, Puerto Rico",18.1744239,-65.8792521,Las Piedras,Jangueo
La Respuesta,,"1600 Av. Manuel Fernández Juncos, San Juan, 00909, Puerto Rico",18.4431578,-66.0675803,Las Piedras,Jangueo
El Refugio,,"CW3W+XHJ, Calle, San Juan, 00925, Puerto Rico",18.4049632,-66.05361200000002,Las Piedras,Jangueo
Beats Dance + Bites,,"1956 C. Loíza, San Juan, 00911, Puerto Rico",18.4509037,-66.0552398,Las Piedras,Jangueo
Club Brava,,"Fairmont Hotel, 6063 Av. Isla Verde, Carolina, 00979, Puerto Rico",18.4434829,-66.01810979999999,Las Piedras,Jangueo
Aguardiente Bar,,"204 C. Canals, San Juan, 00907, Puerto Rico",18.4504276,-66.0698446,Las Piedras,Jangueo
El Rey del Cruce,,"53FV+XVR, PR-917, Las Piedras, 00771, Puerto Rico",18.1749761,-65.90535059999999,Las Piedras,Jangueo
El Ensayo Café • Teatro • Bar,,"55 C. Robles, San Juan, 00925, Puerto Rico",18.3999393,-66.0506103,Las Piedras,Jangueo
El Ocho de Rio,,"102 Av. Universidad, San Juan, 00925, Puerto Rico",18.4029734,-66.05471949999999,Las Piedras,Jangueo
Alcaldía Sport Bar,,"1006 Av. Juan Ponce de León, San Juan, 00924, Puerto Rico",18.4009876,-66.05229510000001,Las Piedras,Jangueo
La Terapia,,"G2 C. O'Neill, San Juan, 00918, Puerto Rico",18.4220141,-66.0667891,Las Piedras,Jangueo
Bar El Deportivo,,"53GP+7GX, Puerto Rico 919, Las Piedras, Juncos 00771, Puerto Rico",18.1757394,-65.9136335,Las Piedras,Jangueo
La Vieja Escuela Bar & Grill,,"Carr 183, Km 22 Av. Jesús Toribio Piñero, Las Piedras, 00771, Puerto Rico",18.1797504,-65.8714057,Las Piedras,Jangueo
Ruta 183 Bar & Grill,,"Las Piedras, 00771, Puerto Rico",18.1741762,-65.89278639999999,Las Piedras,Jangueo
PLACITA FOOD TRUCK,,"54GF+PGV, Las Piedras, 00771, Puerto Rico",18.1762195,-65.8757692,Las Piedras,Jangueo
La Taverna Social Bar,,"187 C. José Celso Barbosa, Las Piedras, 00771, Puerto Rico",18.1844009,-65.8716463,Las Piedras,Jangueo
Rellenas Nocturnas - Foodtruck,,"54FF+H7H, Las Piedras, 00771, Puerto Rico",18.1740477,-65.87671499999999,Las Piedras,Jangueo
The Flight Park,,"CXPQ+R5G, Carolina, 00979, Puerto Rico",18.4370595,-66.01203989999999,Las Piedras,Jangueo
El Refugio,,"CW3W+XHJ, Calle, San Juan, 00925, Puerto Rico",18.4049632,-66.05361200000002,Las Piedras,Jangueo
Costa Rican Cantina,,"Calle Leopoldo Figureroa, Las Piedras, 00771, Puerto Rico",18.182054,-65.8636497,Las Piedras,Jangueo
Al Toque Bar & Restaurant,,"636F+8G, Juncos, Las Piedras 00777, Puerto Rico",18.1746026,-65.8596693,Las Piedras,Restaurantes
El Dugout bar artesano,,"Carr 198 k 20.5 Bo arenales, Las Piedras, 00771, Puerto Rico",18.1939181,-65.8827529,Las Piedras,Jangueo
Pearl of the Caribbean Rest & Bar,,"Urb, C. Principal, Las Piedras, 00771, Puerto Rico",18.1685745,-65.8747388,Las Piedras,Jangueo
7 Pizza & Bar,,"Cll Eulogio Reyes, Las Piedras, 00771, Puerto Rico",18.1727302,-65.87790869999999,Las Piedras,Jangueo
Mocca's Restaurant,,"Bo, 183 km.hm 19.2 Carr. Principal, Las Piedras, 00771, Puerto Rico",18.1742815,-65.8927904,Las Piedras,Restaurantes
Refranes Café Bar and Lounge,,"9688 PR-183, Las Piedras, 00771, Puerto Rico",18.1738369,-65.89097559999999,Las Piedras,Jangueo
Placita Díaz Cruz,,"PR-183, Las Piedras, 00771, Puerto Rico",18.1761523,-65.8756867,Las Piedras,Jangueo
Guacamole al Fresco,,"30 Av. Jesús Toribio Piñero, Las Piedras, 00771, Puerto Rico",18.1798235,-65.87071089999999,Las Piedras,Jangueo
Brisas BBQ,,"Bo. Sabana, Las Piedras, 00771, Puerto Rico",18.1754728,-65.8633249,Las Piedras,Jangueo
Pa'l Bodegón Colmado & Sport Bar,,"Barrio Tejas Carr 908, Las Piedras 00771, Puerto Rico",18.1253116,-65.8758268,Las Piedras,Jangueo
El Obrero,,"273 C. Robles, San Juan, 00923, Puerto Rico",18.4003188,-66.04319079999999,Las Piedras,Jangueo
The Green Basket Market & Deli,,"120 Carretera 183, Las Piedras, 00771, Puerto Rico",18.1756627,-65.8785979,Las Piedras,Jangueo
Romiar Sports Bar,,"Sector Sendo Lozada, Las Piedras, 00771, Puerto Rico",18.1352364,-65.8914212,Las Piedras,Jangueo
Sabrosos Limbers,,"Carretera 198, Las Piedras 00771, Puerto Rico",18.1975141,-65.889663,Las Piedras,Jangueo
El Ocho de Rio,,"102 Av. Universidad, San Juan, 00925, Puerto Rico",18.4029734,-66.05471949999999,Las Piedras,Jangueo
La Nueva Tasca,,"54JH+7MH, Av. Jesús Toribio Piñero, Las Piedras, 00771, Puerto Rico",18.1806834,-65.87077219999999,Las Piedras,Jangueo
Un Placer By Chef Luis Correa,,"Bo, Carretera 183 km 20.5, Las Piedras, 00771, Puerto Rico",18.1743539,-65.8794632,Las Piedras,Jangueo
Bella Vista,,"Ave Pk Gdns, San Juan, 00983, Puerto Rico",18.3889173,-66.0316184,Las Piedras,Jangueo
The Compadres Sports Bar,,"5459+7XR, Las Piedras, 00771, Puerto Rico",18.1582378,-65.8801096,Las Piedras,Jangueo
Chinese Food Asahi Sushi Bar,,"Av. Universidad, San Juan, 00925, Puerto Rico",18.4029781,-66.05555389999999,Las Piedras,Jangueo
Café Paraíso,,"1057 C. González, San Juan, 00925, Puerto Rico",18.3996865,-66.0528984,Las Piedras,Jangueo
K´bitos Brothers Sport Bar,,"Carr 183 Bo KM 20.5, Las Piedras, 00771, Puerto Rico",18.1747396,-65.8792574,Las Piedras,Jangueo
El Rey del Cruce,,"53FV+XVR, PR-917, Las Piedras, 00771, Puerto Rico",18.1749761,-65.90535059999999,Las Piedras,Jangueo
Tijuana's Las Piedras,,"PR-204, Las Piedras, 00771, Puerto Rico",18.1876346,-65.8877701,Las Piedras,Jangueo
El Punto 8 Sport Bar,,"901 Cll Hypolais, San Juan, 00924, Puerto Rico",18.4083342,-66.0077283,Las Piedras,Jangueo
El Carreton de Madeline,,"Jesus t piñero, PR-183, Las Piedras, 00771, Puerto Rico",18.1815513,-65.8703536,Las Piedras,Jangueo
- Plaza del Mercado de Río Piedras,,"1114 C. Vallejo, San Juan, 00925, Puerto Rico",18.3992273,-66.0481873,Las Piedras,Jangueo
Beauty Bar La Botica,,"16 C. José Celso Barbosa local #1, Las Piedras, 00771, Puerto Rico",18.1819195,-65.8644563,Las Piedras,Jangueo
The Queen Churros,,"137 C. José Celso Barbosa, Las Piedras, 00771, Puerto Rico",18.1837345,-65.8694167,Las Piedras,Jangueo
La placita nocturna,,"21 C. José Celso Barbosa, Las Piedras, 00771, Puerto Rico",18.1827519,-65.8654936,Las Piedras,Jangueo
Orange Coffee LLC,,"Puerto Rico 9917, Las Piedras, 00771, Puerto Rico",18.1729895,-65.8783563,Las Piedras,Jangueo
El Sabor Jayuyano,,"6C96+M9G, Paseo Los Maestros, Jayuya, 00664, Puerto Rico",18.219175,-66.5890403,Las Piedras,Jangueo
Flor De Parcha,,"3 C. Saldaña, San Juan, 00925, Puerto Rico",18.4005273,-66.0518266,Las Piedras,Jangueo
Los castros Sport and bar,,"44XH+7QJ, PR-9921, Tejas, Las Piedras 00771, Puerto Rico",18.1482176,-65.87060799999999,Las Piedras,Jangueo
Colmado Bar Las 3 Palmitas,,"44X7+8HJ, PR-917, Las Piedras, 00771, Puerto Rico",18.1483419,-65.8861159,Las Piedras,Jangueo
El Desvío Sports Bar and Restaurant,,"6CG4+4GW, PR-5141, Jayuya, 00664, Puerto Rico",18.2253608,-66.5936694,Las Piedras,Restaurantes
Colmado Bar El Resuelve,,"00771, Las Piedras, 00771, Puerto Rico",18.1827405,-65.8659363,Las Piedras,Jangueo
El Ensayo Café • Teatro • Bar,,"55 C. Robles, San Juan, 00925, Puerto Rico",18.3999393,-66.0506103,Las Piedras,Jangueo
Bar La Minita,,"1051 C. Vallejo, San Juan, 00925, Puerto Rico",18.3998359,-66.04746779999999,Las Piedras,Jangueo
Carmela Foods,,"54GF+PGV, Las Piedras, 00771, Puerto Rico",18.1768604,-65.8761923,Las Piedras,Jangueo
Las 3 J,,"54FF+22P, Cll Eulogio Reyes, Las Piedras, 00771, Puerto Rico",18.1725791,-65.8774068,Las Piedras,Jangueo
El Hipopótamo,,"880 PR-1, San Juan, 00927, Puerto Rico",18.4049252,-66.0567013,Las Piedras,Jangueo
Mario's Pizza,,"km2.1 Urbanizacion, Las Piedras, 00771, Puerto Rico",18.1774455,-65.8728187,Las Piedras,Jangueo
Joe's Pizza,,"54JM+XW3, Calle Jose Collazo, Las Piedras, 00771, Puerto Rico",18.1823912,-65.8651927,Las Piedras,Jangueo
Mil Amores Mexican Bar & Grill,,"922 C. Eider, San Juan, 00924, Puerto Rico",18.4045407,-66.0084293,Las Piedras,Jangueo
Naturola La Barra,,"5CR5+3X, Jayuya, 00664, Puerto Rico",18.19017,-66.5900554,Las Piedras,Jangueo
Las Campiñas Mini-Market,,"54F5+GXX, C. La Romana, Las Piedras 00771, Puerto Rico",18.1738564,-65.8900088,Las Piedras,Jangueo
Puerta del Mar Restaurant Inc.,,"Caretera 187 k.m 4.4, Loíza, 00772, Puerto Rico",18.4599254,-65.99158539999999,Las Piedras,Restaurantes
Bar El Deportivo,,"53GP+7GX, Puerto Rico 919, Las Piedras, Juncos 00771, Puerto Rico",18.1757394,-65.9136335,Las Piedras,Jangueo
Patria Mia,,"loma massini, Cll Eucalipto, Jayuya, 00664, Puerto Rico",18.2207517,-66.591478,Las Piedras,Jangueo
Restaurante fu sing las piedras,,"54MM+6F4, Las Piedras, 00771, Puerto Rico",18.1830166,-65.8662843,Las Piedras,Restaurantes
Bianca’s VIP Lounge,,"54JH+2HX, Las Piedras, 00771, Puerto Rico",18.1800884,-65.87107519999999,Las Piedras,Jangueo
Kiosko La Comay,,"PR-187, Loíza 00772, Puerto Rico",18.4461465,-65.9089971,Loíza,Restaurantes
El Parrilla,,"Carretera 187 Km. 23.5, Loíza, 00772, Puerto Rico",18.4235045,-65.8400996,Loíza,Restaurantes
Dónde Olga Bar & Restaurante,,"Carretera 187 kilometro4.5 torrecilla alta.Piñones Loiza Calle 82#19 V. Carolina Carolina P.R.00985, Campamento Piñones, Loíza 00977, Puerto Rico",18.4585216,-65.9896327,Loíza,Restaurantes
Kiosko El Boricua,,"PR-187, Loíza, 00983, Puerto Rico",18.4511875,-65.9601875,Loíza,Restaurantes
El Sazón de Sylvia,,"PR-187, Loíza 00772, Puerto Rico",18.423856,-65.8410675,Loíza,Restaurantes
MarBella Beach Club & Restaurant,,"Carretera 187 km 7.4 buzon 7557, C. Avenue Boca de Cangrejos, Piñones, Loíza 00772, Puerto Rico",18.4586883,-65.9887771,Loíza,Restaurantes
Restaurante Cultural Villa Pesquera Herrera de Loíza,,"PR-187 km 24.5, Loíza, 00772, Puerto Rico",18.423134,-65.829588,Loíza,Restaurantes
El Nuevo Acuario,,"Carretera 187, Punta Cangrejo (Piñones), Loíza 00772, Puerto Rico",18.4597267,-65.9913846,Loíza,Restaurantes
Rancho Alegre,,"Carr 187 KM 4.4 BO, Loíza, 00772, Puerto Rico",18.4584219,-65.989201,Loíza,Restaurantes
The Terrace Inc,,"Carretera 187 barrio torrecilla baja sector, Campamento Piñones, Loíza 00772, Puerto Rico",18.460155,-65.9917704,Loíza,Restaurantes
The New Reef,,"Campamento Piñones, Carolina, Loíza 00772, Puerto Rico",18.4600071,-65.9921949,Loíza,Restaurantes
Mi Casita Seafood,,"Km 5 PR-187, Carolina, Loíza 00772, Puerto Rico",18.4578141,-65.9859891,Loíza,Restaurantes
Puerta del Mar Restaurant Inc.,,"Caretera 187 k.m 4.4, Loíza, 00772, Puerto Rico",18.4599254,-65.99158539999999,Loíza,Restaurantes
Paladar Villa Fla & Guest House,,"Sector, Calle 23 #93, Loíza, 00772, Puerto Rico",18.4536999,-65.98264689999999,Loíza,Restaurantes
"PINONES.COM Restaurant, Bar & Grill",,"Bo. Piñones Carr 187, Sector Km 5.0, Loíza, 00972, Puerto Rico",18.4569239,-65.985473,Loíza,Jangueo
The Two Palms Kiosk,,"C3W5+MCV, Loíza 00772, Puerto Rico",18.4467292,-65.9414607,Loíza,Restaurantes
Carmín,,"PR-187, Carolina, Loíza 00772, Puerto Rico",18.4574133,-65.9862108,Loíza,Restaurantes
La Preñá - Calle Loíza,,"1810 C. Loíza, San Juan, 00911, Puerto Rico",18.4513787,-66.0591603,Loíza,Restaurantes
La Cueva del Mar | Calle Loíza,,"1904 C. Loíza, San Juan, 00911, Puerto Rico",18.4511951,-66.05754689999999,Loíza,Restaurantes
Los Pinos Café Calle Loíza,,"2054 C. Loíza, San Juan, 00911, Puerto Rico",18.4499568,-66.0520688,Loíza,Restaurantes
Ana's cafe Restaurant,,"Frente Tantalo, 1909 C. Loíza, San Juan, 00911, Puerto Rico",18.4513357,-66.0567897,Loíza,Restaurantes
La Casita Amarilla,,"F237+VGV, Campamento Piñones, Loíza 00903, Puerto Rico",18.4547375,-65.9862031,Loíza,Restaurantes
Molini's,,"1859 Puerto Rico, 1857 C. Loíza, San Juan, 00911, Puerto Rico",18.4511962,-66.0576397,Loíza,Restaurantes
Bebo's Café,,"1600 C. Loíza, San Juan, 00911, Puerto Rico",18.4517246,-66.06272109999999,Loíza,Restaurantes
EL BÚMERAN,,"A 45 C. Orquídea, Canovanas, Canóvanas 00729, Puerto Rico",18.3762681,-65.9146193,Loíza,Restaurantes
Raices Urbano,,"1961 C. Loíza, San Juan, 00911, Puerto Rico",18.4511681,-66.0553032,Loíza,Restaurantes
Pinky's Calle Loíza,,"1902 C. Loíza, San Juan, 00911, Puerto Rico",18.451136,-66.0576186,Loíza,Restaurantes
EL CHINCHO BBQ & SANDWICHES,,"1902 C. Loíza, San Juan, 00911, Puerto Rico",18.4511475,-66.0578132,Loíza,Restaurantes
El K'Rajo Beach Bar,,"PR-187 km 8.3, Loíza, 00772, Puerto Rico",18.4507958,-65.9574181,Loíza,Restaurantes
Escobar Restaurante,,"93GW+6Q4, Canóvanas, 00729, Puerto Rico",18.3748811,-65.9033376,Loíza,Restaurantes
Tresbé,,"1765 C. Loíza, San Juan, 00912, Puerto Rico",18.4516255,-66.0594546,Loíza,Restaurantes
La Chulería,,"1915 C. Loíza, San Juan, 00911, Puerto Rico",18.4511839,-66.0562557,Loíza,Restaurantes
Cuzco,,"1920 C. Loíza, San Juan, 00911, Puerto Rico",18.4510188,-66.05607669999999,Loíza,Restaurantes
Sinaloa Marisquería Mexicana,,"1953 C. Loíza, San Juan, 00911, Puerto Rico",18.4511279,-66.05578000000001,Loíza,Restaurantes
Zajori Gastro Show,,"bo. Santurce, 1859 C. Loíza local B, San Juan, 00911, Puerto Rico",18.4513381,-66.0576732,Loíza,Restaurantes
Néctar Restaurant - Puerto Rico,,"At Hyatt Regency Grand Reserve, 200 Coco Beach Blvd., Río Grande, 00745, Puerto Rico",18.4179749,-65.7942869,Loíza,Restaurantes
"Ekelekua - Brunch, Bar & Tapas",,"PR-3, Río Grande, 00745, Puerto Rico",18.3739705,-65.81367809999999,Loíza,Restaurantes
Pokemoto,,"1503 C. Loíza, San Juan, 00911, Puerto Rico",18.4521524,-66.0635231,Loíza,Restaurantes
Aquí se come bueno,,"2058 C. Loíza, San Juan, 00911, Puerto Rico",18.4499141,-66.05185949999999,Loíza,Restaurantes
Solo Pasta,,"2060 C. Loíza, San Juan, 00911, Puerto Rico",18.4500422,-66.05287179999999,Loíza,Restaurantes
Kumo Rooftop,,"2 José M. Tartak Ave, Carolina, 00979, Puerto Rico",18.4434675,-66.02304730000002,Loíza,Restaurantes
Loíza 2050,,"2050 C. Loíza, San Juan, 00911, Puerto Rico",18.4501486,-66.0526335,Loíza,Restaurantes
Veyvé Restaurante - The Mangú Place,,"2012 Av. Gilberto Monroig, San Juan, 00912, Puerto Rico",18.4452884,-66.0544781,Loíza,Restaurantes
Malabar Calle Loiza,,"calle Loiza, ESQ, 1908 C. Aponte Local A, San Juan, 00911, Puerto Rico",18.4510961,-66.0571184,Loíza,Restaurantes
Los Esmayaos Calle Loiza,,"1475 Av. Wilson, San Juan, 00907, Puerto Rico",18.4523574,-66.0643067,Loíza,Restaurantes
Sablée,,"1503 C. Loíza, San Juan, 00911, Puerto Rico",18.4521524,-66.0635231,Loíza,Restaurantes
Poliniza,,"57 Cjón. Báez, San Juan, 00918, Puerto Rico",18.4100911,-66.05469649999999,Loíza,Restaurantes
Leña Eh Food Truck,,"1006 PR-25, San Juan, 00901, Puerto Rico",18.4530985,-66.0785191,Loíza,Restaurantes
Seagrapes Restaurant St. Regis Bahia Beach Hotel,,"PR-187, Río Grande 00745, Puerto Rico",18.4120716,-65.8193963,Loíza,Restaurantes
Acapulco Taquería Mexicana,,"2021 C. Loíza, San Juan, 00911, Puerto Rico",18.4507372,-66.0535562,Loíza,Restaurantes
Café con Cé,,"1765 C. Loíza, San Juan, 00911, Puerto Rico",18.4516472,-66.0594448,Loíza,Coffee Shops
Sin Prisa Coffee Shop,,"1804 C. Loíza, San Juan, 00911, Puerto Rico",18.4514175,-66.05944769999999,Loíza,Coffee Shops
Cafe Nineteen,,"1952 C. Loíza, San Juan, 00911, Puerto Rico",18.4509753,-66.05564389999999,Loíza,Coffee Shops
Barista Mafia,,"2002 C. Loíza, San Juan, 00911, Puerto Rico",18.4507778,-66.05458329999999,Loíza,Coffee Shops
Pinky's Calle Loíza,,"1902 C. Loíza, San Juan, 00911, Puerto Rico",18.451136,-66.0576186,Loíza,Coffee Shops
Las Reinas De La Piña Colada,,"PR-187, Loiza, Loíza 00772, Puerto Rico",18.4589726,-65.9872918,Loíza,Coffee Shops
Espresso Lab Coffee Shop,,"8020 Tartak St Hyatt Centric San Juan, Lobby, 8020 José M. Tartak Ave, Carolina, 00979, Puerto Rico",18.4406718,-66.02198229999999,Loíza,Coffee Shops
Luna Coffee & Latin Kitchen,,"352 Av. Américo Miranda, San Juan, 00927, Puerto Rico",18.3996731,-66.0681191,Loíza,Coffee Shops
Hacienda San Pedro,,"211 Av. Ing. Manuel Domenech, San Juan, 00918, Puerto Rico",18.4151705,-66.0601792,Loíza,Coffee Shops
Café Regina,,"1705 Calle Loiza Esquina, C. Taft, San Juan, 00911, Puerto Rico",18.4517914,-66.0609328,Loíza,Coffee Shops
Los Pinos Café Calle Loíza,,"2054 C. Loíza, San Juan, 00911, Puerto Rico",18.4499568,-66.0520688,Loíza,Coffee Shops
Kamoli,,"1706 C. Loíza, San Juan, 00911, Puerto Rico",18.4516132,-66.0611156,Loíza,Coffee Shops
Café Comunión,,"1616 PR-25, San Juan, 00909, Puerto Rico",18.4439231,-66.0657765,Loíza,Coffee Shops
Coffee Shop By Yaz,,"URB. VILLAS DE LOIZA, CALLE 2 D-10 LOCAL 1, Canóvanas, Loíza 00729, Puerto Rico",18.3787804,-65.8733207,Loíza,Coffee Shops
Molini's,,"1859 Puerto Rico, 1857 C. Loíza, San Juan, 00911, Puerto Rico",18.4511962,-66.0576397,Loíza,Coffee Shops
Boca Boca Generales,,"CX43+5XH, San Juan, 00923, Puerto Rico",18.4053911,-66.0449995,Loíza,Coffee Shops
CAFE CON CÉ,,"624 Calle Cerra, San Juan, 00907, Puerto Rico",18.4519107,-66.0798236,Loíza,Coffee Shops
Tafé - A café for the curious.,,"1905 C. Loíza Local A, San Juan, 00911, Puerto Rico",18.4512846,-66.056866,Loíza,Coffee Shops
Hacienda San Pedro,,"1350 Ashford Ave, San Juan, 00907, Puerto Rico",18.4550466,-66.0690455,Loíza,Coffee Shops
Lirey's Bakery,,"C4HC+3RX, PR-187, Loíza, 00772, Puerto Rico",18.4277316,-65.8778885,Loíza,Coffee Shops
A Pie Café,,"1964 C. Loíza, San Juan, 00911, Puerto Rico",18.4508496,-66.0548203,Loíza,Coffee Shops
DELICIOUS MILKSHAKES AND FRAPPES,,"F247+MXG, Carolina, Loíza 00772, Puerto Rico",18.4566942,-65.9850489,Loíza,Coffee Shops
Black Coffee House,,"PR-185 km. 5.5, Campo Rico, Canóvanas 00729, Puerto Rico",18.3375615,-65.88960399999999,Loíza,Coffee Shops
Bebo's Café,,"1600 C. Loíza, San Juan, 00911, Puerto Rico",18.4517246,-66.06272109999999,Loíza,Coffee Shops
Tostado* calle Loiza,,"1805 C. Loíza, San Juan, 00911, Puerto Rico",18.4518395,-66.0587223,Loíza,Coffee Shops
Bocado Market Rio Piedras,,"9WXX+JCQ, C. Brumbaugh, San Juan, 00925, Puerto Rico",18.399025,-66.0513832,Loíza,Coffee Shops
Sabor Criollo,,"C4P8+M2, Loíza 00772, Puerto Rico",18.4367329,-65.88499800000001,Loíza,Coffee Shops
Morena Coffee Express,,"PR-176 KM 1.4, San Juan, 00926, Puerto Rico",18.3808964,-66.0557651,Loíza,Coffee Shops
Cafetería Quisqueya,,"1918 C. Loíza, San Juan, 00911, Puerto Rico",18.4510211,-66.0563252,Loíza,Coffee Shops
El Cielo Coffee Shop,,"2250 Calle Celestial, Carolina, 00979, Puerto Rico",18.4316011,-66.00585749999999,Loíza,Coffee Shops
Un Buen Cafe,,"51 C. San Patricio, Pública, Loíza 00772, Puerto Rico",18.4329511,-65.8794767,Loíza,Coffee Shops
Café La Estación,,"Ave. 65 Infanteria. Km 6.8 Int. PR-887 San Anton, Carolina, 00985, Puerto Rico",18.3979982,-65.9894111,Loíza,Coffee Shops
Paolo's Coffee,,"401 C. del Parque, San Juan, 00912, Puerto Rico",18.4452617,-66.0658325,Loíza,Coffee Shops
Bakery Box,,"9X8R+MGG, Trujillo Alto, 00976, Puerto Rico",18.3665831,-66.0086367,Loíza,Coffee Shops
Gustos Coffee,,"CXPV+97M, Arrivals Ave, Carolina, 00979, Puerto Rico",18.4360159,-66.0072387,Loíza,Coffee Shops
Ice Cream & Limbers Calle Loiza,,"2051B C. Loíza, San Juan, 00911, Puerto Rico",18.4503227,-66.0526519,Loíza,Coffee Shops
Paseo Coffee Shop,,"154 P.º de Diego, San Juan, 00925, Puerto Rico",18.3982305,-66.0476094,Loíza,Coffee Shops
Hacienda San Pedro,,"318 Avenida José de Diego, San Juan, 00923, Puerto Rico",18.4469101,-66.0679083,Loíza,Coffee Shops
Starbene Caffe,,"4008 The Mall of San Juan Blvd #1000, San Juan, 00924, Puerto Rico",18.4124832,-66.0258967,Loíza,Coffee Shops
El Brother Café,,"777-779 Av. Roberto Sánchez Vilella, San Juan, 00924, Puerto Rico",18.4090009,-66.00070939999999,Loíza,Coffee Shops
Cafeto,,"#k103, 1000 The Mall of San Juan Blvd, San Juan, 00924, Puerto Rico",18.4123507,-66.0260881,Loíza,Coffee Shops
Hazel Bar,,"1000 122 The Mall of San Juan Blvd, San Juan, 00926, Puerto Rico",18.4124925,-66.02525179999999,Loíza,Coffee Shops
Tresbé,,"1765 C. Loíza, San Juan, 00912, Puerto Rico",18.4516255,-66.0594546,Loíza,Coffee Shops
Salón Café - Av. Domenech,,"Las Américas Professional Center 400 Ave Domenech 104 A-B, San Juan, 00918, Puerto Rico",18.4126423,-66.0692876,Loíza,Coffee Shops
La Coffeetera,,"1953 McLeary Ave, San Juan, 00911, Puerto Rico",18.4524252,-66.0554643,Loíza,Coffee Shops
EmpanadisimasPR,,"GK-44, Av. Roberto Sánchez Vilella, Carolina, 00982, Puerto Rico",18.4126819,-65.9982888,Loíza,Coffee Shops
"Pitirre Cafe Miramar, San Juan",,"FW3C+XG8, San Juan, 00907, Puerto Rico",18.4547222,-66.0785782,Loíza,Coffee Shops
Pasajero 17 @ EnBeta,,"5 Esquina, 1135 C. 2 Suite 1, San Juan, 00927, Puerto Rico",18.3909641,-66.0693564,Loíza,Coffee Shops
Don Ruiz Coffee - Freshmart,,"201 Calle Juan Kalaf, San Juan, 00918, Puerto Rico",18.4265331,-66.0709703,Loíza,Coffee Shops
Hornofino Coffee Shop,,"Cupey Professional Mall, C. San Claudio, San Juan, 00926, Puerto Rico",18.3796425,-66.05394559999999,Loíza,Coffee Shops
The Terrace Inc,,"Carretera 187 barrio torrecilla baja sector, Campamento Piñones, Loíza 00772, Puerto Rico",18.460155,-65.9917704,Loíza,Coffee Shops
Café Aficionado,,"504 Av. Luis Muñoz Rivera, San Juan, 00919, Puerto Rico",18.423912,-66.0584934,Loíza,Coffee Shops
IUPICOOP Café,,"Centro de Estudiantes, Av. Universidad, San Juan, 00925, Puerto Rico",18.4044689,-66.04720429999999,Loíza,Coffee Shops
JUST B CUZ - PUNTA LAS MARIAS,,"2413 C. Laurel Suite 2, San Juan, 00913, Puerto Rico",18.4519223,-66.0401734,Loíza,Coffee Shops
Hacienda San Pedro,,"CWGR+MP3 Popular Center, Av. Luis Muñoz Rivera, San Juan, 00917, Puerto Rico",18.4266438,-66.05819629999999,Loíza,Coffee Shops
Escobar Latte Art,,"Edificio Ila, 1055 Marginal Kennedy, San Juan, 00907, Puerto Rico",18.4330498,-66.086891,Loíza,Coffee Shops
Café Consciente,,"171 C. O'Neill, San Juan, 00918, Puerto Rico",18.4229816,-66.0624776,Loíza,Coffee Shops
Titalicious Restaurant & Catering,,"C4F9+R6M, PR-188, Canóvanas, Loíza 00772, Puerto Rico",18.4245871,-65.88194179999999,Loíza,Restaurantes
Tierra Adentro Coffee Shop,,"Calle Sta. Águeda, San Juan, 00926, Puerto Rico",18.3740435,-66.0543423,Loíza,Coffee Shops
Woops Minimart - Calle Loíza,,"Esquina Tapia, 2026 C. Loíza, San Juan, 00911, Puerto Rico",18.4501745,-66.0528976,Loíza,Coffee Shops
La Familia Bakery,,"94HG+VW4, Canóvanas, Loíza 00729, Puerto Rico",18.3796433,-65.87268639999999,Loíza,Panaderías
Loiza Bakery,,"C5J2+59G, Calle 3, Río Grande, Loíza 00772, Puerto Rico",18.4304394,-65.8490364,Loíza,Panaderías
Lirey's Bakery,,"C4HC+3RX, PR-187, Loíza, 00772, Puerto Rico",18.4277316,-65.8778885,Loíza,Panaderías
Panaderia El Cruze 2 La Yiyi,,"PR-187 Km 6.1, Loíza, 00772, Puerto Rico",18.4277088,-65.8778933,Loíza,Panaderías
Kasalta,,"1966 McLeary Ave, San Juan, 00911, Puerto Rico",18.45214,-66.0548566,Loíza,Panaderías
La Familia Bakery 4,,"A4 Cll Acacia, Canóvanas, 00729, Puerto Rico",18.3757199,-65.91345919999999,Loíza,Panaderías
The Ocean Bar & Rest.,,"sect. Piñones Bo. Torrecilla Baja, PR-187, Loíza, 00772, Puerto Rico",18.4594241,-65.99227379999999,Loíza,Jangueo
Superduper,,"1760 C. Loíza, San Juan, 00911, Puerto Rico",18.4515414,-66.06030249999999,Loíza,Jangueo
BOSCO,,"1918 C. Loíza Unit #3, San Juan, 00911, Puerto Rico",18.4509274,-66.05636059999999,Loíza,Jangueo
Iguana Bar,,"Carre 187 km 5.0, Loíza, 00772, Puerto Rico",18.4567976,-65.98521079999999,Loíza,Jangueo
El Cabo,,"PR-187, Carolina, Loíza 00772, Puerto Rico",18.4569308,-65.98541159999999,Loíza,Jangueo
Dónde Olga Bar & Restaurante,,"Carretera 187 kilometro4.5 torrecilla alta.Piñones Loiza Calle 82#19 V. Carolina Carolina P.R.00985, Campamento Piñones, Loíza 00977, Puerto Rico",18.4585216,-65.9896327,Loíza,Restaurantes
El K'Rajo Beach Bar,,"PR-187 km 8.3, Loíza, 00772, Puerto Rico",18.4507958,-65.9574181,Loíza,Jangueo
The Quarter Sport Bar,,"C2XV+XVX, Cangrejo Arriba, Carolina, Puerto Rico, Loíza 00772, Puerto Rico",18.4499767,-65.9552568,Loíza,Jangueo
La Casita Amarilla,,"F237+VGV, Campamento Piñones, Loíza 00903, Puerto Rico",18.4547375,-65.9862031,Loíza,Jangueo
Las Reinas De La Piña Colada,,"PR-187, Loiza, Loíza 00772, Puerto Rico",18.4589726,-65.9872918,Loíza,Jangueo
SunCity Rooftop Beach Bar & Restaurant,,"Calle Finca Piñones, Carolina, Loíza 00772, Puerto Rico",18.4594392,-65.9921092,Loíza,Restaurantes
The Terrace Inc,,"Carretera 187 barrio torrecilla baja sector, Campamento Piñones, Loíza 00772, Puerto Rico",18.460155,-65.9917704,Loíza,Jangueo
Antes De Lounge,,"1950 C. Loíza, San Juan, 00911, Puerto Rico",18.4510133,-66.0559052,Loíza,Jangueo
Camarero Sports Bar,,"94HF+HFR, PR-3, Canóvanas, Loíza 00729, Puerto Rico",18.3789768,-65.8763732,Loíza,Jangueo
Hyde bar lounge,,"1855 C. Loíza, San Juan, 00911, Puerto Rico",18.4514029,-66.0579005,Loíza,Jangueo
Equino's Sport Bar,,"5 Calle 2, Canóvanas, Loíza 00729, Puerto Rico",18.3794219,-65.87269669999999,Loíza,Jangueo
El Tap Beer Co.,,"1969 C. Loíza, San Juan, 00911, Puerto Rico",18.4510162,-66.0548103,Loíza,Jangueo
El Nuevo Cocotero,,"PR-188, Canóvanas, Loíza 00772, Puerto Rico",18.4249264,-65.881981,Loíza,Jangueo
Kiosko La Comay,,"PR-187, Loíza 00772, Puerto Rico",18.4461465,-65.9089971,Loíza,Jangueo
Aquí se come bueno,,"2058 C. Loíza, San Juan, 00911, Puerto Rico",18.4499141,-66.05185949999999,Loíza,Jangueo
The New Reef,,"Campamento Piñones, Carolina, Loíza 00772, Puerto Rico",18.4600071,-65.9921949,Loíza,Jangueo
MarBella Beach Club & Restaurant,,"Carretera 187 km 7.4 buzon 7557, C. Avenue Boca de Cangrejos, Piñones, Loíza 00772, Puerto Rico",18.4586883,-65.9887771,Loíza,Restaurantes
The Flight Park,,"CXPQ+R5G, Carolina, 00979, Puerto Rico",18.4370595,-66.01203989999999,Loíza,Jangueo
Furtivo Speakeasy,,"1501 C. Loíza, San Juan, 00911, Puerto Rico",18.4521156,-66.0635649,Loíza,Jangueo
Loiza Street Station Bar,,"FW2V+VPH, Cll María Moczo, San Juan, 00911, Puerto Rico",18.4521902,-66.0556418,Loíza,Jangueo
Burger & Wings Bar,,"2476 C. Loíza, San Juan, 00913, Puerto Rico",18.4503277,-66.038223,Loíza,Jangueo
Música Bar & Lounge PR,,"57 C. Loíza, San Juan, 00911, Puerto Rico",18.4492475,-66.0436315,Loíza,Jangueo
El Buho Sport Bar,,"5 Calle 2, Canóvanas, Loíza 00729, Puerto Rico",18.3793267,-65.8726835,Loíza,Jangueo
HP Tavern,,"202 C. Canals, San Juan, 00907, Puerto Rico",18.4505091,-66.0697577,Loíza,Jangueo
Bar El Grillo,,"PR-187 KM 23 4, Loíza, 00772, Puerto Rico",18.4237534,-65.840312,Loíza,Jangueo
Pinky's Calle Loíza,,"1902 C. Loíza, San Juan, 00911, Puerto Rico",18.451136,-66.0576186,Loíza,Jangueo
La Vuelta Bar & Cocktails,,"103 Cll Ismael Rivera, San Juan, 00911, Puerto Rico",18.4505335,-66.05408349999999,Loíza,Jangueo
La Cueva del Mar | Calle Loíza,,"1904 C. Loíza, San Juan, 00911, Puerto Rico",18.4511951,-66.05754689999999,Loíza,Jangueo
La Rumba Loíza,,"#67 C. San Patricio, Loíza, 00772, Puerto Rico",18.431672,-65.88007379999999,Loíza,Jangueo
Oasis Tapas & Lounge,,"Puerto Rico 6, 4 Condado Ave, San Juan, 00907, Puerto Rico",18.4567519,-66.0714175,Loíza,Jangueo
La Terraza de Bonanza,,"CWVP+QX5, Av. Eduardo Conde, San Juan, 00912, Puerto Rico",18.4443753,-66.0625064,Loíza,Jangueo
Zona 9 Bar & Grill + Billiards,,"1128B Av. Américo Miranda, San Juan, 00921, Puerto Rico",18.4008798,-66.07909339999999,Loíza,Jangueo
Puerta del Mar Restaurant Inc.,,"Caretera 187 k.m 4.4, Loíza, 00772, Puerto Rico",18.4599254,-65.99158539999999,Loíza,Restaurantes
Casilda Cocina Creativa & Sunset Rooftop,,"76 Las Nereidas Ave, Cataño, 00962, Puerto Rico",18.4413938,-66.1198035,Loíza,Jangueo
El Bar Bero,,"1507 C. Loíza, San Juan, 00911, Puerto Rico",18.4520567,-66.0629898,Loíza,Jangueo
La Cueva del Mar Isla Verde,,"8000 José M. Tartak Ave, Carolina, San Juan 00979, Puerto Rico",18.4393481,-66.0222187,Loíza,Jangueo
Charlie's Melodies,,"C5G3+5P8, PR-187, Río Grande, Loíza 00772, Puerto Rico",18.4254075,-65.8456664,Loíza,Jangueo
Kiosko El Boricua,,"PR-187, Loíza, 00983, Puerto Rico",18.4511875,-65.9601875,Loíza,Jangueo
Bebo's Café,,"1600 C. Loíza, San Juan, 00911, Puerto Rico",18.4517246,-66.06272109999999,Loíza,Jangueo
El Coco Frio,,"F256+CJX frente Negocio Donde Olga, Piñones, PR-187, Carolina, Loíza 00772, Puerto Rico",18.458612,-65.9883801,Loíza,Jangueo
Restaurante Cultural Villa Pesquera Herrera de Loíza,,"PR-187 km 24.5, Loíza, 00772, Puerto Rico",18.423134,-65.829588,Loíza,Restaurantes
Andy's Pub,,"707 Av. Hipódromo, San Juan, 00909, Puerto Rico",18.4463316,-66.0725578,Loíza,Jangueo
Cafetín El Hípico,,"Puerto Rico 187, Río Grande, Loíza, 00772, Puerto Rico",18.4267759,-65.8484814,Loíza,Jangueo
Boronía en la Placita,,"100 C. San Rafael, San Juan, 00907, Puerto Rico",18.4507638,-66.0703182,Loíza,Jangueo
Paladar Villa Fla & Guest House,,"Sector, Calle 23 #93, Loíza, 00772, Puerto Rico",18.4536999,-65.98264689999999,Loíza,Jangueo
El_Father_Bar&Grill,,"170 Cll Castro Viñas, San Juan, 00911, Puerto Rico",18.4481564,-66.0559708,Loíza,Jangueo
Carmín,,"PR-187, Carolina, Loíza 00772, Puerto Rico",18.4574133,-65.9862108,Loíza,Jangueo
Mojito Beach Bar- Isla Verde,,"Av. los Gobernadores, Carolina, 00979, Puerto Rico",18.4463175,-66.0019245,Loíza,Jangueo
Vagabundo Social Speakeasy,,"1265 C. Marginal Villamar, Carolina, 00979, Puerto Rico",18.4431544,-66.028471,Loíza,Jangueo
Mi Casita Seafood,,"Km 5 PR-187, Carolina, Loíza 00772, Puerto Rico",18.4578141,-65.9859891,Loíza,Jangueo
El Monopolio Sports Bar & Grill.,,"Loíza, 00772, Puerto Rico",18.426761,-65.84835319999999,Loíza,Jangueo
El Parrilla,,"Carretera 187 Km. 23.5, Loíza, 00772, Puerto Rico",18.4235045,-65.8400996,Loíza,Jangueo
Neiva,,"101 Cll María Moczo, San Juan, 00911, Puerto Rico",18.4509545,-66.0558982,Loíza,Jangueo
Vintage 254,,"254 C. dos Hermanos, San Juan, 00907, Puerto Rico",18.4503783,-66.0709522,Loíza,Jangueo
El Nuevo Acuario,,"Carretera 187, Punta Cangrejo (Piñones), Loíza 00772, Puerto Rico",18.4597267,-65.9913846,Loíza,Jangueo
Benítez Food Truck,,"PR-187, Loíza, 00772, Puerto Rico",18.4245227,-65.84264999999999,Loíza,Food Trucks
Loiceño foodtruck,,"C4GX+VF3, PR-187, Loíza, 00772, Puerto Rico",18.4271301,-65.8513397,Loíza,Food Trucks
La Cueva del Mar | Calle Loíza,,"1904 C. Loíza, San Juan, 00911, Puerto Rico",18.4511951,-66.05754689999999,Loíza,Food Trucks
Vereda Tropical,,"Carretera 187 kilometro 4.5 Piñones, Campamento Piñones, Loíza 00772, Puerto Rico",18.4581763,-65.98640499999999,Loíza,Food Trucks
Sabor a piñones,,"F257+4FM, C. Playa Interior, Carolina, Loíza 00772, Puerto Rico",18.4578162,-65.9863799,Loíza,Food Trucks
Miramar Food Truck Park,,"1006 Av. de la Constitución, San Juan, 00907, Puerto Rico",18.4531242,-66.07851149999999,Loíza,Food Trucks
Los Esmayaos Calle Loiza,,"1475 Av. Wilson, San Juan, 00907, Puerto Rico",18.4523574,-66.0643067,Loíza,Food Trucks
Pa'llevar Seafood,,"Loiza piñones, PR-187 KM.5 Hm6, Loíza, 00772, Puerto Rico",18.4567109,-65.9809057,Loíza,Food Trucks
Solo Pasta,,"2060 C. Loíza, San Juan, 00911, Puerto Rico",18.4500422,-66.05287179999999,Loíza,Food Trucks
Cangrejeros Food Truck Park,,"154 C. Eugenio Benítez Castaño, San Juan, 00911, Puerto Rico",18.4483937,-66.0572605,Loíza,Food Trucks
Leña Eh Food Truck,,"1006 PR-25, San Juan, 00901, Puerto Rico",18.4530985,-66.0785191,Loíza,Food Trucks
Pincholandia - La casa de las batidas naturales,,"F255+MC5, PR-187, Carolina, Loíza 00772, Puerto Rico",18.4591328,-65.99140609999999,Loíza,Food Trucks
I Love Piñones,,"F255+R5M, Carolina, Loíza 00772, Puerto Rico",18.4595769,-65.99207419999999,Loíza,Food Trucks
Kioscos Municipales de Piñones,,"F265+3CJ, PR-187, Carolina, Loíza 00772, Puerto Rico",18.4602033,-65.99148029999999,Loíza,Food Trucks
187 Pinchos y Algo Más,,"Carr 187 Medianía Alta, Loíza, 00772, Puerto Rico",18.4225805,-65.832064,Loíza,Food Trucks
Taco Rico Food Truck,,"FRENTE CANCHA CARLOS MIGUEL MANGUAL, PR-3 KM 19.7, Canovanas, Canóvanas 00729, Puerto Rico",18.3780095,-65.8720426,Loíza,Food Trucks
El Tripletón,,"103 C. Tapia #113, San Juan, 00911, Puerto Rico",18.4499156,-66.0526284,Loíza,Food Trucks
Amadeli Sweet & Salty Pizza,,"PR-187 KM 23.2, Medianía Alta, Loíza 00772, Puerto Rico",18.424612,-65.843496,Loíza,Postres
Ice Cream & Limbers Calle Loiza,,"2051B C. Loíza, San Juan, 00911, Puerto Rico",18.4503227,-66.0526519,Loíza,Postres
Lirey's Bakery,,"C4HC+3RX, PR-187, Loíza, 00772, Puerto Rico",18.4277316,-65.8778885,Loíza,Postres
Poliniza,,"57 Cjón. Báez, San Juan, 00918, Puerto Rico",18.4100911,-66.05469649999999,Loíza,Postres
La Heladería Funkyberry Ice Cream,,"1509 C. Loíza, San Juan, 00911, Puerto Rico",18.4520309,-66.0628186,Loíza,Postres
The Terrace Inc,,"Carretera 187 barrio torrecilla baja sector, Campamento Piñones, Loíza 00772, Puerto Rico",18.460155,-65.9917704,Loíza,Postres
Kiosko La Comay,,"PR-187, Loíza 00772, Puerto Rico",18.4461465,-65.9089971,Loíza,Postres
Dónde Olga Bar & Restaurante,,"Carretera 187 kilometro4.5 torrecilla alta.Piñones Loiza Calle 82#19 V. Carolina Carolina P.R.00985, Campamento Piñones, Loíza 00977, Puerto Rico",18.4585216,-65.9896327,Loíza,Restaurantes
La Crema Heladería,,"357 C. San Jorge, San Juan, 00911, Puerto Rico",18.445295,-66.0629998,Loíza,Postres
Beats Dance + Bites,,"1956 C. Loíza, San Juan, 00911, Puerto Rico",18.4509037,-66.0552398,Loíza,Jangueo
MarBella Beach Club & Restaurant,,"Carretera 187 km 7.4 buzon 7557, C. Avenue Boca de Cangrejos, Piñones, Loíza 00772, Puerto Rico",18.4586883,-65.9887771,Loíza,Restaurantes
Música Bar & Lounge PR,,"57 C. Loíza, San Juan, 00911, Puerto Rico",18.4492475,-66.0436315,Loíza,Jangueo
Dónde Olga Bar & Restaurante,,"Carretera 187 kilometro4.5 torrecilla alta.Piñones Loiza Calle 82#19 V. Carolina Carolina P.R.00985, Campamento Piñones, Loíza 00977, Puerto Rico",18.4585216,-65.9896327,Loíza,Restaurantes
Kiosko La Comay,,"PR-187, Loíza 00772, Puerto Rico",18.4461465,-65.9089971,Loíza,Jangueo
Toxic Night Club,,"613 Condado Ave, San Juan, 00907, Puerto Rico",18.450151,-66.0757145,Loíza,Jangueo
The Terrace Inc,,"Carretera 187 barrio torrecilla baja sector, Campamento Piñones, Loíza 00772, Puerto Rico",18.460155,-65.9917704,Loíza,Jangueo
Hyde bar lounge,,"1855 C. Loíza, San Juan, 00911, Puerto Rico",18.4514029,-66.0579005,Loíza,Jangueo
Antes De Lounge,,"1950 C. Loíza, San Juan, 00911, Puerto Rico",18.4510133,-66.0559052,Loíza,Jangueo
Tulum La Placita,,"215 C. Canals, San Juan, 00907, Puerto Rico",18.4503123,-66.069675,Loíza,Jangueo
EBO Lounge,,"213 C. Canals, San Juan, 00907, Puerto Rico",18.4503711,-66.0696165,Loíza,Jangueo
Paraíso La Placita,,"252 C. dos Hermanos, San Juan, 00907, Puerto Rico",18.450398,-66.07092899999999,Loíza,Jangueo
The New Reef,,"Campamento Piñones, Carolina, Loíza 00772, Puerto Rico",18.4600071,-65.9921949,Loíza,Jangueo
BOSCO,,"1918 C. Loíza Unit #3, San Juan, 00911, Puerto Rico",18.4509274,-66.05636059999999,Loíza,Jangueo
7eight7,,"1420 Av. Juan Ponce de León, San Juan, 00909, Puerto Rico",18.446972,-66.06976279999999,Loíza,Jangueo
Fifty Eight,,"1077 Ashford Ave, San Juan, 00907, Puerto Rico",18.4571525,-66.0733963,Loíza,Jangueo
El Parrilla,,"Carretera 187 Km. 23.5, Loíza, 00772, Puerto Rico",18.4235045,-65.8400996,Loíza,Jangueo
La Respuesta,,"1600 Av. Manuel Fernández Juncos, San Juan, 00909, Puerto Rico",18.4431578,-66.0675803,Loíza,Jangueo
Ready Go,,"bo, 1859 C. Loíza local B, San Juan, 00911, Puerto Rico",18.4513055,-66.0576884,Loíza,Jangueo
Aguardiente Bar,,"204 C. Canals, San Juan, 00907, Puerto Rico",18.4504276,-66.0698446,Loíza,Jangueo
El K'Rajo Beach Bar,,"PR-187 km 8.3, Loíza, 00772, Puerto Rico",18.4507958,-65.9574181,Loíza,Jangueo
SunCity Rooftop Beach Bar & Restaurant,,"Calle Finca Piñones, Carolina, Loíza 00772, Puerto Rico",18.4594392,-65.9921092,Loíza,Restaurantes
La Casita Amarilla,,"F237+VGV, Campamento Piñones, Loíza 00903, Puerto Rico",18.4547375,-65.9862031,Loíza,Jangueo
The Flight Park,,"CXPQ+R5G, Carolina, 00979, Puerto Rico",18.4370595,-66.01203989999999,Loíza,Jangueo
Furtivo Speakeasy,,"1501 C. Loíza, San Juan, 00911, Puerto Rico",18.4521156,-66.0635649,Loíza,Jangueo
Sand Trap Bar & Grill,,"200 Coco Beach Blvd., Río Grande, 00745, Puerto Rico",18.4183698,-65.7930606,Loíza,Jangueo
Taberna Los Vázquez,,"1348 C. Orbeta, San Juan, 00907, Puerto Rico",18.4505422,-66.0708305,Loíza,Jangueo
Restaurante Cultural Villa Pesquera Herrera de Loíza,,"PR-187 km 24.5, Loíza, 00772, Puerto Rico",18.423134,-65.829588,Loíza,Restaurantes
Kiosko El Boricua,,"PR-187, Loíza, 00983, Puerto Rico",18.4511875,-65.9601875,Loíza,Jangueo
Loiza Street Station Bar,,"FW2V+VPH, Cll María Moczo, San Juan, 00911, Puerto Rico",18.4521902,-66.0556418,Loíza,Jangueo
El Nuevo Acuario,,"Carretera 187, Punta Cangrejo (Piñones), Loíza 00772, Puerto Rico",18.4597267,-65.9913846,Loíza,Jangueo
Superduper,,"1760 C. Loíza, San Juan, 00911, Puerto Rico",18.4515414,-66.06030249999999,Loíza,Jangueo
Zul Rooftop,,"7 C. Gardenia, Carolina, 00979, Puerto Rico",18.4449426,-66.0164176,Loíza,Jangueo
Club Vibra,,"La Placita de Santurce, 251 C. Duffaut, San Juan, 00907, Puerto Rico",18.4506274,-66.0710976,Loíza,Jangueo
Carmín,,"PR-187, Carolina, Loíza 00772, Puerto Rico",18.4574133,-65.9862108,Loíza,Jangueo
Kumo Rooftop,,"2 José M. Tartak Ave, Carolina, 00979, Puerto Rico",18.4434675,-66.02304730000002,Loíza,Jangueo
Puerta del Mar Restaurant Inc.,,"Caretera 187 k.m 4.4, Loíza, 00772, Puerto Rico",18.4599254,-65.99158539999999,Loíza,Restaurantes
El Local en Santurce,,"1425 Av. Manuel Fernández Juncos, San Juan, 00907, Puerto Rico",18.4454447,-66.0708957,Loíza,Jangueo
Oasis Tapas & Lounge,,"Puerto Rico 6, 4 Condado Ave, San Juan, 00907, Puerto Rico",18.4567519,-66.0714175,Loíza,Jangueo
D'Girls Gentlemen After Hours Club and Sushi Bar,,"Marginal Baldorioty de Castro Sur &, C. Labra, San Juan, 00907, Puerto Rico",18.4526537,-66.0727428,Loíza,Jangueo
La Chulería,,"1915 C. Loíza, San Juan, 00911, Puerto Rico",18.4511839,-66.0562557,Loíza,Jangueo
El Tap Beer Co.,,"1969 C. Loíza, San Juan, 00911, Puerto Rico",18.4510162,-66.0548103,Loíza,Jangueo
Rafi's Restaurant Bar & Grill,,"187, km 4.5, Loíza, 00772, Puerto Rico",18.457347,-65.9855128,Loíza,Jangueo
MarBella Beach Club & Restaurant,,"Carretera 187 km 7.4 buzon 7557, C. Avenue Boca de Cangrejos, Piñones, Loíza 00772, Puerto Rico",18.4586883,-65.9887771,Loíza,Restaurantes
Dónde Olga Bar & Restaurante,,"Carretera 187 kilometro4.5 torrecilla alta.Piñones Loiza Calle 82#19 V. Carolina Carolina P.R.00985, Campamento Piñones, Loíza 00977, Puerto Rico",18.4585216,-65.9896327,Loíza,Restaurantes
El Cabo,,"PR-187, Carolina, Loíza 00772, Puerto Rico",18.4569308,-65.98541159999999,Loíza,Jangueo
The Terrace Inc,,"Carretera 187 barrio torrecilla baja sector, Campamento Piñones, Loíza 00772, Puerto Rico",18.460155,-65.9917704,Loíza,Jangueo
The New Reef,,"Campamento Piñones, Carolina, Loíza 00772, Puerto Rico",18.4600071,-65.9921949,Loíza,Jangueo
El K'Rajo Beach Bar,,"PR-187 km 8.3, Loíza, 00772, Puerto Rico",18.4507958,-65.9574181,Loíza,Jangueo
La Preñá - Calle Loíza,,"1810 C. Loíza, San Juan, 00911, Puerto Rico",18.4513787,-66.0591603,Loíza,Jangueo
Mojito Bar & Grill Hacienda Campo Rico,,"Mojito Bar, Carolina, 00985, Puerto Rico",18.4148785,-65.9461309,Loíza,Jangueo
Pacos Cafe,,"2480 C. Loíza, San Juan, 00913, Puerto Rico",18.4496384,-66.03814539999999,Loíza,Jangueo
Restaurante Cultural Villa Pesquera Herrera de Loíza,,"PR-187 km 24.5, Loíza, 00772, Puerto Rico",18.423134,-65.829588,Loíza,Restaurantes
Kiosko La Comay,,"PR-187, Loíza 00772, Puerto Rico",18.4461465,-65.9089971,Loíza,Jangueo
La Casita Amarilla,,"F237+VGV, Campamento Piñones, Loíza 00903, Puerto Rico",18.4547375,-65.9862031,Loíza,Jangueo
Bebo's Café,,"1600 C. Loíza, San Juan, 00911, Puerto Rico",18.4517246,-66.06272109999999,Loíza,Jangueo
The Flight Park,,"CXPQ+R5G, Carolina, 00979, Puerto Rico",18.4370595,-66.01203989999999,Loíza,Jangueo
Carmín,,"PR-187, Carolina, Loíza 00772, Puerto Rico",18.4574133,-65.9862108,Loíza,Jangueo
BOSCO,,"1918 C. Loíza Unit #3, San Juan, 00911, Puerto Rico",18.4509274,-66.05636059999999,Loíza,Jangueo
Puerta del Mar Restaurant Inc.,,"Caretera 187 k.m 4.4, Loíza, 00772, Puerto Rico",18.4599254,-65.99158539999999,Loíza,Restaurantes
El Parrilla,,"Carretera 187 Km. 23.5, Loíza, 00772, Puerto Rico",18.4235045,-65.8400996,Loíza,Jangueo
La Medica Barra de Cafe By Zinnia,,"L 583 Ave Pontezuela, Carolina, 00983, Puerto Rico",18.4265051,-65.9829383,Loíza,Jangueo
Kiosko El Boricua,,"PR-187, Loíza, 00983, Puerto Rico",18.4511875,-65.9601875,Loíza,Jangueo
Paladar Villa Fla & Guest House,,"Sector, Calle 23 #93, Loíza, 00772, Puerto Rico",18.4536999,-65.98264689999999,Loíza,Jangueo
Raices Urbano,,"1961 C. Loíza, San Juan, 00911, Puerto Rico",18.4511681,-66.0553032,Loíza,Jangueo
Sinaloa Marisquería Mexicana,,"1953 C. Loíza, San Juan, 00911, Puerto Rico",18.4511279,-66.05578000000001,Loíza,Jangueo
El Nuevo Acuario,,"Carretera 187, Punta Cangrejo (Piñones), Loíza 00772, Puerto Rico",18.4597267,-65.9913846,Loíza,Jangueo
Pinky's Calle Loíza,,"1902 C. Loíza, San Juan, 00911, Puerto Rico",18.451136,-66.0576186,Loíza,Jangueo
La Cueva del Mar | Calle Loíza,,"1904 C. Loíza, San Juan, 00911, Puerto Rico",18.4511951,-66.05754689999999,Loíza,Jangueo
Zajori Gastro Show,,"bo. Santurce, 1859 C. Loíza local B, San Juan, 00911, Puerto Rico",18.4513381,-66.0576732,Loíza,Jangueo
La Cueva del Mar Isla Verde,,"8000 José M. Tartak Ave, Carolina, San Juan 00979, Puerto Rico",18.4393481,-66.0222187,Loíza,Jangueo
COPAS Restobar,,"Country Club Shopping Plaza Local 7, Av. Roberto Sánchez Vilella, Carolina, 00983, Puerto Rico",18.4150108,-65.9907248,Loíza,Jangueo
Mi Casita Seafood,,"Km 5 PR-187, Carolina, Loíza 00772, Puerto Rico",18.4578141,-65.9859891,Loíza,Jangueo
Zul Rooftop,,"7 C. Gardenia, Carolina, 00979, Puerto Rico",18.4449426,-66.0164176,Loíza,Jangueo
"Bonding Food & Beer Garden - Carolina, Puerto Rico",,"65 Infantería Km.10.7 Carolina Industrial Park, Carolina, 00987, Puerto Rico",18.3760454,-65.9562345,Loíza,Jangueo
Bohiques Rest & Bar,,"58 Cll Hatillo, San Juan, 00918, Puerto Rico",18.4108905,-66.0550689,Loíza,Jangueo
Zimple Restaurant & Bar (Steakhouse & Seafood),,"75 Calle Calderón Mujica, Canóvanas, 00729, Puerto Rico",18.3784903,-65.9009047,Loíza,Restaurantes
Jalisco Restaurant & Sports Bar,,"15250 Av. 65 de Infantería, Carolina, 00987, Puerto Rico",18.3834561,-65.96732469999999,Loíza,Restaurantes
Sur Barra Nikkei,,"411 C. del Parque, Santurce, San Juan 00909, Puerto Rico",18.4451349,-66.0660314,Loíza,Jangueo
Echate Pa'k Bar & Grill,,"1-9 Cll 15, Carolina, 00985, Puerto Rico",18.3912089,-65.9669011,Loíza,Jangueo
La Chefi restaurante y barra,,"402 C. San Agustín, San Juan, 00901, Puerto Rico",18.4641101,-66.0953485,Loíza,Restaurantes
Música Bar & Lounge PR,,"57 C. Loíza, San Juan, 00911, Puerto Rico",18.4492475,-66.0436315,Loíza,Jangueo
Our House Rest & Bar,,"100 Av. San Patricio ST-10, Guaynabo, 00968, Puerto Rico",18.4081776,-66.1058065,Loíza,Jangueo
El Punto 8 Sport Bar,,"901 Cll Hypolais, San Juan, 00924, Puerto Rico",18.4083342,-66.0077283,Loíza,Jangueo
La Chulería,,"1915 C. Loíza, San Juan, 00911, Puerto Rico",18.4511839,-66.0562557,Loíza,Jangueo
Oasis Tapas & Lounge,,"Puerto Rico 6, 4 Condado Ave, San Juan, 00907, Puerto Rico",18.4567519,-66.0714175,Loíza,Jangueo
La Terraza de Bonanza,,"CWVP+QX5, Av. Eduardo Conde, San Juan, 00912, Puerto Rico",18.4443753,-66.0625064,Loíza,Jangueo
Furtivo Speakeasy,,"1501 C. Loíza, San Juan, 00911, Puerto Rico",18.4521156,-66.0635649,Loíza,Jangueo
AWWA Raw Bar,,"2 José M. Tartak Ave Carolina PR, 2 José M. Tartak Ave, Carolina, 00979, Puerto Rico",18.443247,-66.02300319999999,Loíza,Jangueo
Sand Trap Bar & Grill,,"200 Coco Beach Blvd., Río Grande, 00745, Puerto Rico",18.4183698,-65.7930606,Loíza,Jangueo
Kumo Rooftop,,"2 José M. Tartak Ave, Carolina, 00979, Puerto Rico",18.4434675,-66.02304730000002,Loíza,Jangueo
La Pastizzería Isla Verde,,"Isla Verde Mall, 187 Calle Dalia, Carolina, 00979, Puerto Rico",18.4426094,-66.0149752,Loíza,Jangueo
El Tap Beer Co.,,"1969 C. Loíza, San Juan, 00911, Puerto Rico",18.4510162,-66.0548103,Loíza,Jangueo
La Cantina Karaoke Bar & Restaurant,,"304 Av. Juan Ponce de León, San Juan, 00918, Puerto Rico",18.4245107,-66.0577606,Loíza,Restaurantes
Zona 9 Bar & Grill + Billiards,,"1128B Av. Américo Miranda, San Juan, 00921, Puerto Rico",18.4008798,-66.07909339999999,Loíza,Jangueo
Las Palmas Bar and Rest.,,"corner, Av. Las Palmas & Cll Ernesto Cerra, CWX9+CRC, San Juan, 00907, Puerto Rico",18.4485654,-66.0804722,Loíza,Jangueo
DESARROPE BY Vidy's,,"104 Av. Universidad, San Juan, 00925, Puerto Rico",18.4029816,-66.0548271,Loíza,Jangueo
Carabalí Bar & Grill,,"Avenida A, Luquillo 00773, Puerto Rico",18.3645181,-65.7636588,Loíza,Jangueo
Clave Sol Bar & Rest.,,"Bo. Hato Nuevo Sector El Laberinto Carr. #834 Km. 5.9, Guaynabo, 00971, Puerto Rico",18.3109316,-66.1043772,Loíza,Jangueo
Vagabundo Social Speakeasy,,"1265 C. Marginal Villamar, Carolina, 00979, Puerto Rico",18.4431544,-66.028471,Loíza,Jangueo
Destilado,,"7012 C. Avenue Boca de Cangrejos, Carolina, 00979, Puerto Rico",18.4433988,-66.0087518,Loíza,Jangueo
La Jamberguera,,"Av. Tte. César Luis González, San Juan, 00918, Puerto Rico",18.4138206,-66.0654587,Loíza,Jangueo
La Fonda Gourmet,,"111 Cll Fernández Garcia, Luquillo, 00773, Puerto Rico",18.3762692,-65.7157204,Luquillo,Restaurantes
El Hamberguito y algo Más,,"PR-3 Km 41.1, Luquillo, 00773, Puerto Rico",18.3523565,-65.6928448,Luquillo,Restaurantes
Rincón del Sabor,,"263 Cll Fernández Garcia, Luquillo, 00773, Puerto Rico",18.3743119,-65.71546900000001,Luquillo,Restaurantes
Terruño,,"PR-3, Luquillo, 00773, Puerto Rico",18.380364,-65.7367238,Luquillo,Restaurantes
La Parrilla,,"PR-193, Luquillo, 00773, Puerto Rico",18.3799454,-65.73818419999999,Luquillo,Restaurantes
"Simple Food -""Breakfast & Lunch""",,"60 Cll 14 De Julio, Luquillo, 00773, Puerto Rico",18.3760116,-65.71640239999999,Luquillo,Restaurantes
Carabalí Bar & Grill,,"Avenida A, Luquillo 00773, Puerto Rico",18.3645181,-65.7636588,Luquillo,Jangueo
Lolita's Mexican Food,,"C. 3, Luquillo, 00773, Puerto Rico",18.3522872,-65.68625639999999,Luquillo,Restaurantes
Boardrider's Surf Bar and Grill,,"US, 25 Calle Veve Calzada, Luquillo, 00773, Puerto Rico",18.376575,-65.7150545,Luquillo,Jangueo
SolÉo,,"Carr PR-3 marginal, Sector, Playa Fortuna, Luquillo 00773, Puerto Rico",18.3798151,-65.7456196,Luquillo,Restaurantes
El Jefe Burger Shack And Mojito Factory,,"Rout 3, KM 34.5, Cll 14 De Julio, Luquillo, 00773, Puerto Rico",18.3801864,-65.73729519999999,Luquillo,Restaurantes
TAKIRRIQUEÑO LUQUILLO,,"Km0.1 Carr.991, Luquillo, 00773, Puerto Rico",18.3634532,-65.7227772,Luquillo,Restaurantes
La Catrina Luquillo,,"152 Cll Fernández Garcia, Luquillo, 00773, Puerto Rico",18.3758351,-65.715042,Luquillo,Restaurantes
Sama,,"A2, Luquillo, 00773, Puerto Rico",18.3776902,-65.7161229,Luquillo,Restaurantes
Edelweiss Bar & Grill,,"C. Marginal, Luquillo, 00773, Puerto Rico",18.3807364,-65.7353749,Luquillo,Jangueo
Frutera Flores,,"Barrio mameyes 1 carr 3, km32 H 9, Luquillo, 00773, Puerto Rico",18.3761017,-65.7548683,Luquillo,Restaurantes
Asador Boricua,,"km32.9 PR-3, Luquillo, 00773, Puerto Rico",18.3749241,-65.7579934,Luquillo,Restaurantes
Luquillo Beach Bakery Brunch & Lunch,,"153 Calle Marginal, Playa Fortuna, Luquillo 00773, Puerto Rico",18.3795427,-65.743743,Luquillo,Restaurantes
Nativa Latin Cuisine,,"Luquillo, 00773, Puerto Rico",18.3801395,-65.7374829,Luquillo,Restaurantes
Revolution Pizza Shop,,"solar 34, Luquillo, 00773, Puerto Rico",18.3807469,-65.73562869999999,Luquillo,Restaurantes
El Tipico,,"119 Cll Fernández Garcia, Luquillo, 00773, Puerto Rico",18.3751949,-65.7154139,Luquillo,Restaurantes
Flor de Coco,,"Kiosko de Luquillo #53, Luquillo, 00773, Puerto Rico",18.381047,-65.7342857,Luquillo,Restaurantes
The Ossobuco,,"C. Marginal, Luquillo 00773, Puerto Rico",18.3811855,-65.7337417,Luquillo,Restaurantes
Rellena’o #40,,"Kiosko 40, PR-3, C. Marginal, Luquillo, 00773, Puerto Rico",18.3807668,-65.7352571,Luquillo,Restaurantes
Pézkame Restaurant,,"PR-3, Luquillo, 00773, Puerto Rico",18.3521692,-65.68555839999999,Luquillo,Restaurantes
Consorte Cuban Cuisine,,"119 Cll Fernández Garcia, Luquillo, 00773, Puerto Rico",18.376178,-65.715373,Luquillo,Restaurantes
A Fuego Bar & Restaurant,,"Kioskos de Luquillo #50, Luquillo, 00773, Puerto Rico",18.3809713,-65.7345346,Luquillo,Restaurantes
Bistro del Mar,,"La Pared, Cll Herminio Diaz Navarro, Luquillo, 00773, Puerto Rico",18.3774975,-65.7158784,Luquillo,Restaurantes
Vive La Vida Brunch & Waves,,"97HM+VFV, Calle C, Luquillo, 00773, Puerto Rico",18.3797448,-65.7163156,Luquillo,Restaurantes
ElArrecifeBar&Restaurant,,"3 C. Marginal, Luquillo, 00773, Puerto Rico",18.3806635,-65.7356331,Luquillo,Restaurantes
Isla Bayou,,"Calle: James Bond, San Juan, 00924, Puerto Rico",18.4012029,-65.9983295,Luquillo,Restaurantes
Latin Gyros,,"352 Cll Fernández Garcia, Luquillo, 00773, Puerto Rico",18.3718732,-65.715672,Luquillo,Restaurantes
"Restaurante Jibaro's Borinquen, Kiosko 22",,"Kiosko 22, Playa Fortuna, Luquillo 00773, Puerto Rico",18.3804132,-65.7364224,Luquillo,Restaurantes
El Cafecito Rústico,,"Km 41 3 Calle 4, Luquillo, 00773, Puerto Rico",18.3525323,-65.69252159999999,Luquillo,Restaurantes
Ernestina's Seafood Restaurant,,"11 Cll Soledad, Luquillo, 00773, Puerto Rico",18.3751798,-65.7159455,Luquillo,Restaurantes
Bungalu Rest & Bar,,"PR-968, Río Grande, 00745, Puerto Rico",18.3708828,-65.7686495,Luquillo,Restaurantes
La Ocho De Sylvia,,"97J6+2XR, Luquillo, 00773, Puerto Rico",18.3801132,-65.73760659999999,Luquillo,Restaurantes
Pasta Amor y Vino,,"68 Cll Fernández Garcia, Luquillo, 00773, Puerto Rico",18.3766514,-65.7166481,Luquillo,Restaurantes
Cafetería La Diferencia,,"35 Cll Roosevelt, Luquillo, 00773, Puerto Rico",18.3774593,-65.7176439,Luquillo,Restaurantes
Tu Viandon,,"97PF+5HQ, Luquillo, 00773, Puerto Rico",18.384811,-65.72935249999999,Luquillo,Restaurantes
Roof top front the beach by jibaro’s,,"97J7+69M Interstate PR3, Luquillo, 00773, Puerto Rico",18.3805888,-65.7365847,Luquillo,Restaurantes
Antojitos Restaurant,,"Balneario de Luquillo Carr. 3 Kiosko #23, Luquillo, 00773, Puerto Rico",18.3804745,-65.7365262,Luquillo,Restaurantes
La Roca Taina Kiosk,,"97J8+FGV, Playa Fortuna, Luquillo 00773, Puerto Rico",18.3812427,-65.7337112,Luquillo,Restaurantes
Roots Coastal Kitchen,,"6000 Blvd. Río Mar, Río Grande, 00745, Puerto Rico",18.3882989,-65.7556122,Luquillo,Restaurantes
The ocean on your table,,"Bo zarzal, PR-3 km. Hm29.7, Río Grande, 00745, Puerto Rico",18.3710419,-65.77974809999999,Luquillo,Restaurantes
La Cava de Terroir,,"966Q+QHX, Luquillo, 00773, Puerto Rico",18.3619794,-65.7610078,Luquillo,Restaurantes
Coffee Therapy PR,,"62 Cll Fernández Garcia, Luquillo, 00773, Puerto Rico",18.3766586,-65.7166249,Luquillo,Coffee Shops
Cafeína,,"segundo nivel de Boardriders, Luquillo, 00773, Puerto Rico",18.3766069,-65.7150557,Luquillo,Coffee Shops
Cold Wave Brunch & Bar,,"Calle 2, J5 Urb, Luquillo, 00773, Puerto Rico",18.3783354,-65.72164099999999,Luquillo,Coffee Shops
Luquillo Beach Bakery Brunch & Lunch,,"153 Calle Marginal, Playa Fortuna, Luquillo 00773, Puerto Rico",18.3795427,-65.743743,Luquillo,Coffee Shops
"Simple Food -""Breakfast & Lunch""",,"60 Cll 14 De Julio, Luquillo, 00773, Puerto Rico",18.3760116,-65.71640239999999,Luquillo,Coffee Shops
Urbina's Barista Coffee,,"Carr. #3, Bo KM 23.5, Río Grande, 00745, Puerto Rico",18.3784591,-65.83753709999999,Luquillo,Coffee Shops
Flor de Coco,,"Kiosko de Luquillo #53, Luquillo, 00773, Puerto Rico",18.381047,-65.7342857,Luquillo,Coffee Shops
Coffee at the View,,"Marginal Palmer, 197 Calle 10 Suite 1A, Río Grande, 00745, Puerto Rico",18.3708276,-65.77542,Luquillo,Coffee Shops
VGarden Caffé,,"I Ruiz Pagan lote B, C. H local 2, Luquillo, 00773, Puerto Rico",18.3755597,-65.720091,Luquillo,Coffee Shops
"Panderri Bakery & Restaurant /Breakfast, Lunch,Dinner & Brunch",,"Carretera 193, 4 Condominio, Luquillo, 00773, Puerto Rico",18.3802399,-65.7213572,Luquillo,Restaurantes
Cafetería La Diferencia,,"35 Cll Roosevelt, Luquillo, 00773, Puerto Rico",18.3774593,-65.7176439,Luquillo,Coffee Shops
Don Mavi Pr,,"977R+GGQ, PR-3, Luquillo, 00773, Puerto Rico",18.3636391,-65.707584,Luquillo,Coffee Shops
"Alicia's Bakery, Brunch & Lunch.",,"Calle 988 Parcelas, 314, Luquillo, 00773, Puerto Rico",18.346141,-65.7116418,Luquillo,Coffee Shops
Passion Berry,,"Kiosko #16, Kioskos de Luquillo, Luquillo, 00773, Puerto Rico",18.3802944,-65.7369938,Luquillo,Coffee Shops
El Cafecito Rústico,,"Km 41 3 Calle 4, Luquillo, 00773, Puerto Rico",18.3525323,-65.69252159999999,Luquillo,Coffee Shops
Café Jardín ECO-AMICA,,"Carr 991 km. 0.1, Luquillo, 00773, Puerto Rico",18.3633274,-65.7224988,Luquillo,Coffee Shops
Vive La Vida Brunch & Waves,,"97HM+VFV, Calle C, Luquillo, 00773, Puerto Rico",18.3797448,-65.7163156,Luquillo,Coffee Shops
Nesymar Coffee Shop,,"Carr. 191, Km.0 Hm.3, Palmer, Río Grande 00721, Puerto Rico",18.369914,-65.7699822,Luquillo,Coffee Shops
Antique Bakery,,"Luquillo, 00773, Puerto Rico",18.3735395,-65.7204498,Luquillo,Coffee Shops
Food court/Kioskos de Luquillo,,"97J8+CCX Kioskos de Luquillo, Luquillo, 00773, Puerto Rico",18.38112,-65.7339052,Luquillo,Coffee Shops
Capital Burger,,"64 Cll Fernández Garcia, Luquillo, 00773, Puerto Rico",18.3766412,-65.71658339999999,Luquillo,Coffee Shops
16 grados,,"Playa La Pared, Cll Herminio Diaz Navarro, Luquillo, 00773, Puerto Rico",18.3761659,-65.71465309999999,Luquillo,Coffee Shops
Latin Gyros,,"352 Cll Fernández Garcia, Luquillo, 00773, Puerto Rico",18.3718732,-65.715672,Luquillo,Coffee Shops
Frutera Flores,,"Barrio mameyes 1 carr 3, km32 H 9, Luquillo, 00773, Puerto Rico",18.3761017,-65.7548683,Luquillo,Coffee Shops
Luna Coffee & Latin Kitchen,,"352 Av. Américo Miranda, San Juan, 00927, Puerto Rico",18.3996731,-66.0681191,Luquillo,Coffee Shops
El Tipico,,"119 Cll Fernández Garcia, Luquillo, 00773, Puerto Rico",18.3751949,-65.7154139,Luquillo,Coffee Shops
Sin Prisa Coffee Shop,,"1804 C. Loíza, San Juan, 00911, Puerto Rico",18.4514175,-66.05944769999999,Luquillo,Coffee Shops
Gostosos exprés Luquillo,,"Playa la pared col, Cll Herminio Diaz Navarro, Luquillo, 00773, Puerto Rico",18.3759125,-65.7147299,Luquillo,Coffee Shops
TAKIRRIQUEÑO LUQUILLO,,"Km0.1 Carr.991, Luquillo, 00773, Puerto Rico",18.3634532,-65.7227772,Luquillo,Coffee Shops
Revolution Pizza Shop,,"solar 34, Luquillo, 00773, Puerto Rico",18.3807469,-65.73562869999999,Luquillo,Coffee Shops
Novas Cafe,,"I7 Av. Baralt, Fajardo, 00738, Puerto Rico",18.3366924,-65.663311,Luquillo,Coffee Shops
El Hamberguito y algo Más,,"PR-3 Km 41.1, Luquillo, 00773, Puerto Rico",18.3523565,-65.6928448,Luquillo,Coffee Shops
RICO PAN BAKERY 2,,"96CM+W2, Palmer, Río Grande 00745, Puerto Rico",18.3723208,-65.7673909,Luquillo,Coffee Shops
Kiosko #7 De Sonia Y Peyin,,"97J6+2WJ, Luquillo, 00773, Puerto Rico",18.3800841,-65.73772079999999,Luquillo,Coffee Shops
Las Vistas Café,,"#83 C. 2, Fajardo, 00738, Puerto Rico",18.3675806,-65.62512219999999,Luquillo,Coffee Shops
La Fonda Gourmet,,"111 Cll Fernández Garcia, Luquillo, 00773, Puerto Rico",18.3762692,-65.7157204,Luquillo,Coffee Shops
Espresso Lab Coffee Shop,,"8020 Tartak St Hyatt Centric San Juan, Lobby, 8020 José M. Tartak Ave, Carolina, 00979, Puerto Rico",18.4406718,-66.02198229999999,Luquillo,Coffee Shops
Hacienda San Pedro,,"1350 Ashford Ave, San Juan, 00907, Puerto Rico",18.4550466,-66.0690455,Luquillo,Coffee Shops
The Ossobuco,,"C. Marginal, Luquillo 00773, Puerto Rico",18.3811855,-65.7337417,Luquillo,Coffee Shops
Puerto Puro Coffee,,"PR-3, Luquillo, 00773, Puerto Rico",18.3806449,-65.7350842,Luquillo,Coffee Shops
Boardrider's Surf Bar and Grill,,"US, 25 Calle Veve Calzada, Luquillo, 00773, Puerto Rico",18.376575,-65.7150545,Luquillo,Jangueo
Terruño,,"PR-3, Luquillo, 00773, Puerto Rico",18.380364,-65.7367238,Luquillo,Coffee Shops
La Maquina Coffee Shop,,"PR-25, Santurce, San Juan 00907, Puerto Rico",18.4520625,-66.0763125,Luquillo,Coffee Shops
Panadería El Tropezón,,"18°22'08.1""N, W 1 Puerto Rico 2 #65°43'10.9, Guaynabo, Luquillo 00966, Puerto Rico",18.3689186,-65.7196821,Luquillo,Coffee Shops
La Medica Barra de Cafe By Zinnia,,"L 583 Ave Pontezuela, Carolina, 00983, Puerto Rico",18.4265051,-65.9829383,Luquillo,Coffee Shops
Emilee's Souvenirs,,"KIOSKO 46, BALNEARIO LA MONSERRATE, C. Marginal, Luquillo, 00773, Puerto Rico",18.3809016,-65.7348104,Luquillo,Coffee Shops
Hacienda San Pedro,,"211 Av. Ing. Manuel Domenech, San Juan, 00918, Puerto Rico",18.4151705,-66.0601792,Luquillo,Coffee Shops
Buen Amanecer,,"2 Calle A, Luquillo, 00773, Puerto Rico",18.3765461,-65.7201068,Luquillo,Coffee Shops
Drink&Play Rest.,,"97J7+6MR, C. Marginal, Luquillo, 00773, Puerto Rico",18.3806308,-65.7358739,Luquillo,Coffee Shops
Paolo's Coffee,,"401 C. del Parque, San Juan, 00912, Puerto Rico",18.4452617,-66.0658325,Luquillo,Coffee Shops
Hacienda San Pedro,,"318 Avenida José de Diego, San Juan, 00923, Puerto Rico",18.4469101,-66.0679083,Luquillo,Coffee Shops
Paseo Coffee Shop,,"154 P.º de Diego, San Juan, 00925, Puerto Rico",18.3982305,-66.0476094,Luquillo,Coffee Shops
Robertito Pizza,,"97GJ+R2W, Plaza De Oriente Shopping Center, PR-3, Luquillo, 00773, Puerto Rico",18.3770721,-65.72009369999999,Luquillo,Coffee Shops
El Cielo Coffee Shop,,"2250 Calle Celestial, Carolina, 00979, Puerto Rico",18.4316011,-66.00585749999999,Luquillo,Coffee Shops
El Cafecito,,"1000 Avenida El Conquistador, Fajardo, 00738, Puerto Rico",18.3590098,-65.6275283,Luquillo,Coffee Shops
Café Comunión,,"1616 PR-25, San Juan, 00909, Puerto Rico",18.4439231,-66.0657765,Luquillo,Coffee Shops
Boca Boca Generales,,"CX43+5XH, San Juan, 00923, Puerto Rico",18.4053911,-66.0449995,Luquillo,Coffee Shops
Gustos Coffee,,"CXPV+97M, Arrivals Ave, Carolina, 00979, Puerto Rico",18.4360159,-66.0072387,Luquillo,Coffee Shops
Sama,,"A2, Luquillo, 00773, Puerto Rico",18.3776902,-65.7161229,Luquillo,Coffee Shops
Café La Estación,,"Ave. 65 Infanteria. Km 6.8 Int. PR-887 San Anton, Carolina, 00985, Puerto Rico",18.3979982,-65.9894111,Luquillo,Coffee Shops
Luquillo Beach Bakery Brunch & Lunch,,"153 Calle Marginal, Playa Fortuna, Luquillo 00773, Puerto Rico",18.3795427,-65.743743,Luquillo,Panaderías
Antique Bakery,,"Luquillo, 00773, Puerto Rico",18.3735395,-65.7204498,Luquillo,Panaderías
"Panderri Bakery & Restaurant /Breakfast, Lunch,Dinner & Brunch",,"Carretera 193, 4 Condominio, Luquillo, 00773, Puerto Rico",18.3802399,-65.7213572,Luquillo,Restaurantes
Panadería El Tropezón,,"18°22'08.1""N, W 1 Puerto Rico 2 #65°43'10.9, Guaynabo, Luquillo 00966, Puerto Rico",18.3689186,-65.7196821,Luquillo,Panaderías
"Alicia's Bakery, Brunch & Lunch.",,"Calle 988 Parcelas, 314, Luquillo, 00773, Puerto Rico",18.346141,-65.7116418,Luquillo,Panaderías
Charlene Homestyle Cakes,,"PR-3 Km 41.1, Luquillo, 00773, Puerto Rico",18.3526194,-65.69307119999999,Luquillo,Panaderías
Rico Pan Bakery,,"Zarzal, Río Grande 00745, Puerto Rico",18.3759833,-65.7865388,Luquillo,Panaderías
Panadería Monte Brisas,,"Ave el Conquistador, Fajardo, 00738, Puerto Rico",18.3423529,-65.6567853,Luquillo,Panaderías
Panadería Alturas de Río Grande,,"31 Calle 1 A, Río Grande, 00745, Puerto Rico",18.3789306,-65.8453158,Luquillo,Panaderías
A Fuego Bar & Restaurant,,"Kioskos de Luquillo #50, Luquillo, 00773, Puerto Rico",18.3809713,-65.7345346,Luquillo,Restaurantes
El Patio 773,,"Playa La Pared, Cll Herminio Diaz Navarro, Luquillo, 00773, Puerto Rico",18.3762695,-65.71467679999999,Luquillo,Jangueo
El Flamboyán,,"97JH+4CM, PR-193, Luquillo, 00773, Puerto Rico",18.3803293,-65.7214594,Luquillo,Jangueo
Boardrider's Surf Bar and Grill,,"US, 25 Calle Veve Calzada, Luquillo, 00773, Puerto Rico",18.376575,-65.7150545,Luquillo,Jangueo
Drink&Play Rest.,,"97J7+6MR, C. Marginal, Luquillo, 00773, Puerto Rico",18.3806308,-65.7358739,Luquillo,Jangueo
El Tipico,,"119 Cll Fernández Garcia, Luquillo, 00773, Puerto Rico",18.3751949,-65.7154139,Luquillo,Jangueo
Carabalí Bar & Grill,,"Avenida A, Luquillo 00773, Puerto Rico",18.3645181,-65.7636588,Luquillo,Jangueo
CNOTE Jazz Club,,"156 Cll Fernández Garcia, Luquillo, 00773, Puerto Rico",18.3756913,-65.714893,Luquillo,Jangueo
MojitoLab,,"7 C. Marginal, Luquillo, 00773, Puerto Rico",18.381074,-65.7340672,Luquillo,Jangueo
Calle 13 Mexican Cantina & Tequila Bar,,"Rout 3, Cll 13 De Julio KM 34.5, Luquillo, 00773, Puerto Rico",18.3802325,-65.7372567,Luquillo,Jangueo
El Jefe Burger Shack And Mojito Factory,,"Rout 3, KM 34.5, Cll 14 De Julio, Luquillo, 00773, Puerto Rico",18.3801864,-65.73729519999999,Luquillo,Jangueo
Edelweiss Bar & Grill,,"C. Marginal, Luquillo, 00773, Puerto Rico",18.3807364,-65.7353749,Luquillo,Jangueo
Bikini Sport Bar,,"Luquillo, 00773, Puerto Rico",18.3808717,-65.7348052,Luquillo,Jangueo
5 o'Clock Somewhere Bar,,"6000 Blvd. Río Mar, Río Grande, 00745, Puerto Rico",18.3889348,-65.75535479999999,Luquillo,Jangueo
Asador Boricua,,"km32.9 PR-3, Luquillo, 00773, Puerto Rico",18.3749241,-65.7579934,Luquillo,Jangueo
Rincón del Sabor,,"263 Cll Fernández Garcia, Luquillo, 00773, Puerto Rico",18.3743119,-65.71546900000001,Luquillo,Jangueo
La Parrilla,,"PR-193, Luquillo, 00773, Puerto Rico",18.3799454,-65.73818419999999,Luquillo,Jangueo
TAKIRRIQUEÑO LUQUILLO,,"Km0.1 Carr.991, Luquillo, 00773, Puerto Rico",18.3634532,-65.7227772,Luquillo,Jangueo
The Ossobuco,,"C. Marginal, Luquillo 00773, Puerto Rico",18.3811855,-65.7337417,Luquillo,Jangueo
"Restaurante Jibaro's Borinquen, Kiosko 22",,"Kiosko 22, Playa Fortuna, Luquillo 00773, Puerto Rico",18.3804132,-65.7364224,Luquillo,Restaurantes
Bungalu Rest & Bar,,"PR-968, Río Grande, 00745, Puerto Rico",18.3708828,-65.7686495,Luquillo,Jangueo
Gringos Sport And Bar,,"Luquillo, 00773, Puerto Rico",18.3809334,-65.73462649999999,Luquillo,Jangueo
Sama,,"A2, Luquillo, 00773, Puerto Rico",18.3776902,-65.7161229,Luquillo,Jangueo
La Monserrate Liquor Store,,"66 Cll Fernández Garcia, Luquillo, 00773, Puerto Rico",18.3764308,-65.7161713,Luquillo,Jangueo
Local’s BBQ&Grill,,"Playa La Pared, 9 Cll Herminio Diaz Navarro, Luquillo, 00773, Puerto Rico",18.3759641,-65.7146794,Luquillo,Food Trucks
Pa’l Yunque Food Park,,"96CJ+583, 34 1 min, Palmer, Río Grande 00745, Puerto Rico",18.3704101,-65.7692679,Luquillo,Food Trucks
"""FOOD TRUCK"" Luquillo",,"Cll Herminio Diaz Navarro, Luquillo, 00773, Puerto Rico",18.377378,-65.7156953,Luquillo,Food Trucks
El Patio 773,,"Playa La Pared, Cll Herminio Diaz Navarro, Luquillo, 00773, Puerto Rico",18.3762695,-65.71467679999999,Luquillo,Food Trucks
Rellena’o #40,,"Kiosko 40, PR-3, C. Marginal, Luquillo, 00773, Puerto Rico",18.3807668,-65.7352571,Luquillo,Food Trucks
TAKIRRIQUEÑO LUQUILLO,,"Km0.1 Carr.991, Luquillo, 00773, Puerto Rico",18.3634532,-65.7227772,Luquillo,Food Trucks
Los Taquitos Food Truck,,"Brisas Del Mar, Luquillo, 00773, Puerto Rico",18.3770327,-65.7204043,Luquillo,Food Trucks
The Famous Trailer Ribs,,"96HX+GW4, Playa Fortuna, Luquillo 00773, Puerto Rico",18.3787506,-65.7501262,Luquillo,Food Trucks
El Carretón de Leo,,"Calle 2, Luquillo, 00773, Puerto Rico",18.3768488,-65.7202423,Luquillo,Food Trucks
"Simple Food -""Breakfast & Lunch""",,"60 Cll 14 De Julio, Luquillo, 00773, Puerto Rico",18.3760116,-65.71640239999999,Luquillo,Food Trucks
PARAÍSO LIMÓN,,"Playa Fortuna, Luquillo 00773, Puerto Rico",18.3788588,-65.7415032,Luquillo,Food Trucks
"Restaurante Jibaro's Borinquen, Kiosko 22",,"Kiosko 22, Playa Fortuna, Luquillo 00773, Puerto Rico",18.3804132,-65.7364224,Luquillo,Restaurantes
Con-Tenedores Food Truck Park,,"45WP+3RH, Bo, Humacao, 00791, Puerto Rico",18.1451794,-65.8128978,Luquillo,Food Trucks
La Fonda Gourmet,,"111 Cll Fernández Garcia, Luquillo, 00773, Puerto Rico",18.3762692,-65.7157204,Luquillo,Food Trucks
Ta' Carbón - Smoke & Grill,,"Cll Fernández Garcia, Luquillo, 00773, Puerto Rico",18.3751859,-65.7154224,Luquillo,Food Trucks
Food court/Kioskos de Luquillo,,"97J8+CCX Kioskos de Luquillo, Luquillo, 00773, Puerto Rico",18.38112,-65.7339052,Luquillo,Food Trucks
7 Seas Food Park,,"Carr 987 Km 4.8, Las Croabas, Fajardo 00738, Puerto Rico",18.365248,-65.6350949,Luquillo,Food Trucks
Vive La Vida Brunch & Waves,,"97HM+VFV, Calle C, Luquillo, 00773, Puerto Rico",18.3797448,-65.7163156,Luquillo,Food Trucks
Miramar Food Truck Park,,"1006 Av. de la Constitución, San Juan, 00907, Puerto Rico",18.4531242,-66.07851149999999,Luquillo,Food Trucks
El Punto del Rico Coco,,"Río Grande, 00745, Puerto Rico",18.3663066,-65.7705545,Luquillo,Food Trucks
Kiosko #48,,"97J8+95F, Luquillo, 00773, Puerto Rico",18.3809469,-65.7345857,Luquillo,Food Trucks
Mi Favorito 2 #49,,"97J8+96R, Playa Fortuna, Luquillo 00773, Puerto Rico",18.3809806,-65.7344723,Luquillo,Food Trucks
El Jefe Burger Shack And Mojito Factory,,"Rout 3, KM 34.5, Cll 14 De Julio, Luquillo, 00773, Puerto Rico",18.3801864,-65.73729519999999,Luquillo,Food Trucks
Cupey Food Truck Park,,"PR-176, antes calle Tejas, Ave Victor M Labiosa, San Juan, 00926, Puerto Rico",18.375297,-66.05441569999999,Luquillo,Food Trucks
Leña Eh Food Truck,,"1006 PR-25, San Juan, 00901, Puerto Rico",18.4530985,-66.0785191,Luquillo,Food Trucks
Las Jibaritas Food Truck,,"Expreso Trujillo Alto, #181 Urb. Lago Alto, San Juan, Trujillo Alto 00926, Puerto Rico",18.3649428,-66.00714839999999,Luquillo,Food Trucks
Bistro del Mar,,"La Pared, Cll Herminio Diaz Navarro, Luquillo, 00773, Puerto Rico",18.3774975,-65.7158784,Luquillo,Food Trucks
Lechón Asado Food Truck in Luquillo,,"Calle, 97HH+7FW A y, PR-3, Luquillo, 00773, Puerto Rico",18.3782262,-65.7212871,Luquillo,Food Trucks
Luquillo Beach Bakery Brunch & Lunch,,"153 Calle Marginal, Playa Fortuna, Luquillo 00773, Puerto Rico",18.3795427,-65.743743,Luquillo,Postres
PalettAmérica Luquillo,,"119a Cll Fernández Garcia, Luquillo, 00773, Puerto Rico",18.3761157,-65.7154024,Luquillo,Postres
"Simple Food -""Breakfast & Lunch""",,"60 Cll 14 De Julio, Luquillo, 00773, Puerto Rico",18.3760116,-65.71640239999999,Luquillo,Postres
773 Ice Cream & Co.,,"53 Cll 14 De Julio, Luquillo, 00773, Puerto Rico",18.3766906,-65.7160569,Luquillo,Postres
"Panderri Bakery & Restaurant /Breakfast, Lunch,Dinner & Brunch",,"Carretera 193, 4 Condominio, Luquillo, 00773, Puerto Rico",18.3802399,-65.7213572,Luquillo,Restaurantes
Frutera Flores,,"Barrio mameyes 1 carr 3, km32 H 9, Luquillo, 00773, Puerto Rico",18.3761017,-65.7548683,Luquillo,Postres
Vive La Vida Brunch & Waves,,"97HM+VFV, Calle C, Luquillo, 00773, Puerto Rico",18.3797448,-65.7163156,Luquillo,Postres
Cafetería La Diferencia,,"35 Cll Roosevelt, Luquillo, 00773, Puerto Rico",18.3774593,-65.7176439,Luquillo,Postres
"Alicia's Bakery, Brunch & Lunch.",,"Calle 988 Parcelas, 314, Luquillo, 00773, Puerto Rico",18.346141,-65.7116418,Luquillo,Postres
Antique Bakery,,"Luquillo, 00773, Puerto Rico",18.3735395,-65.7204498,Luquillo,Postres
Flor de Coco,,"Kiosko de Luquillo #53, Luquillo, 00773, Puerto Rico",18.381047,-65.7342857,Luquillo,Postres
El Cafecito Rústico,,"Km 41 3 Calle 4, Luquillo, 00773, Puerto Rico",18.3525323,-65.69252159999999,Luquillo,Postres
Rincón del Sabor,,"263 Cll Fernández Garcia, Luquillo, 00773, Puerto Rico",18.3743119,-65.71546900000001,Luquillo,Postres
Cremaldi,,"60 Calle Unión, Fajardo, 00738, Puerto Rico",18.3286049,-65.6500516,Luquillo,Postres
CNOTE Jazz Club,,"156 Cll Fernández Garcia, Luquillo, 00773, Puerto Rico",18.3756913,-65.714893,Luquillo,Jangueo
El Patio 773,,"Playa La Pared, Cll Herminio Diaz Navarro, Luquillo, 00773, Puerto Rico",18.3762695,-65.71467679999999,Luquillo,Jangueo
Bikini Sport Bar,,"Luquillo, 00773, Puerto Rico",18.3808717,-65.7348052,Luquillo,Jangueo
El Flamboyán,,"97JH+4CM, PR-193, Luquillo, 00773, Puerto Rico",18.3803293,-65.7214594,Luquillo,Jangueo
Boardrider's Surf Bar and Grill,,"US, 25 Calle Veve Calzada, Luquillo, 00773, Puerto Rico",18.376575,-65.7150545,Luquillo,Jangueo
"Restaurante Jibaro's Borinquen, Kiosko 22",,"Kiosko 22, Playa Fortuna, Luquillo 00773, Puerto Rico",18.3804132,-65.7364224,Luquillo,Restaurantes
TAKIRRIQUEÑO LUQUILLO,,"Km0.1 Carr.991, Luquillo, 00773, Puerto Rico",18.3634532,-65.7227772,Luquillo,Jangueo
El Jefe Burger Shack And Mojito Factory,,"Rout 3, KM 34.5, Cll 14 De Julio, Luquillo, 00773, Puerto Rico",18.3801864,-65.73729519999999,Luquillo,Jangueo
El Patio 773,,"Playa La Pared, Cll Herminio Diaz Navarro, Luquillo, 00773, Puerto Rico",18.3762695,-65.71467679999999,Luquillo,Jangueo
El Tipico,,"119 Cll Fernández Garcia, Luquillo, 00773, Puerto Rico",18.3751949,-65.7154139,Luquillo,Jangueo
Carabalí Bar & Grill,,"Avenida A, Luquillo 00773, Puerto Rico",18.3645181,-65.7636588,Luquillo,Jangueo
Bikini Sport Bar,,"Luquillo, 00773, Puerto Rico",18.3808717,-65.7348052,Luquillo,Jangueo
A Fuego Bar & Restaurant,,"Kioskos de Luquillo #50, Luquillo, 00773, Puerto Rico",18.3809713,-65.7345346,Luquillo,Restaurantes
El Flamboyán,,"97JH+4CM, PR-193, Luquillo, 00773, Puerto Rico",18.3803293,-65.7214594,Luquillo,Jangueo
ElArrecifeBar&Restaurant,,"3 C. Marginal, Luquillo, 00773, Puerto Rico",18.3806635,-65.7356331,Luquillo,Restaurantes
The Sweet Corner Co.,,"La pared beach, Luquillo, 00773, Puerto Rico",18.3762465,-65.71472659999999,Luquillo,Jangueo
Rincón del Sabor,,"263 Cll Fernández Garcia, Luquillo, 00773, Puerto Rico",18.3743119,-65.71546900000001,Luquillo,Jangueo
Drink&Play Rest.,,"97J7+6MR, C. Marginal, Luquillo, 00773, Puerto Rico",18.3806308,-65.7358739,Luquillo,Jangueo
Boardrider's Surf Bar and Grill,,"US, 25 Calle Veve Calzada, Luquillo, 00773, Puerto Rico",18.376575,-65.7150545,Luquillo,Jangueo
MojitoLab,,"7 C. Marginal, Luquillo, 00773, Puerto Rico",18.381074,-65.7340672,Luquillo,Jangueo
La Fonda Gourmet,,"111 Cll Fernández Garcia, Luquillo, 00773, Puerto Rico",18.3762692,-65.7157204,Luquillo,Jangueo
El Jefe Burger Shack And Mojito Factory,,"Rout 3, KM 34.5, Cll 14 De Julio, Luquillo, 00773, Puerto Rico",18.3801864,-65.73729519999999,Luquillo,Jangueo
"Restaurante Jibaro's Borinquen, Kiosko 22",,"Kiosko 22, Playa Fortuna, Luquillo 00773, Puerto Rico",18.3804132,-65.7364224,Luquillo,Restaurantes
Nativa Latin Cuisine,,"Luquillo, 00773, Puerto Rico",18.3801395,-65.7374829,Luquillo,Jangueo
TAKIRRIQUEÑO LUQUILLO,,"Km0.1 Carr.991, Luquillo, 00773, Puerto Rico",18.3634532,-65.7227772,Luquillo,Jangueo
Edelweiss Bar & Grill,,"C. Marginal, Luquillo, 00773, Puerto Rico",18.3807364,-65.7353749,Luquillo,Jangueo
CNOTE Jazz Club,,"156 Cll Fernández Garcia, Luquillo, 00773, Puerto Rico",18.3756913,-65.714893,Luquillo,Jangueo
La Parrilla,,"PR-193, Luquillo, 00773, Puerto Rico",18.3799454,-65.73818419999999,Luquillo,Jangueo
Terruño,,"PR-3, Luquillo, 00773, Puerto Rico",18.380364,-65.7367238,Luquillo,Jangueo
Revolution Pizza Shop,,"solar 34, Luquillo, 00773, Puerto Rico",18.3807469,-65.73562869999999,Luquillo,Jangueo
Tu Viandon,,"97PF+5HQ, Luquillo, 00773, Puerto Rico",18.384811,-65.72935249999999,Luquillo,Jangueo
SOTO SPORT BAR & RESTAURANT,,"Urb, I11 Av. Baralt, Fajardo, 00738, Puerto Rico",18.3369602,-65.6629727,Luquillo,Restaurantes
Sama,,"A2, Luquillo, 00773, Puerto Rico",18.3776902,-65.7161229,Luquillo,Jangueo
Bungalu Rest & Bar,,"PR-968, Río Grande, 00745, Puerto Rico",18.3708828,-65.7686495,Luquillo,Jangueo
SolÉo,,"Carr PR-3 marginal, Sector, Playa Fortuna, Luquillo 00773, Puerto Rico",18.3798151,-65.7456196,Luquillo,Jangueo
Costa Azul Restaurant & Lounge,,"FG86+7WV, Manatí, 00674, Puerto Rico",18.46612,-66.4882155,Manatí,Restaurantes
Restaurant El Tren de Cano,,"Carr. #2 K.M 48.0, Manatí, 00674, Puerto Rico",18.4329615,-66.4773421,Manatí,Restaurantes
Freddy's Burger,,"Carretera 685 Manatí, Puerto Rico, Tierras Nuevas Poniente, Manatí 00674, Puerto Rico",18.4631655,-66.4926614,Manatí,Restaurantes
El Campito Restaurant Manati,,"PR-6668, Manatí, 00674, Puerto Rico",18.4193133,-66.4833885,Manatí,Restaurantes
Rock Out Café,,"Villa Maria Marginal A-1 Esquina, Calle Francisco Alvarez, Manatí, 00674, Puerto Rico",18.4305896,-66.4911499,Manatí,Restaurantes
El Mesón Sandwiches (Manatí),,"Carr. #2 km. 4.8 Esq. Carr. 149, Manatí, 00674, Puerto Rico",18.431249,-66.4756553,Manatí,Restaurantes
Sartenes,,"Coto Nte., Manatí, 00674, Puerto Rico",18.4389736,-66.4519262,Manatí,Restaurantes
Pollo Costero,,"Manatí, 00674, Puerto Rico",18.4476104,-66.4982184,Manatí,Restaurantes
K-feína Coffee Shop Manatí,,"PR-64Sxtfg3, Manatí, 00674, Puerto Rico",18.3792624,-66.4835458,Manatí,Restaurantes
Pastelillos Lamboy,,"carretera #2 kilometro 45.4, Manatí, 00674, Puerto Rico",18.4384773,-66.4529841,Manatí,Restaurantes
Donde no te ven,,"6684, Km. 0.4, Manatí, 00674, Puerto Rico",18.4668366,-66.49432890000001,Manatí,Restaurantes
PanPan Manati,,"PR-685 k.m. 4.7, Manatí, 00674, Puerto Rico",18.4655127,-66.4923165,Manatí,Restaurantes
Las Palmas Manati,,"Car. 685, Km. 6.5, Manatí, 00674, Puerto Rico",18.464549,-66.4751658,Manatí,Restaurantes
Rico Arepa,,"KM.HM 2.9 CARR 685 BO, Tierras Nuevas Poniente, Manatí 00674, Puerto Rico",18.4655895,-66.4863353,Manatí,Restaurantes
Veronica's Bakery,,"Puerto Rico 2, 00674, Manatí 00674, Puerto Rico",18.4358307,-66.4646437,Manatí,Restaurantes
Pa'l diente,,"Carr #2 km 46.1, Manatí 00674, Puerto Rico",18.4377139,-66.4602493,Manatí,Restaurantes
Wingstop,,"Km 50 PR-2, Manatí, 00674, Puerto Rico",18.4289181,-66.4976866,Manatí,Restaurantes
Fu Hou Sushi Bar,,"119 Carretera 149, Manatí, 00674, Puerto Rico",18.4312983,-66.47614109999999,Manatí,Restaurantes
Lechonera Rancho Alegre,,"Unnamed Road, CG9G+QRX, Manatí, 00674, Puerto Rico",18.4194886,-66.47289599999999,Manatí,Restaurantes
Atenas Bakery,,"Plaza Puerta del Sol, 7 PR-2 km. 49, Manatí, 00674, Puerto Rico",18.4306012,-66.4926997,Manatí,Restaurantes
LongHorn Steakhouse,,"Hotel Hyatt, PR-149 Carr Puerto Rico 2, Manatí, 00674, Puerto Rico",18.4342211,-66.4767198,Manatí,Restaurantes
Pa'l Alambique,,"Barrio Tierras Nueva Carr La Luisa 616, Km 0.4, Manati, Manatí 00674, Puerto Rico",18.4482841,-66.50194809999999,Manatí,Restaurantes
Mitaza Coffee House,,"PR-685 BO Km 2.6, Manatí, 00674, Puerto Rico",18.4483405,-66.4976712,Manatí,Restaurantes
Pura Pesca,,"Km. 3 Carr. 684 Barceloneta Puerto Rico, Barceloneta 00617, Puerto Rico",18.481543,-66.537786,Manatí,Restaurantes
El Nuevo Auténtico,,"Dropped Pin near Yeguada Vega Baja 00693, Vega Baja 00693, Puerto Rico",18.4817398,-66.42316869999999,Manatí,Restaurantes
K-feína Coffee Shop Manatí,,"PR-64Sxtfg3, Manatí, 00674, Puerto Rico",18.3792624,-66.4835458,Manatí,Coffee Shops
Coffee & Co. Bistro and Coffee Shop,,"Calle Flamboyan Edif. Oharrys SUITE 1, Manatí, 00674, Puerto Rico",18.4314784,-66.4821994,Manatí,Coffee Shops
D' La Torre Coffee Shop,,"00674 Calle Tito Piñero, Manatí, 00674, Puerto Rico",18.4304247,-66.4849408,Manatí,Coffee Shops
Mitaza Coffee House,,"PR-685 BO Km 2.6, Manatí, 00674, Puerto Rico",18.4483405,-66.4976712,Manatí,Coffee Shops
Wilo’s Café,,"Calle Orilla, Tierras Nuevas Poniente, Manatí 00674, Puerto Rico",18.4680843,-66.4963937,Manatí,Coffee Shops
Rustikka Coffee Shop,,"43 Calle Caribe, Manatí, 00674, Puerto Rico",18.4291513,-66.48877879999999,Manatí,Coffee Shops
Veronica's Bakery,,"Puerto Rico 2, 00674, Manatí 00674, Puerto Rico",18.4358307,-66.4646437,Manatí,Coffee Shops
Atenas Bakery,,"Plaza Puerta del Sol, 7 PR-2 km. 49, Manatí, 00674, Puerto Rico",18.4306012,-66.4926997,Manatí,Panaderías
Veronica's Bakery,,"Puerto Rico 2, 00674, Manatí 00674, Puerto Rico",18.4358307,-66.4646437,Manatí,Panaderías
Panaderia y Reposteria San Jose,,"#45 Vending St, Manatí, 00674, Puerto Rico",18.425654,-66.4875088,Manatí,Panaderías
Sobao Bakery & Restaurant,,"00927 Avenue de Diego, San Juan, 00921, Puerto Rico",18.3885685,-66.0833135,Manatí,Restaurantes
FL Bakery Camuy,,"275 Ave Luis Munoz Rivera, Camuy, 00627, Puerto Rico",18.4818579,-66.8526685,Manatí,Panaderías
Panaderia Codilia,,"panaderia codilia carr 643, Manatí 00674, Puerto Rico",18.3807661,-66.4690279,Manatí,Panaderías
Pastry Chef D'Cabrera,,"Urb Estancias de Manati #189, Manatí, 00674, Puerto Rico",18.434877,-66.4953999,Manatí,Panaderías
Rock Out Café,,"Villa Maria Marginal A-1 Esquina, Calle Francisco Alvarez, Manatí, 00674, Puerto Rico",18.4305896,-66.4911499,Manatí,Jangueo
Pata Pata,,"FG23+F8X, PR-1685, Manatí, 00674, Puerto Rico",18.4522749,-66.4968712,Manatí,Jangueo
Todo Pasa Sport Bar,,"CGJ7+WP2, Cll Fernandez Vangas, Manatí, 00674, Puerto Rico",18.4323333,-66.4856111,Manatí,Jangueo
Las Palmas Manati,,"Car. 685, Km. 6.5, Manatí, 00674, Puerto Rico",18.464549,-66.4751658,Manatí,Jangueo
La Tranka Sport Bar,,"PR-1685, Manatí, 00674, Puerto Rico",18.4504842,-66.4967849,Manatí,Jangueo
PIGS Beer Garden,,"25 Altos, Paseo del Atenas, Manatí, 00674, Puerto Rico",18.4282406,-66.4940479,Manatí,Jangueo
Expreso Beer and More,,"Carretera 149, Manatí, 00674, Puerto Rico",18.383665,-66.4837368,Manatí,Jangueo
Sartenes,,"Coto Nte., Manatí, 00674, Puerto Rico",18.4389736,-66.4519262,Manatí,Jangueo
Costa Azul Restaurant & Lounge,,"FG86+7WV, Manatí, 00674, Puerto Rico",18.46612,-66.4882155,Manatí,Restaurantes
Fu Hou Sushi Bar,,"119 Carretera 149, Manatí, 00674, Puerto Rico",18.4312983,-66.47614109999999,Manatí,Jangueo
FELO'S FOOD TRUCK,,"playa, Vega Baja 00693, Puerto Rico",18.4897406,-66.3989244,Manatí,Food Trucks
The PATRON Food Factory (MANATÍ),,"Carretera 149, Manatí, 00674, Puerto Rico",18.4289517,-66.4750551,Manatí,Food Trucks
Criollísimo Foodtruck,,"Carr 668, Cam La Inmaculada, Altagracia, Manatí 00674, Puerto Rico",18.4361656,-66.4799918,Manatí,Food Trucks
La 42 Food Truck Park,,"Carr Puerto Rico 2 km 42.2, Vega Baja, 00693, Puerto Rico",18.4422978,-66.42437939999999,Manatí,Food Trucks
Pa'l diente,,"Carr #2 km 46.1, Manatí 00674, Puerto Rico",18.4377139,-66.4602493,Manatí,Food Trucks
Sushi On The Road,,"Coto Norte, Manatí 00674, Puerto Rico",18.4392411,-66.445911,Manatí,Food Trucks
Tripleta El Famoso Food Truck,,"Km 79.2, PR-3, Humacao, 00791, Puerto Rico",18.145546,-65.8132372,Manatí,Food Trucks
Poly's Food Truck,,"PR-2 km 46.6, Manatí, 00674, Puerto Rico",18.4377475,-66.4590937,Manatí,Food Trucks
Miramar Food Truck Park,,"1006 Av. de la Constitución, San Juan, 00907, Puerto Rico",18.4531242,-66.07851149999999,Manatí,Food Trucks
Cupey Food Truck Park,,"PR-176, antes calle Tejas, Ave Victor M Labiosa, San Juan, 00926, Puerto Rico",18.375297,-66.05441569999999,Manatí,Food Trucks
Polys Food Truck,,"PR-2 km 46.6, Manatí, 00674, Puerto Rico",18.4377351,-66.4590441,Manatí,Food Trucks
D’licias Food Truck,,"barrio puerto blanco, Florida, 00650, Puerto Rico",18.389643,-66.576973,Manatí,Food Trucks
Las Tacas de La Chiquita,,"Estados Unidos, PR-685, Manatí, 00674, Puerto Rico",18.4662188,-66.4896428,Manatí,Food Trucks
Bistruck PR,,"PR-2 km 42.2, Vega Baja, 00693, Puerto Rico",18.4424166,-66.4248125,Manatí,Food Trucks
Sabores Criollos Food Truck,,"CHVM+GXM, Vega Baja, 00693, Puerto Rico",18.4438473,-66.4150746,Manatí,Food Trucks
Kerepakupai Vená Food truck,,"Carr Puerto Rico 2 Km 3.9, San Juan, 00901, Puerto Rico",18.421583,-66.0987379,Manatí,Food Trucks
La Turistica Food Truck,,"119 Carretera 149, Manatí, 00674, Puerto Rico",18.4276932,-66.47440639999999,Manatí,Food Trucks
La Revancha foodtruck,,"PR-2, Vega Baja, 00693, Puerto Rico",18.4425118,-66.4243193,Manatí,Food Trucks
Leña Eh Food Truck,,"1006 PR-25, San Juan, 00901, Puerto Rico",18.4530985,-66.0785191,Manatí,Food Trucks
Con-Tenedores Food Truck Park,,"45WP+3RH, Bo, Humacao, 00791, Puerto Rico",18.1451794,-65.8128978,Manatí,Food Trucks
Los Kangri Sandwiches,,"Carretera 149 km 1.4 (1.95 mi, Manatí, 00674, Puerto Rico",18.4292292,-66.4748261,Manatí,Food Trucks
Al Diente Caliente,,"CGJ5+GJ5, PR-2, Manatí, 00674, Puerto Rico",18.431263,-66.49087949999999,Manatí,Food Trucks
Xanders,,"PR-199, Guaynabo, 00969, Puerto Rico",18.3610656,-66.1146945,Manatí,Food Trucks
Las Jibaritas Food Truck,,"Expreso Trujillo Alto, #181 Urb. Lago Alto, San Juan, Trujillo Alto 00926, Puerto Rico",18.3649428,-66.00714839999999,Manatí,Food Trucks
La Preñá - Manatí,,"km.47.8 PR-2, Manatí, 00674, Puerto Rico",18.4320625,-66.47694729999999,Manatí,Food Trucks
Con Sabor a Campo Food Truck,,"8W76+339, PR-173, San Juan, Guaynabo 00725, Puerto Rico",18.313124,-66.088753,Manatí,Food Trucks
Food Truck Park,,"166 PR-199, Guaynabo, 00969, Puerto Rico",18.3610604,-66.11528609999999,Manatí,Food Trucks
Caguas Food Park,,"190 Ave Bairoa, Caguas, 00725, Puerto Rico",18.2587044,-66.0382711,Manatí,Food Trucks
El pínchero sin nombre,,"PR-2, Barceloneta, 00617, Puerto Rico",18.4338994,-66.5346326,Manatí,Food Trucks
Food Trucks,,"C. Comercio, San Juan, 00902, Puerto Rico",18.4636504,-66.114226,Manatí,Food Trucks
Birria Drip,,"BO, Carr Puerto Rico 2 KM 39.1, Vega Baja, 00693, Puerto Rico",18.4465104,-66.3947395,Manatí,Food Trucks
Manatí Healthy Market,,"CGGP+7RH, Manatí, 00674, Puerto Rico",18.4256994,-66.4628937,Manatí,Food Trucks
Shorebreak,,"FJR2+2CQ, Carr. 686, Vega Baja 00693, Puerto Rico",18.4900807,-66.3988806,Manatí,Food Trucks
Sabores Gourmet Criollo (Food Truck),,"CRWH+4G2, Levittown, Toa Baja 00949, Puerto Rico",18.445304,-66.1719884,Manatí,Food Trucks
Sartenes,,"Coto Nte., Manatí, 00674, Puerto Rico",18.4389736,-66.4519262,Manatí,Food Trucks
LA ARGENTINA FOOD TRUCK,,"8H53+6V, Morovis, 00687, Puerto Rico",18.3080625,-66.4453125,Manatí,Food Trucks
The Helmsman,,"Carr 681 km 16.8, Barceloneta, 00617, Puerto Rico",18.4873933,-66.5613232,Manatí,Food Trucks
Cangrejeros Food Truck Park,,"154 C. Eugenio Benítez Castaño, San Juan, 00911, Puerto Rico",18.4483937,-66.0572605,Manatí,Food Trucks
Potatoes Del Gordo,,"PR-140, Barceloneta, 00617, Puerto Rico",18.4245378,-66.5704161,Manatí,Food Trucks
Parque Santurce / Antojos Burger Truck/ Perú Rico Food Truck,,"634 Cll Ernesto Cerra, San Juan, 00907, Puerto Rico",18.4510741,-66.07966139999999,Manatí,Food Trucks
La Recta Final Food Truck,,"Hipódromo Camarero, PR-3 Km. 15.3, Canóvanas, 00729, Puerto Rico",18.3659936,-65.9072315,Manatí,Food Trucks
Las Palmas Manati,,"Car. 685, Km. 6.5, Manatí, 00674, Puerto Rico",18.464549,-66.4751658,Manatí,Food Trucks
Food truck receta loca,,"PR-2, Sabana Hoyos, Arecibo 00688, Puerto Rico",18.4338426,-66.6138349,Manatí,Food Trucks
Puerto Nuevo Food Truck Park,,"1321 Avenida F.D. Roosevelt #1323, San Juan, 00920, Puerto Rico",18.4137659,-66.0903952,Manatí,Food Trucks
Are you hungry?,,"FF45+XCX, Barceloneta, 00617, Puerto Rico",18.4574861,-66.5414007,Manatí,Food Trucks
Juana's Stove,,"119 Carretera 149, Manatí, 00674, Puerto Rico",18.4278719,-66.4745737,Manatí,Food Trucks
El Resuelve,,"PR-2 Km 55.1, Barceloneta, 00617, Puerto Rico",18.4325676,-66.5324406,Manatí,Food Trucks
RAFY JUNIOR SEA FOOD,,"9XWJ+V7H, PR-3, San Juan, 00924, Puerto Rico",18.3971986,-66.0192781,Manatí,Food Trucks
A La Chingada,,"1006 Av. de la Constitución, San Juan, 00907, Puerto Rico",18.4531242,-66.07851149999999,Manatí,Food Trucks
Clementina Food Spot,,"Urb, 400 C. San Claudio, San Juan, 00926, Puerto Rico",18.3780415,-66.0509605,Manatí,Food Trucks
La Maleza,,"L-13 C. A, Manatí, 00674, Puerto Rico",18.4393977,-66.445956,Manatí,Food Trucks
Pizza Fina-Truck,,"CFVX+8WF, PR-1685, Manatí, 00674, Puerto Rico",18.443321,-66.50019600000002,Manatí,Food Trucks
Veronica's Bakery,,"Puerto Rico 2, 00674, Manatí 00674, Puerto Rico",18.4358307,-66.4646437,Manatí,Postres
A Little Sweet,,"H6 C. 16 Suite #2, Manatí, 00674, Puerto Rico",18.43144,-66.48483209999999,Manatí,Postres
Pastry Chef D'Cabrera,,"Urb Estancias de Manati #189, Manatí, 00674, Puerto Rico",18.434877,-66.4953999,Manatí,Postres
Between donuts and cookies,,"Carretera 149 km 1.4 (1.95 mi, Manatí, 00674, Puerto Rico",18.4268735,-66.47493279999999,Manatí,Postres
Cold Stone Creamery,,"245, Manati Gdns, Ste 10, Manatí, 00674, Puerto Rico",18.4312235,-66.47356719999999,Manatí,Postres
Nanny's Sweets & Supplies,,"15, Manatí, 00674, Puerto Rico",18.4142618,-66.4741501,Manatí,Postres
Atenas Bakery,,"Plaza Puerta del Sol, 7 PR-2 km. 49, Manatí, 00674, Puerto Rico",18.4306012,-66.4926997,Manatí,Postres
Pastelillos Lamboy,,"carretera #2 kilometro 45.4, Manatí, 00674, Puerto Rico",18.4384773,-66.4529841,Manatí,Postres
Pastelillos Lamboy (pueblo),,"3-5 Calle Celis Aguilera, Manatí, 00674, Puerto Rico",18.4286016,-66.4918931,Manatí,Postres
Panaderia y Reposteria San Jose,,"#45 Vending St, Manatí, 00674, Puerto Rico",18.425654,-66.4875088,Manatí,Postres
Guaynabo Dulces,,"138 Carazo St, Guaynabo, 00969, Puerto Rico",18.3535474,-66.11130270000001,Manatí,Postres
Pastel,,"Parc Marquez, Carr 670 Km 5.3, Manatí, 00674, Puerto Rico",18.4295929,-66.4415928,Manatí,Postres
Todo Pasa Sport Bar,,"CGJ7+WP2, Cll Fernandez Vangas, Manatí, 00674, Puerto Rico",18.4323333,-66.4856111,Manatí,Jangueo
Tulum La Placita,,"215 C. Canals, San Juan, 00907, Puerto Rico",18.4503123,-66.069675,Manatí,Jangueo
Paraíso La Placita,,"252 C. dos Hermanos, San Juan, 00907, Puerto Rico",18.450398,-66.07092899999999,Manatí,Jangueo
Rock Out Café,,"Villa Maria Marginal A-1 Esquina, Calle Francisco Alvarez, Manatí, 00674, Puerto Rico",18.4305896,-66.4911499,Manatí,Jangueo
Barrachina,,"104 C. de la Fortaleza, San Juan, 00901, Puerto Rico",18.4645122,-66.1174211,Manatí,Jangueo
La Factoría,,"51 C. de San José, San Juan, 00901, Puerto Rico",18.4672058,-66.1175368,Manatí,Jangueo
Sunset Bar & Grill,,"Calle Villa del Mar Interios 538, Santa Isabel, 00757, Puerto Rico",17.9528974,-66.4024139,Manatí,Jangueo
Aguardiente Bar,,"204 C. Canals, San Juan, 00907, Puerto Rico",18.4504276,-66.0698446,Manatí,Jangueo
Mártir's Sport Bar,,"HC 03 BOX 33702 00685 Puerto Rico ¿En que carretera y Km???, San Sebastián 00685, Puerto Rico",18.3111936,-66.940626,Manatí,Jangueo
Vivo Beach Club,,"7000 Carr. 187 RR2, Carolina, 00979, Puerto Rico",18.4469466,-66.00006739999999,Manatí,Jangueo
El Mesón Sandwiches (Manatí),,"Carr. #2 km. 4.8 Esq. Carr. 149, Manatí, 00674, Puerto Rico",18.431249,-66.4756553,Manatí,Jangueo
Lechonera Rancho Alegre,,"Unnamed Road, CG9G+QRX, Manatí, 00674, Puerto Rico",18.4194886,-66.47289599999999,Manatí,Jangueo
Pa'l Alambique,,"Barrio Tierras Nueva Carr La Luisa 616, Km 0.4, Manati, Manatí 00674, Puerto Rico",18.4482841,-66.50194809999999,Manatí,Jangueo
Costa Azul Restaurant & Lounge,,"FG86+7WV, Manatí, 00674, Puerto Rico",18.46612,-66.4882155,Manatí,Restaurantes
Restaurant El Tren de Cano,,"Carr. #2 K.M 48.0, Manatí, 00674, Puerto Rico",18.4329615,-66.4773421,Manatí,Restaurantes
Patrick's Irish Bar,,"1157 Ashford Ave, San Juan, 00907, Puerto Rico",18.4563295,-66.0719232,Manatí,Jangueo
K-feína Coffee Shop Manatí,,"PR-64Sxtfg3, Manatí, 00674, Puerto Rico",18.3792624,-66.4835458,Manatí,Jangueo
El Campito Restaurant Manati,,"PR-6668, Manatí, 00674, Puerto Rico",18.4193133,-66.4833885,Manatí,Restaurantes
Wingstop,,"Km 50 PR-2, Manatí, 00674, Puerto Rico",18.4289181,-66.4976866,Manatí,Jangueo
Pollo Costero,,"Manatí, 00674, Puerto Rico",18.4476104,-66.4982184,Manatí,Jangueo
Rico Arepa,,"KM.HM 2.9 CARR 685 BO, Tierras Nuevas Poniente, Manatí 00674, Puerto Rico",18.4655895,-66.4863353,Manatí,Jangueo
Panakeia,,"Carr. PR-686, Sector Playa, Bo Int. 692 km 0.1, Vega Baja, 00693, Puerto Rico",18.4901395,-66.39876149999999,Manatí,Jangueo
Pastelillos Lamboy,,"carretera #2 kilometro 45.4, Manatí, 00674, Puerto Rico",18.4384773,-66.4529841,Manatí,Jangueo
Pura Pesca,,"Km. 3 Carr. 684 Barceloneta Puerto Rico, Barceloneta 00617, Puerto Rico",18.481543,-66.537786,Manatí,Jangueo
Alcapurrias La 15 HATILLO PR,,"F5QM+QW8, Cll G, Hatillo, 00659, Puerto Rico",18.474496,-66.8262707,Manatí,Jangueo
Mitaza Coffee House,,"PR-685 BO Km 2.6, Manatí, 00674, Puerto Rico",18.4483405,-66.4976712,Manatí,Jangueo
Veronica's Bakery,,"Puerto Rico 2, 00674, Manatí 00674, Puerto Rico",18.4358307,-66.4646437,Manatí,Jangueo
El Nuevo Auténtico,,"Dropped Pin near Yeguada Vega Baja 00693, Vega Baja 00693, Puerto Rico",18.4817398,-66.42316869999999,Manatí,Jangueo
La Braza Smokehouse,,"FHJF+PJF, Vega Baja, 00693, Puerto Rico",18.4818248,-66.4259376,Manatí,Jangueo
Asador Don Pablo,,"Carr. 155 Km. 41.9 Bo, Morovis 00687, Puerto Rico",18.2949141,-66.4089176,Manatí,Jangueo
Atenas Bakery,,"Plaza Puerta del Sol, 7 PR-2 km. 49, Manatí, 00674, Puerto Rico",18.4306012,-66.4926997,Manatí,Jangueo
KAI,,"GW7F+CQ4 Playa Jobos, Isabela 00662, Puerto Rico",18.5135227,-67.0755617,Manatí,Jangueo
PanPan Manati,,"PR-685 k.m. 4.7, Manatí, 00674, Puerto Rico",18.4655127,-66.4923165,Manatí,Jangueo
"Ekelekua - Brunch, Bar & Tapas",,"PR-3, Río Grande, 00745, Puerto Rico",18.3739705,-65.81367809999999,Manatí,Jangueo
LongHorn Steakhouse,,"Hotel Hyatt, PR-149 Carr Puerto Rico 2, Manatí, 00674, Puerto Rico",18.4342211,-66.4767198,Manatí,Jangueo
Fu Hou Sushi Bar,,"119 Carretera 149, Manatí, 00674, Puerto Rico",18.4312983,-66.47614109999999,Manatí,Jangueo
Rock Out Café,,"Villa Maria Marginal A-1 Esquina, Calle Francisco Alvarez, Manatí, 00674, Puerto Rico",18.4305896,-66.4911499,Manatí,Jangueo
Pata Pata,,"FG23+F8X, PR-1685, Manatí, 00674, Puerto Rico",18.4522749,-66.4968712,Manatí,Jangueo
Donde no te ven,,"6684, Km. 0.4, Manatí, 00674, Puerto Rico",18.4668366,-66.49432890000001,Manatí,Jangueo
La Picadera Bar & Restaurant,,"307 C. del Recinto Sur, San Juan, 00901, Puerto Rico",18.4645329,-66.1136587,Manatí,Restaurantes
Todo Pasa Sport Bar,,"CGJ7+WP2, Cll Fernandez Vangas, Manatí, 00674, Puerto Rico",18.4323333,-66.4856111,Manatí,Jangueo
Rico Arepa,,"KM.HM 2.9 CARR 685 BO, Tierras Nuevas Poniente, Manatí 00674, Puerto Rico",18.4655895,-66.4863353,Manatí,Jangueo
Restaurant El Tren de Cano,,"Carr. #2 K.M 48.0, Manatí, 00674, Puerto Rico",18.4329615,-66.4773421,Manatí,Restaurantes
Vega’s Hit N Run Bar N Batting Cage,,"FF2Q+42P, Tierras Nuevas Poniente, Manatí 00674, Puerto Rico",18.4503351,-66.5124311,Manatí,Jangueo
El Mesón Sandwiches (Manatí),,"Carr. #2 km. 4.8 Esq. Carr. 149, Manatí, 00674, Puerto Rico",18.431249,-66.4756553,Manatí,Jangueo
Sartenes,,"Coto Nte., Manatí, 00674, Puerto Rico",18.4389736,-66.4519262,Manatí,Jangueo
Costa Azul Restaurant & Lounge,,"FG86+7WV, Manatí, 00674, Puerto Rico",18.46612,-66.4882155,Manatí,Restaurantes
Freddy's Burger,,"Carretera 685 Manatí, Puerto Rico, Tierras Nuevas Poniente, Manatí 00674, Puerto Rico",18.4631655,-66.4926614,Manatí,Jangueo
El Jangueito,,"PR-149 Km. 6.8, Manatí, 00674, Puerto Rico",18.4174027,-66.48217960000001,Manatí,Jangueo
La Preñá - Manatí,,"km.47.8 PR-2, Manatí, 00674, Puerto Rico",18.4320625,-66.47694729999999,Manatí,Jangueo
Los Rabanos Supermarket,,"Carr 604 km 3.1, Manatí, 00674, Puerto Rico",18.4570519,-66.4826866,Manatí,Jangueo
K-feína Coffee Shop Manatí,,"PR-64Sxtfg3, Manatí, 00674, Puerto Rico",18.3792624,-66.4835458,Manatí,Jangueo
El Campito Restaurant Manati,,"PR-6668, Manatí, 00674, Puerto Rico",18.4193133,-66.4833885,Manatí,Restaurantes
Pollo Costero,,"Manatí, 00674, Puerto Rico",18.4476104,-66.4982184,Manatí,Jangueo
Lechonera Rancho Alegre,,"Unnamed Road, CG9G+QRX, Manatí, 00674, Puerto Rico",18.4194886,-66.47289599999999,Manatí,Jangueo
The Flight Park,,"CXPQ+R5G, Carolina, 00979, Puerto Rico",18.4370595,-66.01203989999999,Manatí,Jangueo
Pastelillos Lamboy,,"carretera #2 kilometro 45.4, Manatí, 00674, Puerto Rico",18.4384773,-66.4529841,Manatí,Jangueo
Tony's Place,,"CG9P+6F3, Coto Sur, Manatí 00674, Puerto Rico",18.4180237,-66.4638141,Manatí,Jangueo
Pa'l Alambique,,"Barrio Tierras Nueva Carr La Luisa 616, Km 0.4, Manati, Manatí 00674, Puerto Rico",18.4482841,-66.50194809999999,Manatí,Jangueo
Barrachina,,"104 C. de la Fortaleza, San Juan, 00901, Puerto Rico",18.4645122,-66.1174211,Manatí,Jangueo
Fu Hou Sushi Bar,,"119 Carretera 149, Manatí, 00674, Puerto Rico",18.4312983,-66.47614109999999,Manatí,Jangueo
PanPan Manati,,"PR-685 k.m. 4.7, Manatí, 00674, Puerto Rico",18.4655127,-66.4923165,Manatí,Jangueo
Expreso Beer and More,,"Carretera 149, Manatí, 00674, Puerto Rico",18.383665,-66.4837368,Manatí,Jangueo
Voka'o Sport Bar,,"50 Paseo del Atenas, Manatí, 00674, Puerto Rico",18.4292991,-66.4911441,Manatí,Jangueo
Los Pinos Café,,"Ave Ponce de Leon, 659 C. Salva, San Juan, 00907, Puerto Rico",18.4565314,-66.0844659,Manatí,Jangueo
La Factoría,,"51 C. de San José, San Juan, 00901, Puerto Rico",18.4672058,-66.1175368,Manatí,Jangueo
Wingstop,,"Km 50 PR-2, Manatí, 00674, Puerto Rico",18.4289181,-66.4976866,Manatí,Jangueo
PIGS Beer Garden,,"25 Altos, Paseo del Atenas, Manatí, 00674, Puerto Rico",18.4282406,-66.4940479,Manatí,Jangueo
Bella Vista,,"Ave Pk Gdns, San Juan, 00983, Puerto Rico",18.3889173,-66.0316184,Manatí,Jangueo
La Intriga de Doña Tata,,"URB, Urb. Estancias de Manatí, Manatí, 00674, Puerto Rico",18.4348774,-66.4954443,Manatí,Jangueo
Veronica's Bakery,,"Puerto Rico 2, 00674, Manatí 00674, Puerto Rico",18.4358307,-66.4646437,Manatí,Jangueo
Mil Historias Mesón y Pico,,"16 PR-668, Manatí, 00674, Puerto Rico",18.4315483,-66.4844748,Manatí,Jangueo
El Punto 8 Sport Bar,,"901 Cll Hypolais, San Juan, 00924, Puerto Rico",18.4083342,-66.0077283,Manatí,Jangueo
El Desvío Sports Bar and Restaurant,,"6CG4+4GW, PR-5141, Jayuya, 00664, Puerto Rico",18.2253608,-66.5936694,Manatí,Restaurantes
Deaverdura,,"200 Sol St, San Juan, 00901, Puerto Rico",18.4667981,-66.1165421,Manatí,Jangueo
El Colmado del Pueblo,,"CGH5+858, Calle Celis Aguilera, Manatí, 00674, Puerto Rico",18.4284098,-66.4919705,Manatí,Jangueo
Seis-93 Patio Bar & Picadera,,"CHVJ+27R, PR-2, Vega Baja, 00693, Puerto Rico",18.4426045,-66.41935289999999,Manatí,Jangueo
Nutrition World Manatí,,"Villa Maria Shoppimng Center, 28 Carr Puerto Rico 2, Manatí, 00674, Puerto Rico",18.4308977,-66.4892881,Manatí,Jangueo
Atenas Bakery,,"Plaza Puerta del Sol, 7 PR-2 km. 49, Manatí, 00674, Puerto Rico",18.4306012,-66.4926997,Manatí,Jangueo
La Cantina Karaoke Bar & Restaurant,,"304 Av. Juan Ponce de León, San Juan, 00918, Puerto Rico",18.4245107,-66.0577606,Manatí,Restaurantes
La Bodega Bar And Gril,,"Bo Sabana seca #2, PR-668, Manatí, 00674, Puerto Rico",18.4217787,-66.4782819,Manatí,Jangueo
Mitaza Coffee House,,"PR-685 BO Km 2.6, Manatí, 00674, Puerto Rico",18.4483405,-66.4976712,Manatí,Jangueo
Tirado’s Sport Bar,,"9GJQ+264, Manatí 00674, Puerto Rico",18.3800111,-66.46192169999999,Manatí,Jangueo
Mil Amores Mexican Bar & Grill,,"922 C. Eider, San Juan, 00924, Puerto Rico",18.4045407,-66.0084293,Manatí,Jangueo
Bakano’s Sport Bar,,"Carretera 149 km 8.4, Manatí, 00674, Puerto Rico",18.3788928,-66.4810976,Manatí,Jangueo
El Sabor Jayuyano,,"6C96+M9G, Paseo Los Maestros, Jayuya, 00664, Puerto Rico",18.219175,-66.5890403,Manatí,Jangueo
Manatí Fried Chicken,,"CGPM+23V, Manatí, 00674, Puerto Rico",18.4351101,-66.4673415,Manatí,Jangueo
Agranel Market Restaurant,,"FG89+G5W, Tierras Nuevas Poniente, Manatí 00674, Puerto Rico",18.466367,-66.482041,Manatí,Restaurantes
Sabor Frappé - Manatí,,"Barrio Cotto Norte Carr.#2 km. 47.8, Manatí, 00674, Puerto Rico",18.4321713,-66.4770279,Manatí,Jangueo
El Nuevo Auténtico,,"Dropped Pin near Yeguada Vega Baja 00693, Vega Baja 00693, Puerto Rico",18.4817398,-66.42316869999999,Manatí,Jangueo
Patria Mia,,"loma massini, Cll Eucalipto, Jayuya, 00664, Puerto Rico",18.2207517,-66.591478,Manatí,Jangueo
La Braza Smokehouse,,"FHJF+PJF, Vega Baja, 00693, Puerto Rico",18.4818248,-66.4259376,Manatí,Jangueo
Dora's Health Food,,"CGJF+RG2 Trigal Plaza, Manatí, 00674, Puerto Rico",18.4320155,-66.4762204,Manatí,Jangueo
Hazel Bar,,"1000 122 The Mall of San Juan Blvd, San Juan, 00926, Puerto Rico",18.4124925,-66.02525179999999,Manatí,Jangueo
Acai Express Monte Real Manatí,,"CGQV+F8, Manatí 00674, Puerto Rico",18.4390675,-66.4567002,Manatí,Jangueo
Alcapurrias La 15 HATILLO PR,,"F5QM+QW8, Cll G, Hatillo, 00659, Puerto Rico",18.474496,-66.8262707,Manatí,Jangueo
El Rincón de Los Recuerdos,,"Maricao, 00606, Puerto Rico",18.1873125,-66.9821875,Maricao,Restaurantes
la casita criolla,,"en el cruce de, PR-357, Maricao, 00606, Puerto Rico",18.1895481,-66.9999692,Maricao,Restaurantes
Lee Mary's Pizza,,"52JC+CM6, Calle José de Diego, Maricao, 00606, Puerto Rico",18.181032,-66.9783642,Maricao,Restaurantes
El Buen Café,,"52J9+8VW, Cll Corchado, Maricao, 00606, Puerto Rico",18.1808737,-66.980297,Maricao,Restaurantes
787 Coffee Shop - Hacienda Iluminada,,"PR-128 Interior Km 31.2, Maricao, 00606, Puerto Rico",18.1693887,-66.8751844,Maricao,Coffee Shops
Cafe El Mañanero,,"539V+FRR, PR-105, Maricao, 00606, Puerto Rico",18.1687271,-66.9054821,Maricao,Coffee Shops
Erik's Bakery and Pastry Shop,,"2 Ave. Pedro Albizu Campos, Maricao, 00606, Puerto Rico",18.1822645,-66.9812805,Maricao,Coffee Shops
El Buen Café,,"52J9+8VW, Cll Corchado, Maricao, 00606, Puerto Rico",18.1808737,-66.980297,Maricao,Coffee Shops
Café Oro de Puerto Rico,,"PR-129, Lares, 00669, Puerto Rico",18.3121924,-66.87564139999999,Maricao,Coffee Shops
Hacienda Pons,,"PR-128 km 39.4 Bo. Bartolo Sector, Castañer, Lares 00669, Puerto Rico",18.1945429,-66.84581229999999,Maricao,Coffee Shops
"Puerto Rico Coffee Company, Inc.",,"Finca La Guava, Carretera 425 KM 1.1, Interior Sector Orama, Maricao, 00606, Puerto Rico",18.172561,-66.96307399999999,Maricao,Coffee Shops
Delicias Café,,"00606, Maricao, 00606, Puerto Rico",18.1686399,-66.8953619,Maricao,Coffee Shops
Café Cola'o,,"C. Marina, San Juan, 00901, Puerto Rico",18.463489,-66.1129937,Maricao,Coffee Shops
Hacienda Tres Ángeles,,"129 km. 38.4, Adjuntas 00601, Puerto Rico",18.2276419,-66.8068904,Maricao,Coffee Shops
Café Don Luis Coffee Bar,,"Calle Santiago Vivaldi, Esquina, Calle Baldorioty, Yauco, 00698, Puerto Rico",18.0339393,-66.84991169999999,Maricao,Coffee Shops
Doppio Coffee Bar,,"PR-181 Bo KM 37, San Lorenzo, 00754, Puerto Rico",18.2129812,-65.9621727,Maricao,Coffee Shops
El Kafé,,"PR-924, Humacao, 00791, Puerto Rico",18.1480719,-65.8257624,Maricao,Coffee Shops
La Casona de Artemio,,"PR-408, Las Marías, 00670, Puerto Rico",18.2141513,-66.9768078,Maricao,Coffee Shops
PanCafé El Buren,,"18, 757546 281520, -66, Utuado, 00641, Puerto Rico",18.281565,-66.7575659,Maricao,Coffee Shops
Hacienda Muñoz,,"Carr. 181, Bo km 37, San Lorenzo 00754, Puerto Rico",18.2127504,-65.9622182,Maricao,Coffee Shops
Café Gran Batey,,"PR-6102 PR-111 km 50.1, Utuado, 00641, Puerto Rico",18.2880932,-66.76959599999999,Maricao,Coffee Shops
Café Tres Picachos,,"PR-144, Ramal 539 Kilometro 2.7, Jayuya, 00664, Puerto Rico",18.1892855,-66.56183,Maricao,Coffee Shops
Erik's Bakery and Pastry Shop,,"2 Ave. Pedro Albizu Campos, Maricao, 00606, Puerto Rico",18.1822645,-66.9812805,Maricao,Panaderías
Panadería Maranta,,"9MM8+PVG, Maricao, Vega Alta 00692, Puerto Rico",18.383747,-66.3326,Maricao,Panaderías
ERIK BAKERY,,"Buzon 5662, Mayagüez, 00682, Puerto Rico",18.250155,-67.17587999999999,Maricao,Panaderías
Las Tablas,,"Carr 357 km. 0.0, Maricao, 00606, Puerto Rico",18.1814537,-66.98092869999999,Maricao,Jangueo
El Rincón de Los Recuerdos,,"Maricao, 00606, Puerto Rico",18.1873125,-66.9821875,Maricao,Jangueo
Sol Y Mar,,"Carretera 690 Km 7.4, Sabana, Vega Alta 00692, Puerto Rico",18.480682,-66.3410778,Maricao,Jangueo
Charlie's Bar & Grill,,"PR-3, Humacao, 00791, Puerto Rico",18.1116948,-65.8223445,Maricao,Jangueo
Miramar Bar,,"35PM+9RM, PR-906, Humacao, 00791, Puerto Rico",18.0859613,-65.8154504,Maricao,Jangueo
Lee Mary's Pizza,,"52JC+CM6, Calle José de Diego, Maricao, 00606, Puerto Rico",18.181032,-66.9783642,Maricao,Jangueo
Los Tres Palos,,"Carr.111 Int KM 3.8 solar B Bo.Pueblo, Lares, 00669, Puerto Rico",18.2961612,-66.87228929999999,Maricao,Jangueo
La Casona de Artemio,,"PR-408, Las Marías, 00670, Puerto Rico",18.2141513,-66.9768078,Maricao,Jangueo
Cafe El Mañanero,,"539V+FRR, PR-105, Maricao, 00606, Puerto Rico",18.1687271,-66.9054821,Maricao,Jangueo
El Cepo Restaurante Mirador,,"Carretera 436 KM 2.2 Barrio, Lares, 00669, Puerto Rico",18.2746877,-66.8965218,Maricao,Restaurantes
El Buen Café,,"52J9+8VW, Cll Corchado, Maricao, 00606, Puerto Rico",18.1808737,-66.980297,Maricao,Jangueo
Harbor Restaurant,,"Pso Bachon Velazquez, Rincón, 00602, Puerto Rico",18.3424703,-67.25675939999999,Maricao,Restaurantes
Erik's Bakery and Pastry Shop,,"2 Ave. Pedro Albizu Campos, Maricao, 00606, Puerto Rico",18.1822645,-66.9812805,Maricao,Jangueo
Cocina Mia Food Truck,,"https://maps.google.com/?q=18.290720, #66.890823, Lares, 00669, Puerto Rico",18.2906847,-66.8908795,Maricao,Food Trucks
Leña Eh Food Truck,,"1006 PR-25, San Juan, 00901, Puerto Rico",18.4530985,-66.0785191,Maricao,Food Trucks
Tripleta El Famoso Food Truck,,"Km 79.2, PR-3, Humacao, 00791, Puerto Rico",18.145546,-65.8132372,Maricao,Food Trucks
Kerepakupai Vená Food truck,,"Carr Puerto Rico 2 Km 3.9, San Juan, 00901, Puerto Rico",18.421583,-66.0987379,Maricao,Food Trucks
El Viajero Food Truck,,"7R8Q+JHP, Mayagüez, 00682, Puerto Rico",18.2665925,-67.1610549,Maricao,Food Trucks
Miramar Food Truck Park,,"1006 Av. de la Constitución, San Juan, 00907, Puerto Rico",18.4531242,-66.07851149999999,Maricao,Food Trucks
Cupey Food Truck Park,,"PR-176, antes calle Tejas, Ave Victor M Labiosa, San Juan, 00926, Puerto Rico",18.375297,-66.05441569999999,Maricao,Food Trucks
International Food Truck Park,,"110, km 32, Maleza Alta, Aguadilla 00603, Puerto Rico",18.5052448,-67.1136807,Maricao,Food Trucks
Taquería Food Truck,,"9RVP+PR, Aguada 00602, Puerto Rico",18.3941656,-67.1628169,Maricao,Food Trucks
Erik's Bakery and Pastry Shop,,"2 Ave. Pedro Albizu Campos, Maricao, 00606, Puerto Rico",18.1822645,-66.9812805,Maricao,Postres
Tradizzio Repostería Artesanal,,"66 C. Cristina, Ponce, 00730, Puerto Rico",18.0120252,-66.6123363,Maricao,Postres
Lee Mary's Pizza,,"52JC+CM6, Calle José de Diego, Maricao, 00606, Puerto Rico",18.181032,-66.9783642,Maricao,Postres
Las Tablas,,"Carr 357 km. 0.0, Maricao, 00606, Puerto Rico",18.1814537,-66.98092869999999,Maricao,Jangueo
La Factoría,,"51 C. de San José, San Juan, 00901, Puerto Rico",18.4672058,-66.1175368,Maricao,Jangueo
El Rincón de Los Recuerdos,,"Maricao, 00606, Puerto Rico",18.1873125,-66.9821875,Maricao,Jangueo
The Mar Azul,,"577 calle germa riekhoff, Vieques, 00765, Puerto Rico",18.151083,-65.4429109,Maricao,Jangueo
Club Hiedra Restaurant & Bar,,"60 Condado Ave, San Juan, 00907, Puerto Rico",18.4548264,-66.07263809999999,Maricao,Restaurantes
El Desahogo,,"PR-152, Naranjito 00719, Puerto Rico",18.2497295,-66.2856575,Maricao,Jangueo
Sol Y Mar,,"Carretera 690 Km 7.4, Sabana, Vega Alta 00692, Puerto Rico",18.480682,-66.3410778,Maricao,Jangueo
Los Tres Palos,,"Carr.111 Int KM 3.8 solar B Bo.Pueblo, Lares, 00669, Puerto Rico",18.2961612,-66.87228929999999,Maricao,Jangueo
El Boricua,,"5 C. Saldaña, San Juan, 00925, Puerto Rico",18.4004908,-66.051732,Maricao,Jangueo
Beerloteca,,"CR7Q+CC, Aguadilla, Aguada 00602, Puerto Rico",18.4135625,-67.16143749999999,Maricao,Jangueo
Harbor Restaurant,,"Pso Bachon Velazquez, Rincón, 00602, Puerto Rico",18.3424703,-67.25675939999999,Maricao,Restaurantes
Cowboys Cantina & Outside Grill,,"PR-115 Km 11.6 Interior, Rincón, 00677, Puerto Rico",18.3317593,-67.2390509,Maricao,Jangueo
Caddy's Calypso,,"PR-413 K.M 2.5, Rincón, 00677, Puerto Rico",18.3576342,-67.2687158,Maricao,Jangueo
Lee Mary's Pizza,,"52JC+CM6, Calle José de Diego, Maricao, 00606, Puerto Rico",18.181032,-66.9783642,Maricao,Jangueo
La Barrita de Norbert,,"10 Cll Corchado, Maricao, 00606, Puerto Rico",18.1808047,-66.9801895,Maricao,Jangueo
Las Tablas,,"Carr 357 km. 0.0, Maricao, 00606, Puerto Rico",18.1814537,-66.98092869999999,Maricao,Jangueo
Casa Jíbara 00606,,"52H7+74, Maricao 00606, Puerto Rico",18.1781825,-66.9871309,Maricao,Jangueo
El Rincón de Los Recuerdos,,"Maricao, 00606, Puerto Rico",18.1873125,-66.9821875,Maricao,Jangueo
Lee Mary's Pizza,,"52JC+CM6, Calle José de Diego, Maricao, 00606, Puerto Rico",18.181032,-66.9783642,Maricao,Jangueo
El Cabo,,"PR-187, Carolina, Loíza 00772, Puerto Rico",18.4569308,-65.98541159999999,Maricao,Jangueo
El Buen Café,,"52J9+8VW, Cll Corchado, Maricao, 00606, Puerto Rico",18.1808737,-66.980297,Maricao,Jangueo
La Chefi restaurante y barra,,"402 C. San Agustín, San Juan, 00901, Puerto Rico",18.4641101,-66.0953485,Maricao,Restaurantes
Cafe El Mañanero,,"539V+FRR, PR-105, Maricao, 00606, Puerto Rico",18.1687271,-66.9054821,Maricao,Jangueo
Erik's Bakery and Pastry Shop,,"2 Ave. Pedro Albizu Campos, Maricao, 00606, Puerto Rico",18.1822645,-66.9812805,Maricao,Jangueo
Our House Rest & Bar,,"100 Av. San Patricio ST-10, Guaynabo, 00968, Puerto Rico",18.4081776,-66.1058065,Maricao,Jangueo
Bohiques Rest & Bar,,"58 Cll Hatillo, San Juan, 00918, Puerto Rico",18.4108905,-66.0550689,Maricao,Jangueo
Rafi's Restaurant Bar & Grill,,"187, km 4.5, Loíza, 00772, Puerto Rico",18.457347,-65.9855128,Maricao,Jangueo
Negocio Carlos Seda,,"2 Calle Zuzuarregui, Maricao, 00606, Puerto Rico",18.1821014,-66.98141369999999,Maricao,Jangueo
DESARROPE BY Vidy's,,"104 Av. Universidad, San Juan, 00925, Puerto Rico",18.4029816,-66.0548271,Maricao,Jangueo
Oasis Tapas & Lounge,,"Puerto Rico 6, 4 Condado Ave, San Juan, 00907, Puerto Rico",18.4567519,-66.0714175,Maricao,Jangueo
El CAPORAL,,"9XWJ+M53, San Juan, 00924, Puerto Rico",18.3966413,-66.01958619999999,Maricao,Jangueo
Sagra,,"37 Calle Francisco M Quinonez, Sabana Grande, 00637, Puerto Rico",18.0787595,-66.96665279999999,Maricao,Jangueo
Identidad Cocktail Bar,,"962 PR-25, San Juan, 00907, Puerto Rico",18.4531708,-66.07916519999999,Maricao,Jangueo
El Refugio,,"CW3W+XHJ, Calle, San Juan, 00925, Puerto Rico",18.4049632,-66.05361200000002,Maricao,Jangueo
Maricao PR,,"52J9+PP2, PR-357, Maricao, 00606, Puerto Rico",18.1817707,-66.9807404,Maricao,Jangueo
Pako Pepe,,"Av. John F. Kennedy Km .1, Maunabo, 00707, Puerto Rico",18.0057504,-65.9025249,Maunabo,Restaurantes
Restaurante Paisajes Curet,,"PR-3, Maunabo, 00707, Puerto Rico",17.9803662,-65.9103954,Maunabo,Restaurantes
Agua Viva Restaurant & Bar,,"Bo. Emajaguas, PR-901, Maunabo, 00707, Puerto Rico",18.0032186,-65.87656299999999,Maunabo,Restaurantes
Salseo Restaurant,,"2437+4C3, PR-901, Maunabo, 00707, Puerto Rico",18.0027651,-65.8864662,Maunabo,Restaurantes
El Muelle Restaurant Bar & Grill,,"X4R6+MHV, PR-760, Maunabo, 00707, Puerto Rico",17.9917443,-65.8885961,Maunabo,Jangueo
Ecuarican Bar Restaurant,,"2367 PR-901, Yabucoa, Maunabo 00707, Puerto Rico",18.0159355,-65.8611679,Maunabo,Restaurantes
La Lomita del Sueño de un Jibarito,,"2425+JQ8, PR-901, Maunabo, 00707, Puerto Rico",18.0015435,-65.89055890000002,Maunabo,Restaurantes
BAGUAS BAR & RESTAURANT,,"Bo. Emajaguas, PR-901, Maunabo, 00707, Puerto Rico",18.0022529,-65.8768773,Maunabo,Restaurantes
El Callejón,,"2452+34G, C. Muñoz Rivera, Maunabo, 00707, Puerto Rico",18.0076825,-65.899666,Maunabo,Restaurantes
El Paraíso del Caribe,,"PR-901, Maunabo 00707, Puerto Rico",18.0035305,-65.8741075,Maunabo,Restaurantes
La Cocina de Juanita,,"13 Cll Antonio R Barcelo #21, Maunabo, 00707, Puerto Rico",18.0066736,-65.8994826,Maunabo,Restaurantes
Family's Pizza,,"7 Cll Antonio Arroyo, Maunabo, 00707, Puerto Rico",18.0076892,-65.8982025,Maunabo,Restaurantes
Ikakos Bar and Restaurant,,"No. 3, Calle Cambimbora, Naguabo, 00718, Puerto Rico",18.1894134,-65.71365469999999,Maunabo,Restaurantes
Playa Soles Bar & Grill,,"PR-3, Patillas, 00723, Puerto Rico",17.9726111,-65.9489571,Maunabo,Jangueo
El Makito,,"57QQ+5F5, PR-3, Naguabo, 00718, Puerto Rico",18.1878958,-65.7112678,Maunabo,Restaurantes
Coco's Restaurant,,"La Fanduca #138, Naguabo, 00718, Puerto Rico",18.1847589,-65.7073436,Maunabo,Restaurantes
Los Makos,,"Húcares, Naguabo 00718, Puerto Rico",18.1881691,-65.7112714,Maunabo,Restaurantes
Pelikanos Bar & Restaurant,,"3 Bda. Playa Hucares, Naguabo, 00718, Puerto Rico",18.1856047,-65.70898389999999,Maunabo,Restaurantes
El Navegante Rest. Naguabo,,"PR-3 km 66.8, Naguabo, 00718, Puerto Rico",18.1894304,-65.7133145,Maunabo,Restaurantes
Vinny's Restaurant,,"57QQ+9FF, Húcares, Naguabo 00718, Puerto Rico",18.1884326,-65.7113282,Maunabo,Restaurantes
Karakoles Restaurant & Bar,,"Naguabo, 00718, Puerto Rico",18.1894375,-65.7134375,Maunabo,Restaurantes
Super Benjy's Potatoes Taco & Grill,,"Super Benjys potatoes taco & grill, Naguabo, 00744, Puerto Rico",18.2147012,-65.7326107,Maunabo,Restaurantes
Super Benyi's Cousine,,"PR-3, Naguabo, 00718, Puerto Rico",18.1892731,-65.7125236,Maunabo,Restaurantes
Super Benjy's Cuisine,,"S/n Encima del, PR-3, Naguabo, 00718, Puerto Rico",18.1892673,-65.7125236,Maunabo,Restaurantes
TerraVento,,"PR-3 KM 66.8, Naguabo, 00718, Puerto Rico",18.1894239,-65.7129748,Maunabo,Restaurantes
La Botana,,"Callejon Mendoza, Naguabo, 00718, Puerto Rico",18.2153693,-65.82304909999999,Maunabo,Restaurantes
Orlando’s Café,,"26 C. Muñoz Rivera, Maunabo, 00707, Puerto Rico",18.0078269,-65.90037819999999,Maunabo,Coffee Shops
Diomi’s Bakery & Coffe Shop,,"14-98 Cll Francisco Steidel, Maunabo, 00707, Puerto Rico",18.0065994,-65.8984279,Maunabo,Coffee Shops
La Cocina de Juanita,,"13 Cll Antonio R Barcelo #21, Maunabo, 00707, Puerto Rico",18.0066736,-65.8994826,Maunabo,Coffee Shops
Luna Coffee & Latin Kitchen,,"352 Av. Américo Miranda, San Juan, 00927, Puerto Rico",18.3996731,-66.0681191,Maunabo,Coffee Shops
Super Danny's Market,,"31 C. Muñoz Rivera, Maunabo, 00707, Puerto Rico",18.0079427,-65.9001646,Maunabo,Coffee Shops
Sin Prisa Coffee Shop,,"1804 C. Loíza, San Juan, 00911, Puerto Rico",18.4514175,-66.05944769999999,Maunabo,Coffee Shops
Colmado y Cafetería Lili,,"243F+882, Emajagua, Maunabo 00707, Puerto Rico",18.0032553,-65.8767294,Maunabo,Coffee Shops
Caffe Cano,,"24 Cll Dr Janer, Maunabo, 00707, Puerto Rico",18.0060771,-65.8978988,Maunabo,Coffee Shops
Los Muchachos Mini Market,,"65 C. Muñoz Rivera, Maunabo, 00707, Puerto Rico",18.0065699,-65.8980364,Maunabo,Coffee Shops
El Callejón,,"2452+34G, C. Muñoz Rivera, Maunabo, 00707, Puerto Rico",18.0076825,-65.899666,Maunabo,Coffee Shops
Ecuarican Bar Restaurant,,"2367 PR-901, Yabucoa, Maunabo 00707, Puerto Rico",18.0159355,-65.8611679,Maunabo,Restaurantes
Restaurante Paisajes Curet,,"PR-3, Maunabo, 00707, Puerto Rico",17.9803662,-65.9103954,Maunabo,Restaurantes
Espresso Lab Coffee Shop,,"8020 Tartak St Hyatt Centric San Juan, Lobby, 8020 José M. Tartak Ave, Carolina, 00979, Puerto Rico",18.4406718,-66.02198229999999,Maunabo,Coffee Shops
Hacienda San Pedro,,"211 Av. Ing. Manuel Domenech, San Juan, 00918, Puerto Rico",18.4151705,-66.0601792,Maunabo,Coffee Shops
Sabor Frappé Maunabo,,"PR-760, Maunabo, 00707, Puerto Rico",18.005484,-65.902306,Maunabo,Coffee Shops
Bakery Box,,"9X8R+MGG, Trujillo Alto, 00976, Puerto Rico",18.3665831,-66.0086367,Maunabo,Panaderías
Higüerillo Bakery,,"Int. 950 km 0.0, Naguabo, 00718, Puerto Rico",18.2182995,-65.8289449,Maunabo,Panaderías
Panadería Family Bakery,,"42 Calle Juan R. Garzot, Naguabo, 00718, Puerto Rico",18.2133751,-65.7358051,Maunabo,Panaderías
Sobao Bakery & Restaurant,,"00927 Avenue de Diego, San Juan, 00921, Puerto Rico",18.3885685,-66.0833135,Maunabo,Restaurantes
Pepe's Bakery,,"1-13 Calle Vizcarrondo, Naguabo, 00718, Puerto Rico",18.2088978,-65.7336717,Maunabo,Panaderías
Panadería Mallorca,,"1001 Av. Américo Miranda, San Juan, 00921, Puerto Rico",18.400537,-66.074462,Maunabo,Panaderías
La Cocina de Juanita,,"13 Cll Antonio R Barcelo #21, Maunabo, 00707, Puerto Rico",18.0066736,-65.8994826,Maunabo,Panaderías
Gurabo Bakery,,"62X8+PJH, PR-189, Gurabo, 00778, Puerto Rico",18.2493201,-65.9833929,Maunabo,Panaderías
SOBAO by Los Cidrines - Isla Verde,,"6369 Isla Verde Avenue Roundabout, Carolina, 00979, Puerto Rico",18.4421221,-66.0172745,Maunabo,Panaderías
Panadería Las Villas,,"Caguas, 00727, Puerto Rico",18.2116533,-66.05800959999999,Maunabo,Panaderías
Panadería Pan y Canela,,"Carr. #1 Km. 29.7 Sector, La Barra, Caguas 00726, Puerto Rico",18.2811409,-66.0422595,Maunabo,Panaderías
Panaderia El Rabanal,,"Carretera 722 Km 6.4 Sec. Rabanal Bo, Aibonito, 00705, Puerto Rico",18.1339172,-66.2496857,Maunabo,Panaderías
Panadería Los Gallegos,,"7X55+QGP, Av. las Américas, Caguas, 00725, Puerto Rico",18.2594517,-66.0411767,Maunabo,Panaderías
Nany’s Cake,,"17 Calle Muñoz Rivera, Naguabo, 00718, Puerto Rico",18.2115841,-65.7353033,Maunabo,Panaderías
La Tahona Roman Bakery,,"La Tahona Roman, 1 Urb Gómez, Humacao, 00791, Puerto Rico",18.1485711,-65.8203247,Maunabo,Panaderías
Panaderia La Lonchera Express,,"Av. José Gautier Benítez Edificio 102, Caguas, 00725, Puerto Rico",18.2280769,-66.03675980000001,Maunabo,Panaderías
La Maison Suisse,,"729M+HVJ, Celada, Gurabo 00778, Puerto Rico",18.2689645,-65.9653463,Maunabo,Panaderías
Ceiba Bakery,,"carr 110 km 0.8, Aguadilla, 00603, Puerto Rico",18.4563882,-67.0961031,Maunabo,Panaderías
La Asturiana,,"58 C. Doctor Goyco, Caguas, 00725, Puerto Rico",18.2363033,-66.03430589999999,Maunabo,Panaderías
Rico Pan Bakery,,"Zarzal, Río Grande 00745, Puerto Rico",18.3759833,-65.7865388,Maunabo,Panaderías
Panadería La Samaritana,,"PR-9931, San Lorenzo, 00754, Puerto Rico",18.1971728,-65.9720154,Maunabo,Panaderías
Panadería y Repostería la Ceiba,,"1239 Avenida F.D. Roosevelt, San Juan, 00920, Puerto Rico",18.4140481,-66.0877227,Maunabo,Panaderías
Palmas Bake & Deli,,"PR-3, Buena Vista, Humacao 00791, Puerto Rico",18.1134926,-65.8217622,Maunabo,Panaderías
Sobao Bakery & Restaurant,,"1369 Ashford Ave, San Juan, 00907, Puerto Rico",18.4550895,-66.0672682,Maunabo,Restaurantes
El Cafetal,,"F35W+H3R, Quebradillas 00678, Puerto Rico",18.4589939,-66.9048624,Maunabo,Panaderías
Panadería San Agustín,,"1316 C. Salud, Ponce, 00717, Puerto Rico",18.0062403,-66.6124758,Maunabo,Panaderías
El Callejón,,"2452+34G, C. Muñoz Rivera, Maunabo, 00707, Puerto Rico",18.0076825,-65.899666,Maunabo,Jangueo
Pako Pepe,,"Av. John F. Kennedy Km .1, Maunabo, 00707, Puerto Rico",18.0057504,-65.9025249,Maunabo,Jangueo
Rincón Jueyero Sport Bar,,"47 C. Muñoz Rivera, Maunabo, 00707, Puerto Rico",18.0075149,-65.8993835,Maunabo,Jangueo
El Muelle Restaurant Bar & Grill,,"X4R6+MHV, PR-760, Maunabo, 00707, Puerto Rico",17.9917443,-65.8885961,Maunabo,Jangueo
Agua Viva Restaurant & Bar,,"Bo. Emajaguas, PR-901, Maunabo, 00707, Puerto Rico",18.0032186,-65.87656299999999,Maunabo,Restaurantes
Ecuarican Bar Restaurant,,"2367 PR-901, Yabucoa, Maunabo 00707, Puerto Rico",18.0159355,-65.8611679,Maunabo,Restaurantes
Bar El Jaguey Maunabo,,"247J+CVG, Emajagua, Maunabo 00707, Puerto Rico",18.0135667,-65.8678113,Maunabo,Jangueo
The Curve Bar,,"2463+46M, Maunabo, 00707, Puerto Rico",18.0103398,-65.896959,Maunabo,Jangueo
El Tranque,,"233W+W46, PR-3, Maunabo, 00707, Puerto Rico",18.0047802,-65.9047308,Maunabo,Jangueo
El Bache Bar & Rest.,,"00707,, Maunabo 00707, Puerto Rico",17.997705,-65.9165586,Maunabo,Jangueo
El Chapey Sport Bar,,"238V+Q25, PR-750, Maunabo, 00707, Puerto Rico",18.016879,-65.907378,Maunabo,Jangueo
La Caleza Bar & Restaurant,,"236C+G3M, Maunabo 00707, Puerto Rico",18.0113429,-65.9298301,Maunabo,Restaurantes
BAGUAS BAR & RESTAURANT,,"Bo. Emajaguas, PR-901, Maunabo, 00707, Puerto Rico",18.0022529,-65.8768773,Maunabo,Restaurantes
La Placita Bar.,,"00707, Maunabo, 00707, Puerto Rico",18.0208315,-65.9334156,Maunabo,Jangueo
Restaurante Paisajes Curet,,"PR-3, Maunabo, 00707, Puerto Rico",17.9803662,-65.9103954,Maunabo,Restaurantes
El Puerto Bar and Restaurant,,"X4R6+HH3, PR-760, Emajagua, Maunabo 00707, Puerto Rico",17.9913877,-65.8885801,Maunabo,Restaurantes
The Flight Park,,"CXPQ+R5G, Carolina, 00979, Puerto Rico",18.4370595,-66.01203989999999,Maunabo,Jangueo
La Cocina de Juanita,,"13 Cll Antonio R Barcelo #21, Maunabo, 00707, Puerto Rico",18.0066736,-65.8994826,Maunabo,Jangueo
Family's Pizza,,"7 Cll Antonio Arroyo, Maunabo, 00707, Puerto Rico",18.0076892,-65.8982025,Maunabo,Jangueo
La Lomita del Sueño de un Jibarito,,"2425+JQ8, PR-901, Maunabo, 00707, Puerto Rico",18.0015435,-65.89055890000002,Maunabo,Jangueo
El Túnel Lucky Cash,,"El Tunel Car Wash, Av. 65 de Infantería, San Juan, 00926, Puerto Rico",18.3943359,-66.03405130000002,Maunabo,Jangueo
Salseo Restaurant,,"2437+4C3, PR-901, Maunabo, 00707, Puerto Rico",18.0027651,-65.8864662,Maunabo,Restaurantes
El Refugio,,"CW3W+XHJ, Calle, San Juan, 00925, Puerto Rico",18.4049632,-66.05361200000002,Maunabo,Jangueo
Playa Soles Bar & Grill,,"PR-3, Patillas, 00723, Puerto Rico",17.9726111,-65.9489571,Maunabo,Jangueo
Fulbari,,"2442+X7P, Maunabo, 00707, Puerto Rico",18.0074673,-65.8992849,Maunabo,Jangueo
Alcaldía Sport Bar,,"1006 Av. Juan Ponce de León, San Juan, 00924, Puerto Rico",18.4009876,-66.05229510000001,Maunabo,Jangueo
Yoly's Café,,"C288+4P2, PR-190, Carolina, 00983, Puerto Rico",18.4152575,-65.98323429999999,Maunabo,Jangueo
El Ocho de Rio,,"102 Av. Universidad, San Juan, 00925, Puerto Rico",18.4029734,-66.05471949999999,Maunabo,Jangueo
Bar La Línea,,"2399+M23, Maunabo 00707, Puerto Rico",18.0191324,-65.9324393,Maunabo,Jangueo
Studio 54,,"C298+3R9, Carolina, 00983, Puerto Rico",18.4176681,-65.9828899,Maunabo,Jangueo
El CAPORAL,,"9XWJ+M53, San Juan, 00924, Puerto Rico",18.3966413,-66.01958619999999,Maunabo,Jangueo
El Navegante Rest. Naguabo,,"PR-3 km 66.8, Naguabo, 00718, Puerto Rico",18.1894304,-65.7133145,Maunabo,Jangueo
HighlevelSportbar,,"825 Ave Iturregui, San Juan, 00924, Puerto Rico",18.411787,-66.009216,Maunabo,Jangueo
Colmado Guantánamo - Pancho's Pub,,"2432+PXW, Cll A, Maunabo, 00707, Puerto Rico",18.0043726,-65.8975476,Maunabo,Jangueo
Super Benjy's Potatoes Taco & Grill,,"Super Benjys potatoes taco & grill, Naguabo, 00744, Puerto Rico",18.2147012,-65.7326107,Maunabo,Jangueo
Piel Kanela,,"Parcelas Hill Brother, 375 Calle 11, Río Piedras, San Juan 00924, Puerto Rico",18.3945066,-66.0215245,Maunabo,Jangueo
Triángulo,,"75 C. Arzuaga, San Juan, 00925, Puerto Rico",18.3979964,-66.05010109999999,Maunabo,Jangueo
Vicky Sport Bar,,"-989 Puerto Rico, 955 Cll Mirlo, San Juan, 00924, Puerto Rico",18.4077325,-66.0019002,Maunabo,Jangueo
Scryer Rum & Café - Río Piedras,,"107 Av. Universidad, San Juan, 00925, Puerto Rico",18.4032043,-66.0549582,Maunabo,Jangueo
COPAS Restobar,,"Country Club Shopping Plaza Local 7, Av. Roberto Sánchez Vilella, Carolina, 00983, Puerto Rico",18.4150108,-65.9907248,Maunabo,Jangueo
Mojitos Solution Bar & Rest.,,"796 Av. Roberto Sánchez Vilella, San Juan, 00924, Puerto Rico",18.4080781,-66.0017149,Maunabo,Jangueo
Café Borikén,,"52 Av. Universidad, San Juan, 00925, Puerto Rico",18.4029826,-66.054282,Maunabo,Jangueo
El Punto 8 Sport Bar,,"901 Cll Hypolais, San Juan, 00924, Puerto Rico",18.4083342,-66.0077283,Maunabo,Jangueo
Suso's Bar & Rest.,,"219 Av. Eleanor Roosevelt, San Juan, 00918, Puerto Rico",18.4205049,-66.0609972,Maunabo,Jangueo
El Nuevo Milenium,,"236C+56G, Palo Seco, Maunabo 00707, Puerto Rico",18.0104428,-65.9294188,Maunabo,Jangueo
El Mercadito de Luly,,"World Plaza, 268 Av. Luis Muñoz Rivera, San Juan, 00919, Puerto Rico",18.4241186,-66.0588422,Maunabo,Jangueo
BaKno,,"518 Cll 12, San Juan, 00915, Puerto Rico",18.4377313,-66.0539321,Maunabo,Jangueo
Refill Sport Bar,,"990 C. Eider, San Juan, 00924, Puerto Rico",18.4043149,-66.00402679999999,Maunabo,Jangueo
El Columpio,,"185 Av. Lic. Eugenio María de Hostos, San Juan, 00918, Puerto Rico",18.408788,-66.057581,Maunabo,Jangueo
Al Aire Libre,,"9 C. Vela, San Juan, 00918, Puerto Rico",18.4138196,-66.055619,Maunabo,Jangueo
La Esquina de Diego,,"553 Calle de Diego, San Juan, 00901, Puerto Rico",18.3977908,-66.0311442,Maunabo,Jangueo
Casita Hato Rey,,"159 Av. Quisqueya, Caño Martin Peña, San Juan 00918, Puerto Rico",18.4272935,-66.0520452,Maunabo,Jangueo
Vagabundo Social Speakeasy,,"1265 C. Marginal Villamar, Carolina, 00979, Puerto Rico",18.4431544,-66.028471,Maunabo,Jangueo
The Play's Pub,,"622 C. Mónaco #3634, Carolina, 00982, Puerto Rico",18.3989421,-65.98728299999999,Maunabo,Jangueo
Vinny's Restaurant,,"57QQ+9FF, Húcares, Naguabo 00718, Puerto Rico",18.1884326,-65.7113282,Maunabo,Restaurantes
La Cueva del Mar Isla Verde,,"8000 José M. Tartak Ave, Carolina, San Juan 00979, Puerto Rico",18.4393481,-66.0222187,Maunabo,Jangueo
El Nuevo Horizonte,,"8 PR-901, Yabucoa, 00767, Puerto Rico",18.0229611,-65.8503127,Maunabo,Jangueo
Los Makos,,"Húcares, Naguabo 00718, Puerto Rico",18.1881691,-65.7112714,Maunabo,Jangueo
Siria's Cibercafe & Sportbar,,"1060 Monseñor Willians Jones, Esquina Del Parque, Rio Piedras, San Juan, 00925, Puerto Rico",18.3995848,-66.04614430000001,Maunabo,Jangueo
Modelos Bar,,"Cll América, San Juan, 00917, Puerto Rico",18.4239632,-66.05048459999999,Maunabo,Jangueo
Tripleta El Famoso Food Truck,,"Km 79.2, PR-3, Humacao, 00791, Puerto Rico",18.145546,-65.8132372,Maunabo,Food Trucks
Con-Tenedores Food Truck Park,,"45WP+3RH, Bo, Humacao, 00791, Puerto Rico",18.1451794,-65.8128978,Maunabo,Food Trucks
El Chef Pabón,,"Ave Kennedy, Maunabo, 00707, Puerto Rico",18.0056197,-65.901585,Maunabo,Food Trucks
Piedra Dura Burger,,"Ave Kennedy, Maunabo, 00707, Puerto Rico",18.0055619,-65.9024592,Maunabo,Food Trucks
Bakery Box,,"9X8R+MGG, Trujillo Alto, 00976, Puerto Rico",18.3665831,-66.0086367,Maunabo,Postres
La Cocina de Juanita,,"13 Cll Antonio R Barcelo #21, Maunabo, 00707, Puerto Rico",18.0066736,-65.8994826,Maunabo,Postres
Sweet Ann Cakes,,"1225 C. Marginal Villamar, Carolina, 00979, Puerto Rico",18.444405,-66.03162329999999,Maunabo,Postres
Sweet Ann Cakes,,"Avenida COMERIO CC28 Urb. Rio Hondo 3, Bayamón Pueblo, Bayamón 00959, Puerto Rico",18.4185393,-66.164028,Maunabo,Postres
Panadería Family Bakery,,"42 Calle Juan R. Garzot, Naguabo, 00718, Puerto Rico",18.2133751,-65.7358051,Maunabo,Postres
Orlando’s Café,,"26 C. Muñoz Rivera, Maunabo, 00707, Puerto Rico",18.0078269,-65.90037819999999,Maunabo,Postres
Nany’s Cake,,"17 Calle Muñoz Rivera, Naguabo, 00718, Puerto Rico",18.2115841,-65.7353033,Maunabo,Postres
La Lomita del Sueño de un Jibarito,,"2425+JQ8, PR-901, Maunabo, 00707, Puerto Rico",18.0015435,-65.89055890000002,Maunabo,Postres
Heladería Artesanal Jendy's,,"Caguas, 00725, Puerto Rico",18.2452766,-66.0234218,Maunabo,Postres
City Ice Cream Rolls,,"Urb, A1 Cll Reina Isabel, Caguas, 00725, Puerto Rico",18.2518601,-66.037998,Maunabo,Postres
Salseo Restaurant,,"2437+4C3, PR-901, Maunabo, 00707, Puerto Rico",18.0027651,-65.8864662,Maunabo,Restaurantes
Family's Pizza,,"7 Cll Antonio Arroyo, Maunabo, 00707, Puerto Rico",18.0076892,-65.8982025,Maunabo,Postres
Ecuarican Bar Restaurant,,"2367 PR-901, Yabucoa, Maunabo 00707, Puerto Rico",18.0159355,-65.8611679,Maunabo,Restaurantes
Agua Viva Restaurant & Bar,,"Bo. Emajaguas, PR-901, Maunabo, 00707, Puerto Rico",18.0032186,-65.87656299999999,Maunabo,Restaurantes
Rain Sugar Bakery,,"55CP+73, Collores, Humacao 00791, Puerto Rico",18.1699412,-65.8143879,Maunabo,Postres
Panadería Las Villas,,"Caguas, 00727, Puerto Rico",18.2116533,-66.05800959999999,Maunabo,Postres
El Muelle Restaurant Bar & Grill,,"X4R6+MHV, PR-760, Maunabo, 00707, Puerto Rico",17.9917443,-65.8885961,Maunabo,Jangueo
Rico Pan Bakery,,"Zarzal, Río Grande 00745, Puerto Rico",18.3759833,-65.7865388,Maunabo,Postres
Rain Sugar & Cyber Cafe,,"45 Calle Juan R. Garzot, Naguabo, 00718, Puerto Rico",18.2141609,-65.7307677,Maunabo,Postres
La Vía del Chicharrón,,"PR-705, Aguirre, Salinas 00704, Puerto Rico",17.9645986,-66.22725919999999,Maunabo,Postres
La Familia Bakery 2,,"9 Cll 1, Río Grande, 00745, Puerto Rico",18.380001,-65.79342799999999,Maunabo,Postres
Panaderia El Rabanal,,"Carretera 722 Km 6.4 Sec. Rabanal Bo, Aibonito, 00705, Puerto Rico",18.1339172,-66.2496857,Maunabo,Postres
Super Benjy's Potatoes Taco & Grill,,"Super Benjys potatoes taco & grill, Naguabo, 00744, Puerto Rico",18.2147012,-65.7326107,Maunabo,Postres
Las Vistas Café,,"#83 C. 2, Fajardo, 00738, Puerto Rico",18.3675806,-65.62512219999999,Maunabo,Postres
Sweet Ann Cake,,"Doramar Plaza, Maguayo, Dorado 00646, Puerto Rico",18.4231527,-66.2659049,Maunabo,Postres
Palmas Bake & Deli,,"PR-3, Buena Vista, Humacao 00791, Puerto Rico",18.1134926,-65.8217622,Maunabo,Postres
El Callejón,,"2452+34G, C. Muñoz Rivera, Maunabo, 00707, Puerto Rico",18.0076825,-65.899666,Maunabo,Jangueo
Pako Pepe,,"Av. John F. Kennedy Km .1, Maunabo, 00707, Puerto Rico",18.0057504,-65.9025249,Maunabo,Jangueo
El Muelle Restaurant Bar & Grill,,"X4R6+MHV, PR-760, Maunabo, 00707, Puerto Rico",17.9917443,-65.8885961,Maunabo,Jangueo
Agua Viva Restaurant & Bar,,"Bo. Emajaguas, PR-901, Maunabo, 00707, Puerto Rico",18.0032186,-65.87656299999999,Maunabo,Restaurantes
Ecuarican Bar Restaurant,,"2367 PR-901, Yabucoa, Maunabo 00707, Puerto Rico",18.0159355,-65.8611679,Maunabo,Restaurantes
La Lomita del Sueño de un Jibarito,,"2425+JQ8, PR-901, Maunabo, 00707, Puerto Rico",18.0015435,-65.89055890000002,Maunabo,Jangueo
Playa Soles Bar & Grill,,"PR-3, Patillas, 00723, Puerto Rico",17.9726111,-65.9489571,Maunabo,Jangueo
El Puerto Bar and Restaurant,,"X4R6+HH3, PR-760, Emajagua, Maunabo 00707, Puerto Rico",17.9913877,-65.8885801,Maunabo,Restaurantes
El Callejón,,"2452+34G, C. Muñoz Rivera, Maunabo, 00707, Puerto Rico",18.0076825,-65.899666,Maunabo,Jangueo
Ecuarican Bar Restaurant,,"2367 PR-901, Yabucoa, Maunabo 00707, Puerto Rico",18.0159355,-65.8611679,Maunabo,Restaurantes
El Muelle Restaurant Bar & Grill,,"X4R6+MHV, PR-760, Maunabo, 00707, Puerto Rico",17.9917443,-65.8885961,Maunabo,Jangueo
Agua Viva Restaurant & Bar,,"Bo. Emajaguas, PR-901, Maunabo, 00707, Puerto Rico",18.0032186,-65.87656299999999,Maunabo,Restaurantes
Rincón Jueyero Sport Bar,,"47 C. Muñoz Rivera, Maunabo, 00707, Puerto Rico",18.0075149,-65.8993835,Maunabo,Jangueo
Pako Pepe,,"Av. John F. Kennedy Km .1, Maunabo, 00707, Puerto Rico",18.0057504,-65.9025249,Maunabo,Jangueo
BAGUAS BAR & RESTAURANT,,"Bo. Emajaguas, PR-901, Maunabo, 00707, Puerto Rico",18.0022529,-65.8768773,Maunabo,Restaurantes
Restaurante Paisajes Curet,,"PR-3, Maunabo, 00707, Puerto Rico",17.9803662,-65.9103954,Maunabo,Restaurantes
Playa Soles Bar & Grill,,"PR-3, Patillas, 00723, Puerto Rico",17.9726111,-65.9489571,Maunabo,Jangueo
Pika's Spot & Bar,,"X2J6+437, PR-3, Patillas, 00723, Puerto Rico",17.9802835,-65.989826,Maunabo,Jangueo
El Puerto Bar and Restaurant,,"X4R6+HH3, PR-760, Emajagua, Maunabo 00707, Puerto Rico",17.9913877,-65.8885801,Maunabo,Restaurantes
La Lomita del Sueño de un Jibarito,,"2425+JQ8, PR-901, Maunabo, 00707, Puerto Rico",18.0015435,-65.89055890000002,Maunabo,Jangueo
Salseo Restaurant,,"2437+4C3, PR-901, Maunabo, 00707, Puerto Rico",18.0027651,-65.8864662,Maunabo,Restaurantes
Los Moralitos Sunset Bar & Grill - Restaurant,,"Carr 3, bo km 113.5, Patillas 00723, Puerto Rico",17.9770873,-65.93060659999999,Maunabo,Jangueo
La Cocina de Juanita,,"13 Cll Antonio R Barcelo #21, Maunabo, 00707, Puerto Rico",18.0066736,-65.8994826,Maunabo,Jangueo
Rafi's Restaurant Bar & Grill,,"187, km 4.5, Loíza, 00772, Puerto Rico",18.457347,-65.9855128,Maunabo,Jangueo
El Cabo,,"PR-187, Carolina, Loíza 00772, Puerto Rico",18.4569308,-65.98541159999999,Maunabo,Jangueo
El Tranque,,"233W+W46, PR-3, Maunabo, 00707, Puerto Rico",18.0047802,-65.9047308,Maunabo,Jangueo
Our House Rest & Bar,,"100 Av. San Patricio ST-10, Guaynabo, 00968, Puerto Rico",18.4081776,-66.1058065,Maunabo,Jangueo
Bohiques Rest & Bar,,"58 Cll Hatillo, San Juan, 00918, Puerto Rico",18.4108905,-66.0550689,Maunabo,Jangueo
La Chefi restaurante y barra,,"402 C. San Agustín, San Juan, 00901, Puerto Rico",18.4641101,-66.0953485,Maunabo,Restaurantes
El Nuevo Horizonte,,"8 PR-901, Yabucoa, 00767, Puerto Rico",18.0229611,-65.8503127,Maunabo,Jangueo
Family's Pizza,,"7 Cll Antonio Arroyo, Maunabo, 00707, Puerto Rico",18.0076892,-65.8982025,Maunabo,Jangueo
El Chapey Sport Bar,,"238V+Q25, PR-750, Maunabo, 00707, Puerto Rico",18.016879,-65.907378,Maunabo,Jangueo
DESARROPE BY Vidy's,,"104 Av. Universidad, San Juan, 00925, Puerto Rico",18.4029816,-66.0548271,Maunabo,Jangueo
Oasis Tapas & Lounge,,"Puerto Rico 6, 4 Condado Ave, San Juan, 00907, Puerto Rico",18.4567519,-66.0714175,Maunabo,Jangueo
Pa’L Monte de Villalba,,"4F3M+GW, 18 103805655592993, -66.51497056994464, Villalba, 00766, Puerto Rico",18.1036893,-66.5150379,Villalba,Restaurantes
El Rincón Isleño,,"Carr 149 km 60.9 Bo, Carrera Romero, Villalba, 00766, Puerto Rico",18.0866024,-66.50818699999999,Villalba,Restaurantes
Mesa y Campo Restaurante,,"4GPH+748, PR-151, Villalba, 00766, Puerto Rico",18.1356604,-66.4721651,Villalba,Restaurantes
Coliseo Restaurant,,"4G67+2HG, PR-150, Villalba, 00766, Puerto Rico",18.1100718,-66.4860576,Villalba,Restaurantes
Camino Al Bosque,,"PR-561, Villalba, 00766, Puerto Rico",18.1586252,-66.47678189999999,Villalba,Restaurantes
Hacienda El Mayoral,,"4GM9+9MR, Avenida Principal, Villalba, 00766, Puerto Rico",18.1334858,-66.4808488,Villalba,Restaurantes
El Mangoito Restaurant & Tropical Bar,,"Carretera 563, Villalba 00766, Puerto Rico",18.1577992,-66.4771828,Villalba,Restaurantes
A la Orilla del Río Restaurant PR,,"Unnamed Rd,, Villalba 00766, Puerto Rico",18.1448822,-66.4884948,Villalba,Restaurantes
Artesanale,,"55b Cll Luis Munoz Rivera, Villalba, 00766, Puerto Rico",18.1290912,-66.49232239999999,Villalba,Restaurantes
Dulce Locura,,"KM 58.7 Carretera 149, Villalba, 00766, Puerto Rico",18.1160908,-66.5039043,Villalba,Restaurantes
Alba Biergarten,,"Carretera 149 Bo Km 58.7, Villalba, 00766, Puerto Rico",18.1160908,-66.5039043,Villalba,Restaurantes
Villalba Coffee Bar,,"25 Cll Luis Munoz Rivera, Villalba, 00766, Puerto Rico",18.1289907,-66.4923982,Villalba,Coffee Shops
Luna Coffee & Latin Kitchen,,"352 Av. Américo Miranda, San Juan, 00927, Puerto Rico",18.3996731,-66.0681191,Villalba,Coffee Shops
Bread & Butter Co.,,"34 Calle Barcelo, Villalba, 00766, Puerto Rico",18.130157,-66.4929952,Villalba,Coffee Shops
Pa’L Monte de Villalba,,"4F3M+GW, 18 103805655592993, -66.51497056994464, Villalba, 00766, Puerto Rico",18.1036893,-66.5150379,Villalba,Coffee Shops
Norma's Cafe,,"3GVH+H3F, PR-150, Villalba, 00766, Puerto Rico",18.0939298,-66.4723331,Villalba,Coffee Shops
Boca Boca Generales,,"CX43+5XH, San Juan, 00923, Puerto Rico",18.4053911,-66.0449995,Villalba,Coffee Shops
Espresso Lab Coffee Shop,,"8020 Tartak St Hyatt Centric San Juan, Lobby, 8020 José M. Tartak Ave, Carolina, 00979, Puerto Rico",18.4406718,-66.02198229999999,Villalba,Coffee Shops
Hacienda San Pedro,,"211 Av. Ing. Manuel Domenech, San Juan, 00918, Puerto Rico",18.4151705,-66.0601792,Villalba,Coffee Shops
Hacienda San Pedro,,"1350 Ashford Ave, San Juan, 00907, Puerto Rico",18.4550466,-66.0690455,Villalba,Coffee Shops
Starbene Caffe,,"4008 The Mall of San Juan Blvd #1000, San Juan, 00924, Puerto Rico",18.4124832,-66.0258967,Villalba,Coffee Shops
Hacienda San Pedro,,"318 Avenida José de Diego, San Juan, 00923, Puerto Rico",18.4469101,-66.0679083,Villalba,Coffee Shops
Café Comunión,,"1616 PR-25, San Juan, 00909, Puerto Rico",18.4439231,-66.0657765,Villalba,Coffee Shops
Alba Bakery,,"Carr 149, Villalba, 00766, Puerto Rico",18.1291267,-66.52017219999999,Villalba,Coffee Shops
Sin Prisa Coffee Shop,,"1804 C. Loíza, San Juan, 00911, Puerto Rico",18.4514175,-66.05944769999999,Villalba,Coffee Shops
Hazel Bar,,"1000 122 The Mall of San Juan Blvd, San Juan, 00926, Puerto Rico",18.4124925,-66.02525179999999,Villalba,Coffee Shops
Dulce Locura,,"KM 58.7 Carretera 149, Villalba, 00766, Puerto Rico",18.1160908,-66.5039043,Villalba,Coffee Shops
Paolo's Coffee,,"401 C. del Parque, San Juan, 00912, Puerto Rico",18.4452617,-66.0658325,Villalba,Coffee Shops
Cafeto,,"#k103, 1000 The Mall of San Juan Blvd, San Juan, 00924, Puerto Rico",18.4123507,-66.0260881,Villalba,Coffee Shops
Salón Café - Av. Domenech,,"Las Américas Professional Center 400 Ave Domenech 104 A-B, San Juan, 00918, Puerto Rico",18.4126423,-66.0692876,Villalba,Coffee Shops
Gustos Coffee,,"CXPV+97M, Arrivals Ave, Carolina, 00979, Puerto Rico",18.4360159,-66.0072387,Villalba,Coffee Shops
Café La Estación,,"Ave. 65 Infanteria. Km 6.8 Int. PR-887 San Anton, Carolina, 00985, Puerto Rico",18.3979982,-65.9894111,Villalba,Coffee Shops
Villalba Bakery,,"4FCX+824, Carretera 149, Villalba, 00766, Puerto Rico",18.1207642,-66.5024339,Villalba,Coffee Shops
EmpanadisimasPR,,"GK-44, Av. Roberto Sánchez Vilella, Carolina, 00982, Puerto Rico",18.4126819,-65.9982888,Villalba,Coffee Shops
"Pitirre Cafe Miramar, San Juan",,"FW3C+XG8, San Juan, 00907, Puerto Rico",18.4547222,-66.0785782,Villalba,Coffee Shops
IUPICOOP Café,,"Centro de Estudiantes, Av. Universidad, San Juan, 00925, Puerto Rico",18.4044689,-66.04720429999999,Villalba,Coffee Shops
Hacienda San Pedro,,"CWGR+MP3 Popular Center, Av. Luis Muñoz Rivera, San Juan, 00917, Puerto Rico",18.4266438,-66.05819629999999,Villalba,Coffee Shops
Hornofino Coffee Shop,,"Cupey Professional Mall, C. San Claudio, San Juan, 00926, Puerto Rico",18.3796425,-66.05394559999999,Villalba,Coffee Shops
El Brother Café,,"777-779 Av. Roberto Sánchez Vilella, San Juan, 00924, Puerto Rico",18.4090009,-66.00070939999999,Villalba,Coffee Shops
Dream Coffee,,"PR-693, Dorado, Vega Alta 00646, Puerto Rico",18.4674284,-66.33339029999999,Villalba,Coffee Shops
Tierra Adentro Coffee Shop,,"Calle Sta. Águeda, San Juan, 00926, Puerto Rico",18.3740435,-66.0543423,Villalba,Coffee Shops
Café Consciente,,"171 C. O'Neill, San Juan, 00918, Puerto Rico",18.4229816,-66.0624776,Villalba,Coffee Shops
Morena Coffee Express,,"PR-176 KM 1.4, San Juan, 00926, Puerto Rico",18.3808964,-66.0557651,Villalba,Coffee Shops
Pasajero 17 @ EnBeta,,"5 Esquina, 1135 C. 2 Suite 1, San Juan, 00927, Puerto Rico",18.3909641,-66.0693564,Villalba,Coffee Shops
Cafe Riaza,,"555 Av. Barbosa, San Juan, 00917, Puerto Rico",18.4161247,-66.0429252,Villalba,Coffee Shops
Panismo,,"1054 C. González, San Juan, 00925, Puerto Rico",18.4001112,-66.05302859999999,Villalba,Coffee Shops
Coliseo Restaurant,,"4G67+2HG, PR-150, Villalba, 00766, Puerto Rico",18.1100718,-66.4860576,Villalba,Restaurantes
El Cielo Coffee Shop,,"2250 Calle Celestial, Carolina, 00979, Puerto Rico",18.4316011,-66.00585749999999,Villalba,Coffee Shops
Hacienda Muñoz,,"Carr. 181, Bo km 37, San Lorenzo 00754, Puerto Rico",18.2127504,-65.9622182,Villalba,Coffee Shops
Paseo Coffee Shop,,"154 P.º de Diego, San Juan, 00925, Puerto Rico",18.3982305,-66.0476094,Villalba,Coffee Shops
Café Cola'o,,"C. Marina, San Juan, 00901, Puerto Rico",18.463489,-66.1129937,Villalba,Coffee Shops
Caffè Di Kai,,"Carretera 150 km 5.7, Villalba, 00766, Puerto Rico",18.0976303,-66.4843902,Villalba,Coffee Shops
Buñis café,,"4F4V+PMG, Carretera 149, Villalba, 00766, Puerto Rico",18.1056259,-66.5054392,Villalba,Coffee Shops
Delicias Al Paladar,,"4GG2+9RX, C. Felix L Hernandez Morales, Villalba, 00766, Puerto Rico",18.1289388,-66.493852,Villalba,Coffee Shops
Barrita El Tamarindo,,"4GXG+QWF, Unnamed Road, Villalba, 00766, Puerto Rico",18.1494352,-66.47268869999999,Villalba,Coffee Shops
El Maestro de los Sándwiches,,"Bo Romero, 550 Carretera 149 Int 550, Villalba, 00766, Puerto Rico",18.0862725,-66.5071969,Villalba,Coffee Shops
El limon bar and restaurante,,"4GC2+PH3, Villalba, 00766, Puerto Rico",18.1217554,-66.4985787,Villalba,Restaurantes
K-feína Coffee Shop Manatí,,"PR-64Sxtfg3, Manatí, 00674, Puerto Rico",18.3792624,-66.4835458,Villalba,Coffee Shops
El Bambú (El Culito de David),,"Cll Mc Jones Km 1.0, Villalba, 00766, Puerto Rico",18.1289617,-66.4836225,Villalba,Coffee Shops
Cafecito del Bosque,,"Puerto Rico 143 KM 30.7 Bo, Orocovis 00720, Puerto Rico",18.1659529,-66.5014169,Villalba,Coffee Shops
El buen comer,,"CX78+M65, C. Dr. Rafael López Sicardo, San Juan, 00923, Puerto Rico",18.4141351,-66.0343771,Villalba,Coffee Shops
Mesa y Campo Restaurante,,"4GPH+748, PR-151, Villalba, 00766, Puerto Rico",18.1356604,-66.4721651,Villalba,Restaurantes
La Medica Barra de Cafe By Zinnia,,"L 583 Ave Pontezuela, Carolina, 00983, Puerto Rico",18.4265051,-65.9829383,Villalba,Coffee Shops
Peacock Coffee Bar,,"The River Village at Ciudad Jardin, Gurabo 00778, Puerto Rico",18.2496462,-65.9477662,Villalba,Coffee Shops
Camino Al Bosque,,"PR-561, Villalba, 00766, Puerto Rico",18.1586252,-66.47678189999999,Villalba,Coffee Shops
La Bodeguita,,"5961 Av. Isla Verde, Carolina, 00979, Puerto Rico",18.4431903,-66.0195739,Villalba,Coffee Shops
Café Tres Picachos,,"PR-144, Ramal 539 Kilometro 2.7, Jayuya, 00664, Puerto Rico",18.1892855,-66.56183,Villalba,Coffee Shops
The Little House Sport Bar and Grill,,"KM 58.7, 149 Carr 149R, Villalba, 00766, Puerto Rico",18.1158113,-66.50413759999999,Villalba,Jangueo
Panaderia Del Barrio,,"Bo vacas sector La Pulga carr 561 (26,84 km, Villalba, 00766, Puerto Rico",18.1314097,-66.48046570000001,Villalba,Coffee Shops
El Mangoito Restaurant & Tropical Bar,,"Carretera 563, Villalba 00766, Puerto Rico",18.1577992,-66.4771828,Villalba,Restaurantes
Hacienda San Pedro Jayuya,,"US, Carretera 144 Km 8.4, Jayuya, 00664, Puerto Rico",18.213744,-66.56579099999999,Villalba,Coffee Shops
Bread & Butter Co.,,"34 Calle Barcelo, Villalba, 00766, Puerto Rico",18.130157,-66.4929952,Villalba,Panaderías
Alba Bakery,,"Carr 149, Villalba, 00766, Puerto Rico",18.1291267,-66.52017219999999,Villalba,Panaderías
Villalba Bakery,,"4FCX+824, Carretera 149, Villalba, 00766, Puerto Rico",18.1207642,-66.5024339,Villalba,Panaderías
Panadería La Vega,,"4GH6+9C6, Cll Mc Jones, Villalba, 00766, Puerto Rico",18.1284138,-66.48899899999999,Villalba,Panaderías
Hatillo Bakery,,"Hc 01 Box 7832, Villalba, Puerto Rico, Villalba 00766, Puerto Rico",18.1122559,-66.4848176,Villalba,Panaderías
Panaderia Del Barrio,,"Bo vacas sector La Pulga carr 561 (26,84 km, Villalba, 00766, Puerto Rico",18.1314097,-66.48046570000001,Villalba,Panaderías
Bollo Boricua,,"Carr 150 Km 3 Hm 6 Hato Puerco, Villalba, 00766, Puerto Rico",18.1120981,-66.4845282,Villalba,Panaderías
The Little House Sport Bar and Grill,,"KM 58.7, 149 Carr 149R, Villalba, 00766, Puerto Rico",18.1158113,-66.50413759999999,Villalba,Jangueo
Las Copitas Sport Bar,,"Bo palmarejo, Carretera 149, Villalba, 00766, Puerto Rico",18.1375472,-66.4998549,Villalba,Jangueo
La Casita Bar,,"Carretera 149, Villalba, 00766, Puerto Rico",18.1156418,-66.5041899,Villalba,Jangueo
Pa’L Monte de Villalba,,"4F3M+GW, 18 103805655592993, -66.51497056994464, Villalba, 00766, Puerto Rico",18.1036893,-66.5150379,Villalba,Jangueo
Blue Bar,,"Villalba, 00766, Puerto Rico",18.1305961,-66.4929653,Villalba,Jangueo
Alba Biergarten,,"Carretera 149 Bo Km 58.7, Villalba, 00766, Puerto Rico",18.1160908,-66.5039043,Villalba,Jangueo
El Mangoito Restaurant & Tropical Bar,,"Carretera 563, Villalba 00766, Puerto Rico",18.1577992,-66.4771828,Villalba,Restaurantes
Barrita El Tamarindo,,"4GXG+QWF, Unnamed Road, Villalba, 00766, Puerto Rico",18.1494352,-66.47268869999999,Villalba,Jangueo
La Barrita de Manolo,,"4GG5+X4F, PR-149R, Villalba, 00766, Puerto Rico",18.1274407,-66.492209,Villalba,Jangueo
El Bambú (El Culito de David),,"Cll Mc Jones Km 1.0, Villalba, 00766, Puerto Rico",18.1289617,-66.4836225,Villalba,Jangueo
La Terraza Bar & Kitchen,,"PR-561 Km 6.2, Villalba, 00766, Puerto Rico",18.1544037,-66.4746301,Villalba,Jangueo
El Punto Sport Bar,,"725 C. 15, Villalba, 00766, Puerto Rico",18.1177791,-66.4881316,Villalba,Jangueo
Toa Vaca View,,"3GWC+MP6, PR-150, Villalba, 00766, Puerto Rico",18.096655,-66.4782299,Villalba,Jangueo
The Heritage Sports Bar,,"4GCF+438, Unnamed Road, Villalba, 00766, Puerto Rico",18.1202835,-66.4773092,Villalba,Jangueo
Pa’Pikar y Algo Más Juana Díaz,,"Carr 149 Km 63.0 Int 552 Juana Díaz, Villalba, Juana Díaz 00795, Puerto Rico",18.0772561,-66.4973728,Villalba,Jangueo
The Tranka,,"PR-5550, Villalba 00766, Puerto Rico",18.0880311,-66.5078345,Villalba,Jangueo
The Pantheon,,"4GG2+MRF, Villalba, 00766, Puerto Rico",18.1266938,-66.49794279999999,Villalba,Jangueo
Barrita Manel,,"4GMC+9VQ, PR-151, Villalba, 00766, Puerto Rico",18.1334721,-66.47775419999999,Villalba,Jangueo
El Rincón Isleño,,"Carr 149 km 60.9 Bo, Carrera Romero, Villalba, 00766, Puerto Rico",18.0866024,-66.50818699999999,Villalba,Jangueo
Camino Al Bosque,,"PR-561, Villalba, 00766, Puerto Rico",18.1586252,-66.47678189999999,Villalba,Jangueo
The Tenderete,,"BO CAMARONES 10184 CARR 560 Carr 560 km 0.7, Villalba, 00766, Puerto Rico",18.1246721,-66.4848212,Villalba,Jangueo
Red Pub,,"3F59+9HC, Luis Lloréns Torres, Juana Díaz 00795, Puerto Rico",18.058441,-66.5311066,Villalba,Jangueo
The Flight Park,,"CXPQ+R5G, Carolina, 00979, Puerto Rico",18.4370595,-66.01203989999999,Villalba,Jangueo
the agave,,"Villalba 00766, Puerto Rico",18.1105063,-66.5055656,Villalba,Jangueo
Pal' Barrio Bar & Grill,,"Villalba, 00766, Puerto Rico",18.1259183,-66.4934186,Villalba,Jangueo
Coliseo Restaurant,,"4G67+2HG, PR-150, Villalba, 00766, Puerto Rico",18.1100718,-66.4860576,Villalba,Restaurantes
Pikandela Sport Bar,,"Carr. 149, Tierra Santa, Villalba, 00766, Puerto Rico",18.1215764,-66.5023543,Villalba,Jangueo
Altura 561,,"5G24+2G5, Villalba, 00766, Puerto Rico",18.1500625,-66.4936875,Villalba,Jangueo
El Chinchorro de Aracelis,,"4GJ3+VVH, Carretera 149, Villalba, 00766, Puerto Rico",18.132178,-66.4952776,Villalba,Jangueo
The Hideaway Bar,,"4GJW+Q6, Villalba 00766, Puerto Rico",18.1319151,-66.4544366,Villalba,Jangueo
"VISTAS LOS LAGOS, VILLALBA",,"4FHP+8H, Villalba 00766, Puerto Rico",18.1282979,-66.5135147,Villalba,Jangueo
Nacaguita Sport Bar,,"4F7W+P23, Carretera 149, Villalba, 00766, Puerto Rico",18.1142745,-66.5049631,Villalba,Jangueo
COPAS Restobar,,"Country Club Shopping Plaza Local 7, Av. Roberto Sánchez Vilella, Carolina, 00983, Puerto Rico",18.4150108,-65.9907248,Villalba,Jangueo
La Curva de Gole,,"4GJ7+3C9, PR-151, Villalba, 00766, Puerto Rico",18.1300232,-66.4856586,Villalba,Jangueo
Artesanale,,"55b Cll Luis Munoz Rivera, Villalba, 00766, Puerto Rico",18.1290912,-66.49232239999999,Villalba,Jangueo
Aserradero Bar & Grill,,"4GV8+633, Villalba, 00766, Puerto Rico",18.1430159,-66.4848392,Villalba,Jangueo
Pilón Pilón Bar and Restaurant,,"12 Cll Luis Munoz Rivera, Villalba, 00766, Puerto Rico",18.1289852,-66.49239,Villalba,Restaurantes
Vagabundo Social Speakeasy,,"1265 C. Marginal Villamar, Carolina, 00979, Puerto Rico",18.4431544,-66.028471,Villalba,Jangueo
Mojitos Solution Bar & Rest.,,"796 Av. Roberto Sánchez Vilella, San Juan, 00924, Puerto Rico",18.4080781,-66.0017149,Villalba,Jangueo
El Ocho de Rio,,"102 Av. Universidad, San Juan, 00925, Puerto Rico",18.4029734,-66.05471949999999,Villalba,Jangueo
El Refugio,,"CW3W+XHJ, Calle, San Juan, 00925, Puerto Rico",18.4049632,-66.05361200000002,Villalba,Jangueo
El Túnel Lucky Cash,,"El Tunel Car Wash, Av. 65 de Infantería, San Juan, 00926, Puerto Rico",18.3943359,-66.03405130000002,Villalba,Jangueo
Piel Kanela,,"Parcelas Hill Brother, 375 Calle 11, Río Piedras, San Juan 00924, Puerto Rico",18.3945066,-66.0215245,Villalba,Jangueo
The Commune,,"4GH6+CGR, Cll Mc Jones, Villalba, 00766, Puerto Rico",18.1286769,-66.48861889999999,Villalba,Jangueo
La Casita Pa’l Monte,,"4F3M+GW, Villalba 00766, Puerto Rico",18.1037935,-66.5152135,Villalba,Jangueo
La Esquina de Diego,,"553 Calle de Diego, San Juan, 00901, Puerto Rico",18.3977908,-66.0311442,Villalba,Jangueo
El Punto 8 Sport Bar,,"901 Cll Hypolais, San Juan, 00924, Puerto Rico",18.4083342,-66.0077283,Villalba,Jangueo
Refill Sport Bar,,"990 C. Eider, San Juan, 00924, Puerto Rico",18.4043149,-66.00402679999999,Villalba,Jangueo
Chinchorro,,"4FQQ+MM, Villalba 00766, Puerto Rico",18.1392491,-66.5108296,Villalba,Jangueo
El CAPORAL,,"9XWJ+M53, San Juan, 00924, Puerto Rico",18.3966413,-66.01958619999999,Villalba,Jangueo
Papi Pop Barra Y Colmado,,"4H94+977, PR-5553, Villalba, 00766, Puerto Rico",18.1184088,-66.4443295,Villalba,Jangueo
Jaime Bar and Grill,,"4F5G+6XQ, PR-513, Villalba, 00766, Puerto Rico",18.1080918,-66.5225145,Villalba,Jangueo
Café Borikén,,"52 Av. Universidad, San Juan, 00925, Puerto Rico",18.4029826,-66.054282,Villalba,Jangueo
Vicky Sport Bar,,"-989 Puerto Rico, 955 Cll Mirlo, San Juan, 00924, Puerto Rico",18.4077325,-66.0019002,Villalba,Jangueo
HighlevelSportbar,,"825 Ave Iturregui, San Juan, 00924, Puerto Rico",18.411787,-66.009216,Villalba,Jangueo
Guancha,,"4GC2+H5X, Villalba, 00766, Puerto Rico",18.1217554,-66.4985787,Villalba,Jangueo
La Parada ‘149,,"9 Carretera 149, Villalba, 00766, Puerto Rico",18.0959536,-66.51040189999999,Villalba,Jangueo
La Cantina Karaoke Bar & Restaurant,,"304 Av. Juan Ponce de León, San Juan, 00918, Puerto Rico",18.4245107,-66.0577606,Villalba,Restaurantes
El Mercadito de Luly,,"World Plaza, 268 Av. Luis Muñoz Rivera, San Juan, 00919, Puerto Rico",18.4241186,-66.0588422,Villalba,Jangueo
Miramar Food Truck Park,,"1006 Av. de la Constitución, San Juan, 00907, Puerto Rico",18.4531242,-66.07851149999999,Villalba,Food Trucks
Cupey Food Truck Park,,"PR-176, antes calle Tejas, Ave Victor M Labiosa, San Juan, 00926, Puerto Rico",18.375297,-66.05441569999999,Villalba,Food Trucks
From La Mata Food Truck,,"Zona industrial Sec. El Porton, Barranquitas, 00794, Puerto Rico",18.1842297,-66.29488359999999,Villalba,Food Trucks
Las Jibaritas Food Truck,,"Expreso Trujillo Alto, #181 Urb. Lago Alto, San Juan, Trujillo Alto 00926, Puerto Rico",18.3649428,-66.00714839999999,Villalba,Food Trucks
Tripleta El Famoso Food Truck,,"Km 79.2, PR-3, Humacao, 00791, Puerto Rico",18.145546,-65.8132372,Villalba,Food Trucks
Con-Tenedores Food Truck Park,,"45WP+3RH, Bo, Humacao, 00791, Puerto Rico",18.1451794,-65.8128978,Villalba,Food Trucks
La cocina de ISAAC,,"4FFX+662, Villalba 00766, Puerto Rico",18.1230167,-66.50197159999999,Villalba,Food Trucks
Tierra Del Alba Food Truck,,"Camino Los Ariles, PR-183 KM 10.4, San Lorenzo, 00754, Puerto Rico",18.1824954,-65.9662417,Villalba,Food Trucks
Caguas Food Park,,"190 Ave Bairoa, Caguas, 00725, Puerto Rico",18.2587044,-66.0382711,Villalba,Food Trucks
Las Caras Lindas Foodtruck,,"Caguas Food Park, Ave Bairoa Lote #3, Caguas, 00725, Puerto Rico",18.2589708,-66.03809199999999,Villalba,Food Trucks
Leña Eh Food Truck,,"1006 PR-25, San Juan, 00901, Puerto Rico",18.4530985,-66.0785191,Villalba,Food Trucks
Pa’l Yunque Food Park,,"96CJ+583, 34 1 min, Palmer, Río Grande 00745, Puerto Rico",18.3704101,-65.7692679,Villalba,Food Trucks
La Queenie Food Truck,,"Cll Hibiscus, Ponce, 00716, Puerto Rico",18.0065927,-66.5856916,Villalba,Food Trucks
Cangrejeros Food Truck Park,,"154 C. Eugenio Benítez Castaño, San Juan, 00911, Puerto Rico",18.4483937,-66.0572605,Villalba,Food Trucks
Food Truck Park,,"166 PR-199, Guaynabo, 00969, Puerto Rico",18.3610604,-66.11528609999999,Villalba,Food Trucks
EL CACIQUE FOOD TRUCK,,"6XPC+M8M, Gurabo Ave, Caguas, 00725, Puerto Rico",18.2367411,-66.02933879999999,Villalba,Food Trucks
Malajuntapr,,"190 Ave Bairoa, Caguas, 00725, Puerto Rico",18.2589544,-66.03788519999999,Villalba,Food Trucks
La Chulada Foodtruck,,"La Peseta, km2.0 Av. Alejandrino, Guaynabo, 00969, Puerto Rico",18.3647064,-66.0986716,Villalba,Food Trucks
Dulce Locura,,"KM 58.7 Carretera 149, Villalba, 00766, Puerto Rico",18.1160908,-66.5039043,Villalba,Postres
Bread & Butter Co.,,"34 Calle Barcelo, Villalba, 00766, Puerto Rico",18.130157,-66.4929952,Villalba,Postres
Sweet Ann Cakes,,"1225 C. Marginal Villamar, Carolina, 00979, Puerto Rico",18.444405,-66.03162329999999,Villalba,Postres
Alba Bakery,,"Carr 149, Villalba, 00766, Puerto Rico",18.1291267,-66.52017219999999,Villalba,Postres
Villalba Bakery,,"4FCX+824, Carretera 149, Villalba, 00766, Puerto Rico",18.1207642,-66.5024339,Villalba,Postres
Açaí Lovers Villalba,,"gasolinera total, Carretera 149, Villalba, 00766, Puerto Rico",18.1231286,-66.5019587,Villalba,Postres
Panadería La Vega,,"4GH6+9C6, Cll Mc Jones, Villalba, 00766, Puerto Rico",18.1284138,-66.48899899999999,Villalba,Postres
Dulcería Lelolai,,"Bo. Jagüeyes, PR-149, Villalba, 00766, Puerto Rico",18.1080408,-66.5056656,Villalba,Postres
Sweet House,,"Estados Unidos, 92–98 Calle 3, Villalba, 00766, Puerto Rico",18.1143596,-66.4857485,Villalba,Postres
Repostería Artesanal Laura,,"108 Cll Amador Brall, Camuy, 00627, Puerto Rico",18.4862283,-66.8469336,Villalba,Postres
El Rincón Isleño,,"Carr 149 km 60.9 Bo, Carrera Romero, Villalba, 00766, Puerto Rico",18.0866024,-66.50818699999999,Villalba,Postres
Artesanale,,"55b Cll Luis Munoz Rivera, Villalba, 00766, Puerto Rico",18.1290912,-66.49232239999999,Villalba,Postres
Coliseo Restaurant,,"4G67+2HG, PR-150, Villalba, 00766, Puerto Rico",18.1100718,-66.4860576,Villalba,Restaurantes
Nilrose Cake's and more,,"Urb, Villalba, 00766, Puerto Rico",18.1277806,-66.4902118,Villalba,Postres
Rico Pan Bakery,,"Zarzal, Río Grande 00745, Puerto Rico",18.3759833,-65.7865388,Villalba,Postres
"Savings Center Villalba, LLC",,"4F8W+CC6, PR-149 KM 58.7, Villalba, 00766, Puerto Rico",18.115875,-66.50401699999999,Villalba,Postres
Signora Boutique,,"km 58.2 Carretera 149, Villalba, 00766, Puerto Rico",18.1196899,-66.50262339999999,Villalba,Postres
El Mangoito Restaurant & Tropical Bar,,"Carretera 563, Villalba 00766, Puerto Rico",18.1577992,-66.4771828,Villalba,Restaurantes
The Little House Sport Bar and Grill,,"KM 58.7, 149 Carr 149R, Villalba, 00766, Puerto Rico",18.1158113,-66.50413759999999,Villalba,Jangueo
La Casita Bar,,"Carretera 149, Villalba, 00766, Puerto Rico",18.1156418,-66.5041899,Villalba,Jangueo
Blue Bar,,"Villalba, 00766, Puerto Rico",18.1305961,-66.4929653,Villalba,Jangueo
Pa’L Monte de Villalba,,"4F3M+GW, 18 103805655592993, -66.51497056994464, Villalba, 00766, Puerto Rico",18.1036893,-66.5150379,Villalba,Jangueo
Alba Biergarten,,"Carretera 149 Bo Km 58.7, Villalba, 00766, Puerto Rico",18.1160908,-66.5039043,Villalba,Jangueo
The Hideaway Bar,,"4GJW+Q6, Villalba 00766, Puerto Rico",18.1319151,-66.4544366,Villalba,Jangueo
El Rincón Isleño,,"Carr 149 km 60.9 Bo, Carrera Romero, Villalba, 00766, Puerto Rico",18.0866024,-66.50818699999999,Villalba,Jangueo
Camino Al Bosque,,"PR-561, Villalba, 00766, Puerto Rico",18.1586252,-66.47678189999999,Villalba,Jangueo
Coliseo Restaurant,,"4G67+2HG, PR-150, Villalba, 00766, Puerto Rico",18.1100718,-66.4860576,Villalba,Restaurantes
Mesa y Campo Restaurante,,"4GPH+748, PR-151, Villalba, 00766, Puerto Rico",18.1356604,-66.4721651,Villalba,Restaurantes
Pa'l Monte,,"PR-411 Bo Km 15.9, Rincón, 00677, Puerto Rico",18.3180397,-67.20385499999999,Villalba,Jangueo
Artesanale,,"55b Cll Luis Munoz Rivera, Villalba, 00766, Puerto Rico",18.1290912,-66.49232239999999,Villalba,Jangueo
La Casita Pa’l Monte,,"4F3M+GW, Villalba 00766, Puerto Rico",18.1037935,-66.5152135,Villalba,Jangueo
Pe Erre • Bembé & Sabrosura,,"CWFF+RXJ, Pl. Las Américas, San Juan, 00918, Puerto Rico",18.4245787,-66.07510529999999,Villalba,Jangueo
El Rincón Isleño,,"Carr 149 km 60.9 Bo, Carrera Romero, Villalba, 00766, Puerto Rico",18.0866024,-66.50818699999999,Villalba,Jangueo
Pa’L Monte de Villalba,,"4F3M+GW, 18 103805655592993, -66.51497056994464, Villalba, 00766, Puerto Rico",18.1036893,-66.5150379,Villalba,Jangueo
Barrita El Tamarindo,,"4GXG+QWF, Unnamed Road, Villalba, 00766, Puerto Rico",18.1494352,-66.47268869999999,Villalba,Jangueo
La Terraza Bar & Kitchen,,"PR-561 Km 6.2, Villalba, 00766, Puerto Rico",18.1544037,-66.4746301,Villalba,Jangueo
The Little House Sport Bar and Grill,,"KM 58.7, 149 Carr 149R, Villalba, 00766, Puerto Rico",18.1158113,-66.50413759999999,Villalba,Jangueo
El Mangoito Restaurant & Tropical Bar,,"Carretera 563, Villalba 00766, Puerto Rico",18.1577992,-66.4771828,Villalba,Restaurantes
La Casita Bar,,"Carretera 149, Villalba, 00766, Puerto Rico",18.1156418,-66.5041899,Villalba,Jangueo
Camino Al Bosque,,"PR-561, Villalba, 00766, Puerto Rico",18.1586252,-66.47678189999999,Villalba,Jangueo
La Barrita de Manolo,,"4GG5+X4F, PR-149R, Villalba, 00766, Puerto Rico",18.1274407,-66.492209,Villalba,Jangueo
Bread & Butter Co.,,"34 Calle Barcelo, Villalba, 00766, Puerto Rico",18.130157,-66.4929952,Villalba,Jangueo
A la Orilla del Río Restaurant PR,,"Unnamed Rd,, Villalba 00766, Puerto Rico",18.1448822,-66.4884948,Villalba,Restaurantes
Alba Biergarten,,"Carretera 149 Bo Km 58.7, Villalba, 00766, Puerto Rico",18.1160908,-66.5039043,Villalba,Jangueo
Blue Bar,,"Villalba, 00766, Puerto Rico",18.1305961,-66.4929653,Villalba,Jangueo
Barrita Manel,,"4GMC+9VQ, PR-151, Villalba, 00766, Puerto Rico",18.1334721,-66.47775419999999,Villalba,Jangueo
Coliseo Restaurant,,"4G67+2HG, PR-150, Villalba, 00766, Puerto Rico",18.1100718,-66.4860576,Villalba,Restaurantes
Dulce Locura,,"KM 58.7 Carretera 149, Villalba, 00766, Puerto Rico",18.1160908,-66.5039043,Villalba,Jangueo
Artesanale,,"55b Cll Luis Munoz Rivera, Villalba, 00766, Puerto Rico",18.1290912,-66.49232239999999,Villalba,Jangueo
Pilón Pilón Bar and Restaurant,,"12 Cll Luis Munoz Rivera, Villalba, 00766, Puerto Rico",18.1289852,-66.49239,Villalba,Restaurantes
La Casita Pa’l Monte,,"4F3M+GW, Villalba 00766, Puerto Rico",18.1037935,-66.5152135,Villalba,Jangueo
El Kemazón Restaurant,,"Carretera 570, Villalba, 00766, Puerto Rico",18.1100197,-66.48613689999999,Villalba,Restaurantes
Chinchorro,,"4FQQ+MM, Villalba 00766, Puerto Rico",18.1392491,-66.5108296,Villalba,Jangueo
The Commune,,"4GH6+CGR, Cll Mc Jones, Villalba, 00766, Puerto Rico",18.1286769,-66.48861889999999,Villalba,Jangueo
